filename,filesize,modified,errors,md5,namespace,id,format,version,mime,class,basis,warning,ImageWidth,ImageHeight,TOEGANG_NUMMER,INVNUMMER,FILE_PATH
2/1065.PDF,2087683,2026-03-02T12:48:26Z,,e836e639b090adeda261b79d016953d3,pronom,fmt/354,Acrobat PDF/A - Portable Document Format,1b,application/pdf,Page Description,extension match pdf; byte match at [[0 8] [2083764 44] [2083814 78]] (signature 1/2),,,,2,1065,2/1065.PDF
2/1066.PDF,511605,2026-03-02T12:48:26Z,,8fb95042dbe0a3b38b1715ef08ebf9d9,pronom,fmt/354,Acrobat PDF/A - Portable Document Format,1b,application/pdf,Page Description,extension match pdf; byte match at [[0 8] [507811 44] [507861 78]] (signature 1/2),,,,2,1066,2/1066.PDF
2/1067.PDF,504764,2026-03-02T12:48:26Z,,5d74903fa81d57891d59d8337f106f73,pronom,fmt/354,Acrobat PDF/A - Portable Document Format,1b,application/pdf,Page Description,extension match pdf; byte match at [[0 8] [501030 44] [501080 78]] (signature 1/2),,,,2,1067,2/1067.PDF
2/1068.PDF,1133281,2026-03-02T12:48:26Z,,7c1acd28a31761d2535680b1c3e9e9b3,pronom,fmt/354,Acrobat PDF/A - Portable Document Format,1b,application/pdf,Page Description,extension match pdf; byte match at [[0 8] [1129487 44] [1129537 78]] (signature 1/2),,,,2,1068,2/1068.PDF
2/1069.PDF,1995124,2026-03-02T12:48:26Z,,07481f1b5bf347af2af1b145acb52708,pronom,fmt/354,Acrobat PDF/A - Portable Document Format,1b,application/pdf,Page Description,extension match pdf; byte match at [[0 8] [1991205 44] [1991255 78]] (signature 1/2),,,,2,1069,2/1069.PDF
2/1070.PDF,3415530,2026-03-02T12:48:26Z,,055d33ba03c8807e1dada9f92f42a38f,pronom,fmt/354,Acrobat PDF/A - Portable Document Format,1b,application/pdf,Page Description,extension match pdf; byte match at [[0 8] [3411491 44] [3411541 78]] (signature 1/2),,,,2,1070,2/1070.PDF
2/1071.PDF,3515983,2026-03-02T12:48:26Z,,eb414280e037c5a2048f4d92d42fc718,pronom,fmt/354,Acrobat PDF/A - Portable Document Format,1b,application/pdf,Page Description,extension match pdf; byte match at [[0 8] [3511884 44] [3511934 78]] (signature 1/2),,,,2,1071,2/1071.PDF
2/1072.PDF,1050181,2026-03-02T12:48:26Z,,15532b602a913be41fa88a1d2af703ab,pronom,fmt/354,Acrobat PDF/A - Portable Document Format,1b,application/pdf,Page Description,extension match pdf; byte match at [[0 8] [1046387 44] [1046437 78]] (signature 1/2),,,,2,1072,2/1072.PDF
2/1073.PDF,496027,2026-03-02T12:48:26Z,,d5f3f364a94b297591e6ffd7f1ed85ea,pronom,fmt/354,Acrobat PDF/A - Portable Document Format,1b,application/pdf,Page Description,extension match pdf; byte match at [[0 8] [492293 44] [492343 78]] (signature 1/2),,,,2,1073,2/1073.PDF
2/1074.PDF,2682873,2026-03-02T12:48:26Z,,7522cdf3895927d72bb3ca1ff8ebba4a,pronom,fmt/354,Acrobat PDF/A - Portable Document Format,1b,application/pdf,Page Description,extension match pdf; byte match at [[0 8] [2679015 44] [2679065 78]] (signature 1/2),,,,2,1074,2/1074.PDF
2/1075.PDF,2073179,2026-03-02T12:48:26Z,,a4d2b2c248c9982840be68c64c60966e,pronom,fmt/354,Acrobat PDF/A - Portable Document Format,1b,application/pdf,Page Description,extension match pdf; byte match at [[0 8] [2069321 44] [2069371 78]] (signature 1/2),,,,2,1075,2/1075.PDF
2/1076.PDF,1825035,2026-03-02T12:48:26Z,,f067e4b88489a86dec2bda16bb6ff4a1,pronom,fmt/354,Acrobat PDF/A - Portable Document Format,1b,application/pdf,Page Description,extension match pdf; byte match at [[0 8] [1821116 44] [1821166 78]] (signature 1/2),,,,2,1076,2/1076.PDF
2/1077.PDF,1062001,2026-03-02T12:48:26Z,,7ad8fdfdea5fa199e9c6d4ec1d27ccbf,pronom,fmt/354,Acrobat PDF/A - Portable Document Format,1b,application/pdf,Page Description,extension match pdf; byte match at [[0 8] [1058207 44] [1058257 78]] (signature 1/2),,,,2,1077,2/1077.PDF
2/1077_aanvulling.jpg,6456910,2026-03-02T12:48:44Z,,f3998f8a39c9ed066378752b73a060bc,pronom,fmt/1507,Exchangeable Image File Format (Compressed),2.3.x,image/jpeg,Image (Raster),extension match jpg; byte match at [[0 16] [382 12] [6456908 2]] (signature 2/2),,4128,3904,2,1077,2/1077_aanvulling.jpg
2/1078.PDF,1380404,2026-03-02T12:48:26Z,,537a865f3eddf40a165551f0dc6d5c3e,pronom,fmt/354,Acrobat PDF/A - Portable Document Format,1b,application/pdf,Page Description,extension match pdf; byte match at [[0 8] [1376546 44] [1376596 78]] (signature 1/2),,,,2,1078,2/1078.PDF
2/1079.PDF,2186131,2026-03-02T12:48:27Z,,606d3963aebeeaf0ba2fc5c9def48e6e,pronom,fmt/354,Acrobat PDF/A - Portable Document Format,1b,application/pdf,Page Description,extension match pdf; byte match at [[0 8] [2182273 44] [2182323 78]] (signature 1/2),,,,2,1079,2/1079.PDF
2/1080.PDF,481101,2026-03-02T12:48:27Z,,29ad51dfb9f70b8c9dd9d5288e39397b,pronom,fmt/354,Acrobat PDF/A - Portable Document Format,1b,application/pdf,Page Description,extension match pdf; byte match at [[0 8] [477367 44] [477417 78]] (signature 1/2),,,,2,1080,2/1080.PDF
2/1081.PDF,1142612,2026-03-02T12:48:27Z,,d00e8027c5f05e9a357a86ce6617636f,pronom,fmt/354,Acrobat PDF/A - Portable Document Format,1b,application/pdf,Page Description,extension match pdf; byte match at [[0 8] [1138818 44] [1138868 78]] (signature 1/2),,,,2,1081,2/1081.PDF
2/1082.PDF,2422033,2026-03-02T12:48:27Z,,9564221f0708ce6343260422e0b348de,pronom,fmt/354,Acrobat PDF/A - Portable Document Format,1b,application/pdf,Page Description,extension match pdf; byte match at [[0 8] [2418175 44] [2418225 78]] (signature 1/2),,,,2,1082,2/1082.PDF
2/1083.PDF,599088,2026-03-02T12:48:27Z,,c8027e5016f554fc5274e72496843055,pronom,fmt/354,Acrobat PDF/A - Portable Document Format,1b,application/pdf,Page Description,extension match pdf; byte match at [[0 8] [595354 44] [595404 78]] (signature 1/2),,,,2,1083,2/1083.PDF
2/1084.PDF,1370882,2026-03-02T12:48:27Z,,43ee80c7700eb97ccb15d209a9a1bfc6,pronom,fmt/354,Acrobat PDF/A - Portable Document Format,1b,application/pdf,Page Description,extension match pdf; byte match at [[0 8] [1367024 44] [1367074 78]] (signature 1/2),,,,2,1084,2/1084.PDF
2/1085.PDF,1215927,2026-03-02T12:48:27Z,,d8709856691c8f56048c674e80507956,pronom,fmt/354,Acrobat PDF/A - Portable Document Format,1b,application/pdf,Page Description,extension match pdf; byte match at [[0 8] [1212133 44] [1212183 78]] (signature 1/2),,,,2,1085,2/1085.PDF
2/1086.PDF,1080612,2026-03-02T12:48:27Z,,4b111e40e784c635a803d8e592c4cd0c,pronom,fmt/354,Acrobat PDF/A - Portable Document Format,1b,application/pdf,Page Description,extension match pdf; byte match at [[0 8] [1076818 44] [1076868 78]] (signature 1/2),,,,2,1086,2/1086.PDF
2/1087.PDF,3476928,2026-03-02T12:48:27Z,,b5446780049a7238f81fd743c77dd879,pronom,fmt/354,Acrobat PDF/A - Portable Document Format,1b,application/pdf,Page Description,extension match pdf; byte match at [[0 8] [3473009 44] [3473059 78]] (signature 1/2),,,,2,1087,2/1087.PDF
2/1088.PDF,984213,2026-03-02T12:48:27Z,,e7510dd60b11a02b91b3db293a21bdd0,pronom,fmt/354,Acrobat PDF/A - Portable Document Format,1b,application/pdf,Page Description,extension match pdf; byte match at [[0 8] [980355 44] [980405 78]] (signature 1/2),,,,2,1088,2/1088.PDF
2/1089.PDF,2622175,2026-03-02T12:48:27Z,,fc5836229eae8888472a220c5ed6a42b,pronom,fmt/354,Acrobat PDF/A - Portable Document Format,1b,application/pdf,Page Description,extension match pdf; byte match at [[0 8] [2618317 44] [2618367 78]] (signature 1/2),,,,2,1089,2/1089.PDF
2/1090.PDF,3064096,2026-03-02T12:48:27Z,,23dee6ae9003f49b5c55bf18af85a1ae,pronom,fmt/354,Acrobat PDF/A - Portable Document Format,1b,application/pdf,Page Description,extension match pdf; byte match at [[0 8] [3059997 44] [3060047 78]] (signature 1/2),,,,2,1090,2/1090.PDF
2/1091.PDF,7012485,2026-03-02T12:48:27Z,,1c0ff6d9cb1d4ca7e8abf384bd69ad54,pronom,fmt/354,Acrobat PDF/A - Portable Document Format,1b,application/pdf,Page Description,extension match pdf; byte match at [[0 8] [7008206 44] [7008256 78]] (signature 1/2),,,,2,1091,2/1091.PDF
2/1092.PDF,4640320,2026-03-02T12:48:27Z,,143d667c1074533708ba60c74d212c98,pronom,fmt/354,Acrobat PDF/A - Portable Document Format,1b,application/pdf,Page Description,extension match pdf; byte match at [[0 8] [4636041 44] [4636091 78]] (signature 1/2),,,,2,1092,2/1092.PDF
2/1093.PDF,4542892,2026-03-02T12:48:27Z,,10a78258448e92b5a928b96210f35e16,pronom,fmt/354,Acrobat PDF/A - Portable Document Format,1b,application/pdf,Page Description,extension match pdf; byte match at [[0 8] [4538673 44] [4538723 78]] (signature 1/2),,,,2,1093,2/1093.PDF
2/1094.PDF,3222208,2026-03-02T12:48:27Z,,5a9b254e939bd21a9480c3e3ed2b42ab,pronom,fmt/354,Acrobat PDF/A - Portable Document Format,1b,application/pdf,Page Description,extension match pdf; byte match at [[0 8] [3218169 44] [3218219 78]] (signature 1/2),,,,2,1094,2/1094.PDF
2/1095.PDF,2621519,2026-03-02T12:48:27Z,,dce093c1d59344901e0163c3d15652cc,pronom,fmt/354,Acrobat PDF/A - Portable Document Format,1b,application/pdf,Page Description,extension match pdf; byte match at [[0 8] [2617540 44] [2617590 78]] (signature 1/2),,,,2,1095,2/1095.PDF
2/1096.PDF,1885066,2026-03-02T12:48:27Z,,64ad27af320be54912e50f4a54050267,pronom,fmt/354,Acrobat PDF/A - Portable Document Format,1b,application/pdf,Page Description,extension match pdf; byte match at [[0 8] [1881147 44] [1881197 78]] (signature 1/2),,,,2,1096,2/1096.PDF
2/1097.PDF,2404382,2026-03-02T12:48:27Z,,f93cb87cfc6cd99908d1b23fd0ab8cfd,pronom,fmt/354,Acrobat PDF/A - Portable Document Format,1b,application/pdf,Page Description,extension match pdf; byte match at [[0 8] [2400403 44] [2400453 78]] (signature 1/2),,,,2,1097,2/1097.PDF
2/1098.PDF,2518820,2026-03-02T12:48:27Z,,834c3f2c7f893577e033e1762eac8e96,pronom,fmt/354,Acrobat PDF/A - Portable Document Format,1b,application/pdf,Page Description,extension match pdf; byte match at [[0 8] [2514841 44] [2514891 78]] (signature 1/2),,,,2,1098,2/1098.PDF
2/1099.PDF,1917993,2026-03-02T12:48:27Z,,4dc8e20beeb39d865cb848e9df5156de,pronom,fmt/354,Acrobat PDF/A - Portable Document Format,1b,application/pdf,Page Description,extension match pdf; byte match at [[0 8] [1914074 44] [1914124 78]] (signature 1/2),,,,2,1099,2/1099.PDF
2/1100.PDF,1300377,2026-03-02T12:48:27Z,,7b6e7f3f4bdf0fc801f67616e526d9d0,pronom,fmt/354,Acrobat PDF/A - Portable Document Format,1b,application/pdf,Page Description,extension match pdf; byte match at [[0 8] [1296519 44] [1296569 78]] (signature 1/2),,,,2,1100,2/1100.PDF
2/1101.PDF,2331920,2026-03-02T12:48:27Z,,05a30d24cad15acc8d1be047f7979493,pronom,fmt/354,Acrobat PDF/A - Portable Document Format,1b,application/pdf,Page Description,extension match pdf; byte match at [[0 8] [2327941 44] [2327991 78]] (signature 1/2),,,,2,1101,2/1101.PDF
2/1102.PDF,2243432,2026-03-02T12:48:27Z,,d494946c25fbd1d383a61932af4cc98d,pronom,fmt/354,Acrobat PDF/A - Portable Document Format,1b,application/pdf,Page Description,extension match pdf; byte match at [[0 8] [2239513 44] [2239563 78]] (signature 1/2),,,,2,1102,2/1102.PDF
2/1103.PDF,1033172,2026-03-02T12:48:27Z,,45cefdf9b39044ba70b2354b2219f729,pronom,fmt/354,Acrobat PDF/A - Portable Document Format,1b,application/pdf,Page Description,extension match pdf; byte match at [[0 8] [1029378 44] [1029428 78]] (signature 1/2),,,,2,1103,2/1103.PDF
2/1104.PDF,3831220,2026-03-02T12:48:27Z,,1a77f3898960c4cd6d1d018eb13fec25,pronom,fmt/354,Acrobat PDF/A - Portable Document Format,1b,application/pdf,Page Description,extension match pdf; byte match at [[0 8] [3827061 44] [3827111 78]] (signature 1/2),,,,2,1104,2/1104.PDF
2/1105.PDF,1675629,2026-03-02T12:48:27Z,,545c1b98a3138bd83b53eef07aa54343,pronom,fmt/354,Acrobat PDF/A - Portable Document Format,1b,application/pdf,Page Description,extension match pdf; byte match at [[0 8] [1671710 44] [1671760 78]] (signature 1/2),,,,2,1105,2/1105.PDF
2/1106.PDF,3422928,2026-03-02T12:48:27Z,,5881f42966c80401f66653f725ab9999,pronom,fmt/354,Acrobat PDF/A - Portable Document Format,1b,application/pdf,Page Description,extension match pdf; byte match at [[0 8] [3418829 44] [3418879 78]] (signature 1/2),,,,2,1106,2/1106.PDF
2/1107.PDF,2580209,2026-03-02T12:48:27Z,,8cd3fff73504c049a46ff621761d4b62,pronom,fmt/354,Acrobat PDF/A - Portable Document Format,1b,application/pdf,Page Description,extension match pdf; byte match at [[0 8] [2576230 44] [2576280 78]] (signature 1/2),,,,2,1107,2/1107.PDF
2/1108.PDF,2307107,2026-03-02T12:48:28Z,,471a528c6ae2c3cc3b3f73a663038515,pronom,fmt/354,Acrobat PDF/A - Portable Document Format,1b,application/pdf,Page Description,extension match pdf; byte match at [[0 8] [2303128 44] [2303178 78]] (signature 1/2),,,,2,1108,2/1108.PDF
2/1109.PDF,3086478,2026-03-02T12:48:28Z,,9eb1061f3d8c3f320f5cf20ab70316c9,pronom,fmt/354,Acrobat PDF/A - Portable Document Format,1b,application/pdf,Page Description,extension match pdf; byte match at [[0 8] [3082499 44] [3082549 78]] (signature 1/2),,,,2,1109,2/1109.PDF
2/1110.PDF,2706476,2026-03-02T12:48:28Z,,3329cfe2b1b4cb7d8f6274e947cad230,pronom,fmt/354,Acrobat PDF/A - Portable Document Format,1b,application/pdf,Page Description,extension match pdf; byte match at [[0 8] [2702497 44] [2702547 78]] (signature 1/2),,,,2,1110,2/1110.PDF
2/1111.PDF,1397841,2026-03-02T12:48:28Z,,2fbd2341a31a016017c675b8daae255e,pronom,fmt/354,Acrobat PDF/A - Portable Document Format,1b,application/pdf,Page Description,extension match pdf; byte match at [[0 8] [1393983 44] [1394033 78]] (signature 1/2),,,,2,1111,2/1111.PDF
2/1112.PDF,3869025,2026-03-02T12:48:28Z,,55aa688a8cc1c6800d62316fa1ea9962,pronom,fmt/354,Acrobat PDF/A - Portable Document Format,1b,application/pdf,Page Description,extension match pdf; byte match at [[0 8] [3865046 44] [3865096 78]] (signature 1/2),,,,2,1112,2/1112.PDF
2/1113.PDF,2958836,2026-03-02T12:48:28Z,,4faccd9eb39cd3f85674ca1ac4f76448,pronom,fmt/354,Acrobat PDF/A - Portable Document Format,1b,application/pdf,Page Description,extension match pdf; byte match at [[0 8] [2954857 44] [2954907 78]] (signature 1/2),,,,2,1113,2/1113.PDF
2/1114.PDF,2733610,2026-03-02T12:48:28Z,,880d9280623d75e56a14878b5ecc0e36,pronom,fmt/354,Acrobat PDF/A - Portable Document Format,1b,application/pdf,Page Description,extension match pdf; byte match at [[0 8] [2729691 44] [2729741 78]] (signature 1/2),,,,2,1114,2/1114.PDF
2/1115.PDF,2538952,2026-03-02T12:48:28Z,,97775b831026235f737881dcce386f48,pronom,fmt/354,Acrobat PDF/A - Portable Document Format,1b,application/pdf,Page Description,extension match pdf; byte match at [[0 8] [2534973 44] [2535023 78]] (signature 1/2),,,,2,1115,2/1115.PDF
2/1116.PDF,4415289,2026-03-02T12:48:28Z,,96b7aa6697fe248b5a74519f285b725f,pronom,fmt/354,Acrobat PDF/A - Portable Document Format,1b,application/pdf,Page Description,extension match pdf; byte match at [[0 8] [4411250 44] [4411300 78]] (signature 1/2),,,,2,1116,2/1116.PDF
2/1117.PDF,1442456,2026-03-02T12:48:28Z,,47888cfe13c634430d8e75bf6592daa7,pronom,fmt/354,Acrobat PDF/A - Portable Document Format,1b,application/pdf,Page Description,extension match pdf; byte match at [[0 8] [1438598 44] [1438648 78]] (signature 1/2),,,,2,1117,2/1117.PDF
2/1118.PDF,2852755,2026-03-02T12:48:28Z,,30d3c81197852d0bba01e9dacd9ca866,pronom,fmt/354,Acrobat PDF/A - Portable Document Format,1b,application/pdf,Page Description,extension match pdf; byte match at [[0 8] [2848776 44] [2848826 78]] (signature 1/2),,,,2,1118,2/1118.PDF
2/1119.PDF,2331436,2026-03-02T12:48:28Z,,68b8151aec33d5cb13ecf05e1d4dab31,pronom,fmt/354,Acrobat PDF/A - Portable Document Format,1b,application/pdf,Page Description,extension match pdf; byte match at [[0 8] [2327457 44] [2327507 78]] (signature 1/2),,,,2,1119,2/1119.PDF
2/1120.PDF,6486988,2026-03-02T12:48:28Z,,92975a4c03a61d2a9a22abef6ad0f781,pronom,fmt/354,Acrobat PDF/A - Portable Document Format,1b,application/pdf,Page Description,extension match pdf; byte match at [[0 8] [6482889 44] [6482939 78]] (signature 1/2),,,,2,1120,2/1120.PDF
2/1121.PDF,1574615,2026-03-02T12:48:28Z,,6e7b928fea1c6233331eb7e904ea01bd,pronom,fmt/354,Acrobat PDF/A - Portable Document Format,1b,application/pdf,Page Description,extension match pdf; byte match at [[0 8] [1570757 44] [1570807 78]] (signature 1/2),,,,2,1121,2/1121.PDF
2/1122.PDF,2591237,2026-03-02T12:48:28Z,,9d70a7af3d976c4423e850f2fc69f8e3,pronom,fmt/354,Acrobat PDF/A - Portable Document Format,1b,application/pdf,Page Description,extension match pdf; byte match at [[0 8] [2587318 44] [2587368 78]] (signature 1/2),,,,2,1122,2/1122.PDF
2/1123.PDF,6500576,2026-03-02T12:48:28Z,,5ce4de0d270e83c658378611823c1e69,pronom,fmt/354,Acrobat PDF/A - Portable Document Format,1b,application/pdf,Page Description,extension match pdf; byte match at [[0 8] [6496597 44] [6496647 78]] (signature 1/2),,,,2,1123,2/1123.PDF
2/1124.PDF,1779895,2026-03-02T12:48:28Z,,0c5f9b8c5960d95156bcadd213e4ff7d,pronom,fmt/354,Acrobat PDF/A - Portable Document Format,1b,application/pdf,Page Description,extension match pdf; byte match at [[0 8] [1775976 44] [1776026 78]] (signature 1/2),,,,2,1124,2/1124.PDF
2/1125.PDF,3685879,2026-03-02T12:48:28Z,,c52e9463c59abd30836ddc21455ef3d7,pronom,fmt/354,Acrobat PDF/A - Portable Document Format,1b,application/pdf,Page Description,extension match pdf; byte match at [[0 8] [3681960 44] [3682010 78]] (signature 1/2),,,,2,1125,2/1125.PDF
2/1126.PDF,7123758,2026-03-02T12:48:28Z,,ded5007354285b9979c20dbaf716fb33,pronom,fmt/354,Acrobat PDF/A - Portable Document Format,1b,application/pdf,Page Description,extension match pdf; byte match at [[0 8] [7119299 44] [7119349 78]] (signature 1/2),,,,2,1126,2/1126.PDF
2/1127.PDF,2203638,2026-03-02T12:48:28Z,,a733a429581ccd11f04e02ba2290bd79,pronom,fmt/354,Acrobat PDF/A - Portable Document Format,1b,application/pdf,Page Description,extension match pdf; byte match at [[0 8] [2199719 44] [2199769 78]] (signature 1/2),,,,2,1127,2/1127.PDF
2/1128.PDF,1418652,2026-03-02T12:48:28Z,,043643ed3a23768d133233088b3197d3,pronom,fmt/354,Acrobat PDF/A - Portable Document Format,1b,application/pdf,Page Description,extension match pdf; byte match at [[0 8] [1414794 44] [1414844 78]] (signature 1/2),,,,2,1128,2/1128.PDF
2/1129.PDF,1373546,2026-03-02T12:48:28Z,,054fc92cf818aca8a359e5c0ad698a59,pronom,fmt/354,Acrobat PDF/A - Portable Document Format,1b,application/pdf,Page Description,extension match pdf; byte match at [[0 8] [1369688 44] [1369738 78]] (signature 1/2),,,,2,1129,2/1129.PDF
2/1130.PDF,1682601,2026-03-02T12:48:28Z,,b201720af49e0dc8c85bea38bc845311,pronom,fmt/354,Acrobat PDF/A - Portable Document Format,1b,application/pdf,Page Description,extension match pdf; byte match at [[0 8] [1678743 44] [1678793 78]] (signature 1/2),,,,2,1130,2/1130.PDF
2/1131.PDF,3190748,2026-03-02T12:48:28Z,,e6eebbdf6ff90e6ac155367d8b71f222,pronom,fmt/354,Acrobat PDF/A - Portable Document Format,1b,application/pdf,Page Description,extension match pdf; byte match at [[0 8] [3186769 44] [3186819 78]] (signature 1/2),,,,2,1131,2/1131.PDF
2/1132.PDF,1711039,2026-03-02T12:48:28Z,,841517932bcc80798f187eed1aae35be,pronom,fmt/354,Acrobat PDF/A - Portable Document Format,1b,application/pdf,Page Description,extension match pdf; byte match at [[0 8] [1707181 44] [1707231 78]] (signature 1/2),,,,2,1132,2/1132.PDF
2/1133.PDF,3409857,2026-03-02T12:48:28Z,,68637c7aea93bac326c68b1dfca37479,pronom,fmt/354,Acrobat PDF/A - Portable Document Format,1b,application/pdf,Page Description,extension match pdf; byte match at [[0 8] [3405878 44] [3405928 78]] (signature 1/2),,,,2,1133,2/1133.PDF
2/1134.PDF,2747074,2026-03-02T12:48:28Z,,dae15e5db2d9091d1139373c594c20e3,pronom,fmt/354,Acrobat PDF/A - Portable Document Format,1b,application/pdf,Page Description,extension match pdf; byte match at [[0 8] [2743095 44] [2743145 78]] (signature 1/2),,,,2,1134,2/1134.PDF
2/1135.PDF,2611988,2026-03-02T12:48:28Z,,a81182f3bee85f70bc929790a2dd1669,pronom,fmt/354,Acrobat PDF/A - Portable Document Format,1b,application/pdf,Page Description,extension match pdf; byte match at [[0 8] [2608009 44] [2608059 78]] (signature 1/2),,,,2,1135,2/1135.PDF
2/1136.PDF,3485131,2026-03-02T12:48:28Z,,a0bf04f934c59276bbbfef70c924c4da,pronom,fmt/354,Acrobat PDF/A - Portable Document Format,1b,application/pdf,Page Description,extension match pdf; byte match at [[0 8] [3481152 44] [3481202 78]] (signature 1/2),,,,2,1136,2/1136.PDF
2/1137.PDF,3838478,2026-03-02T12:48:28Z,,bf2d121200ab9cc111e968ea1fde3bfe,pronom,fmt/354,Acrobat PDF/A - Portable Document Format,1b,application/pdf,Page Description,extension match pdf; byte match at [[0 8] [3834559 44] [3834609 78]] (signature 1/2),,,,2,1137,2/1137.PDF
2/1138.PDF,3566617,2026-03-02T12:48:28Z,,aa697eeebd459bc5280c2496d7147064,pronom,fmt/354,Acrobat PDF/A - Portable Document Format,1b,application/pdf,Page Description,extension match pdf; byte match at [[0 8] [3562638 44] [3562688 78]] (signature 1/2),,,,2,1138,2/1138.PDF
2/1139.PDF,1428376,2026-03-02T12:48:28Z,,be357eb6c3573ceb66c4ac48d82dc4af,pronom,fmt/354,Acrobat PDF/A - Portable Document Format,1b,application/pdf,Page Description,extension match pdf; byte match at [[0 8] [1424518 44] [1424568 78]] (signature 1/2),,,,2,1139,2/1139.PDF
2/1140.PDF,4610745,2026-03-02T12:48:28Z,,9dc72c84804bc18d4f17d52b6acfde54,pronom,fmt/354,Acrobat PDF/A - Portable Document Format,1b,application/pdf,Page Description,extension match pdf; byte match at [[0 8] [4606586 44] [4606636 78]] (signature 1/2),,,,2,1140,2/1140.PDF
2/1141.PDF,6477241,2026-03-02T12:48:28Z,,8978cce944c53812308c626d9480d461,pronom,fmt/354,Acrobat PDF/A - Portable Document Format,1b,application/pdf,Page Description,extension match pdf; byte match at [[0 8] [6473202 44] [6473252 78]] (signature 1/2),,,,2,1141,2/1141.PDF
2/1142.PDF,1258504,2026-03-02T12:48:28Z,,f75cfdfd168f7773549ed7388dd2ef24,pronom,fmt/354,Acrobat PDF/A - Portable Document Format,1b,application/pdf,Page Description,extension match pdf; byte match at [[0 8] [1254646 44] [1254696 78]] (signature 1/2),,,,2,1142,2/1142.PDF
2/1143.PDF,2309076,2026-03-02T12:48:28Z,,ad3eede7ea39bbfe9969143ff9b3df0b,pronom,fmt/354,Acrobat PDF/A - Portable Document Format,1b,application/pdf,Page Description,extension match pdf; byte match at [[0 8] [2305157 44] [2305207 78]] (signature 1/2),,,,2,1143,2/1143.PDF
2/1144.PDF,2372366,2026-03-02T12:48:28Z,,5d5a7b555a4b52403f10d437162fa1ba,pronom,fmt/354,Acrobat PDF/A - Portable Document Format,1b,application/pdf,Page Description,extension match pdf; byte match at [[0 8] [2368327 44] [2368377 78]] (signature 1/2),,,,2,1144,2/1144.PDF
2/1144.txt,6,2026-03-17T10:31:49Z,,445c16aab3bf7f35bea0d40333bdeaad,pronom,x-fmt/111,Plain Text File,,text/plain,,extension match txt; text match ASCII,,,,2,1144,2/1144.txt
2/1145.PDF,1986502,2026-03-02T12:48:28Z,,988222133e1239ebf9e90f5a89b5f259,pronom,fmt/354,Acrobat PDF/A - Portable Document Format,1b,application/pdf,Page Description,extension match pdf; byte match at [[0 8] [1982583 44] [1982633 78]] (signature 1/2),,,,2,1145,2/1145.PDF
2/1146.PDF,1050402,2026-03-02T12:48:28Z,,29a9756a2b448156791ca693c179112e,pronom,fmt/354,Acrobat PDF/A - Portable Document Format,1b,application/pdf,Page Description,extension match pdf; byte match at [[0 8] [1046608 44] [1046658 78]] (signature 1/2),,,,2,1146,2/1146.PDF
2/1147.PDF,2570250,2026-03-02T12:48:28Z,,be7bc178084472081f974f78ab27faa8,pronom,fmt/354,Acrobat PDF/A - Portable Document Format,1b,application/pdf,Page Description,extension match pdf; byte match at [[0 8] [2566211 44] [2566261 78]] (signature 1/2),,,,2,1147,2/1147.PDF
2/1148.PDF,2732332,2026-03-02T12:48:28Z,,5e0e1edf35fd2b5d996194a380cdfc62,pronom,fmt/354,Acrobat PDF/A - Portable Document Format,1b,application/pdf,Page Description,extension match pdf; byte match at [[0 8] [2728413 44] [2728463 78]] (signature 1/2),,,,2,1148,2/1148.PDF
2/1149.PDF,3808314,2026-03-02T12:48:29Z,,a8035f86e87dde29b00cb15bf2a09370,pronom,fmt/354,Acrobat PDF/A - Portable Document Format,1b,application/pdf,Page Description,extension match pdf; byte match at [[0 8] [3804395 44] [3804445 78]] (signature 1/2),,,,2,1149,2/1149.PDF
2/1150.PDF,1804235,2026-03-02T12:48:29Z,,ee7e87bf4e5358b7fcc95c8262b1fc22,pronom,fmt/354,Acrobat PDF/A - Portable Document Format,1b,application/pdf,Page Description,extension match pdf; byte match at [[0 8] [1800377 44] [1800427 78]] (signature 1/2),,,,2,1150,2/1150.PDF
2/1151.PDF,2496337,2026-03-02T12:48:29Z,,1a66c6cbca568bd976886cca6f4c3f25,pronom,fmt/354,Acrobat PDF/A - Portable Document Format,1b,application/pdf,Page Description,extension match pdf; byte match at [[0 8] [2492479 44] [2492529 78]] (signature 1/2),,,,2,1151,2/1151.PDF
2/1152.PDF,1249009,2026-03-02T12:48:29Z,,ec4a2b273ce22210e79e00aacd0ad953,pronom,fmt/354,Acrobat PDF/A - Portable Document Format,1b,application/pdf,Page Description,extension match pdf; byte match at [[0 8] [1245151 44] [1245201 78]] (signature 1/2),,,,2,1152,2/1152.PDF
2/1153.PDF,1821257,2026-03-02T12:48:29Z,,1737d357afffa11f00a704b409cd7ac9,pronom,fmt/354,Acrobat PDF/A - Portable Document Format,1b,application/pdf,Page Description,extension match pdf; byte match at [[0 8] [1817399 44] [1817449 78]] (signature 1/2),,,,2,1153,2/1153.PDF
2/1154.PDF,5862777,2026-03-02T12:48:29Z,,8f7fd9ab69a906cd0ce089ce9f5d3aaa,pronom,fmt/354,Acrobat PDF/A - Portable Document Format,1b,application/pdf,Page Description,extension match pdf; byte match at [[0 8] [5858678 44] [5858728 78]] (signature 1/2),,,,2,1154,2/1154.PDF
2/1155.PDF,2715369,2026-03-02T12:48:29Z,,b727bbbca80607b81434c532feac33df,pronom,fmt/354,Acrobat PDF/A - Portable Document Format,1b,application/pdf,Page Description,extension match pdf; byte match at [[0 8] [2711511 44] [2711561 78]] (signature 1/2),,,,2,1155,2/1155.PDF
2/1156.PDF,3280570,2026-03-02T12:48:29Z,,a556095eb352ce96730f1e05df628bc8,pronom,fmt/354,Acrobat PDF/A - Portable Document Format,1b,application/pdf,Page Description,extension match pdf; byte match at [[0 8] [3276712 44] [3276762 78]] (signature 1/2),,,,2,1156,2/1156.PDF
2/1157.PDF,2032744,2026-03-02T12:48:29Z,,a3e1a2236f14460831854db4fa7859b3,pronom,fmt/354,Acrobat PDF/A - Portable Document Format,1b,application/pdf,Page Description,extension match pdf; byte match at [[0 8] [2028886 44] [2028936 78]] (signature 1/2),,,,2,1157,2/1157.PDF
2/1158.PDF,2845590,2026-03-02T12:48:29Z,,9d73d851247ec5e6b8e67f11477b14d5,pronom,fmt/354,Acrobat PDF/A - Portable Document Format,1b,application/pdf,Page Description,extension match pdf; byte match at [[0 8] [2841671 44] [2841721 78]] (signature 1/2),,,,2,1158,2/1158.PDF
2/1159.PDF,2184066,2026-03-02T12:48:29Z,,4094365b10bb70c12abf392ee0e5ca52,pronom,fmt/354,Acrobat PDF/A - Portable Document Format,1b,application/pdf,Page Description,extension match pdf; byte match at [[0 8] [2180147 44] [2180197 78]] (signature 1/2),,,,2,1159,2/1159.PDF
2/1160.PDF,2200148,2026-03-02T12:48:29Z,,16f3d4abe19a838b39b79a2b45493a99,pronom,fmt/354,Acrobat PDF/A - Portable Document Format,1b,application/pdf,Page Description,extension match pdf; byte match at [[0 8] [2196290 44] [2196340 78]] (signature 1/2),,,,2,1160,2/1160.PDF
2/1161.PDF,3119359,2026-03-02T12:48:29Z,,99a5ef9ce0465e9472ce018527fd1179,pronom,fmt/354,Acrobat PDF/A - Portable Document Format,1b,application/pdf,Page Description,extension match pdf; byte match at [[0 8] [3115501 44] [3115551 78]] (signature 1/2),,,,2,1161,2/1161.PDF
2/1162.PDF,2326433,2026-03-02T12:48:29Z,,6bcb3e284055dcf7b1554e87a7743bf8,pronom,fmt/354,Acrobat PDF/A - Portable Document Format,1b,application/pdf,Page Description,extension match pdf; byte match at [[0 8] [2322575 44] [2322625 78]] (signature 1/2),,,,2,1162,2/1162.PDF
2/1163.PDF,1928586,2026-03-02T12:48:29Z,,83a34b2fb3726a5b33b41397d02f4cd4,pronom,fmt/354,Acrobat PDF/A - Portable Document Format,1b,application/pdf,Page Description,extension match pdf; byte match at [[0 8] [1924728 44] [1924778 78]] (signature 1/2),,,,2,1163,2/1163.PDF
2/1164.PDF,1698684,2026-03-02T12:48:29Z,,503492607328b011fb40d8057b4fd8b2,pronom,fmt/354,Acrobat PDF/A - Portable Document Format,1b,application/pdf,Page Description,extension match pdf; byte match at [[0 8] [1694826 44] [1694876 78]] (signature 1/2),,,,2,1164,2/1164.PDF
2/1165.PDF,7817584,2026-03-02T12:48:29Z,,30d90fda8ca4af1cb43d8989d638e4ab,pronom,fmt/354,Acrobat PDF/A - Portable Document Format,1b,application/pdf,Page Description,extension match pdf; byte match at [[0 8] [7813665 44] [7813715 78]] (signature 1/2),,,,2,1165,2/1165.PDF
2/1166.PDF,3956594,2026-03-02T12:48:29Z,,3ce8cdf02dacf00fceba0493a3ead8d5,pronom,fmt/354,Acrobat PDF/A - Portable Document Format,1b,application/pdf,Page Description,extension match pdf; byte match at [[0 8] [3952675 44] [3952725 78]] (signature 1/2),,,,2,1166,2/1166.PDF
2/1167.PDF,6589337,2026-03-02T12:48:29Z,,5a9839ec4dc436905ba65dc0d8f49d6e,pronom,fmt/354,Acrobat PDF/A - Portable Document Format,1b,application/pdf,Page Description,extension match pdf; byte match at [[0 8] [6585418 44] [6585468 78]] (signature 1/2),,,,2,1167,2/1167.PDF
2/1168.PDF,3293590,2026-03-02T12:48:29Z,,8819d036c953af533fc29469340576bb,pronom,fmt/354,Acrobat PDF/A - Portable Document Format,1b,application/pdf,Page Description,extension match pdf; byte match at [[0 8] [3289732 44] [3289782 78]] (signature 1/2),,,,2,1168,2/1168.PDF
2/1169.PDF,2824146,2026-03-02T12:48:29Z,,ebd14b53cb7e9a7aaf2aee546f1d4c85,pronom,fmt/354,Acrobat PDF/A - Portable Document Format,1b,application/pdf,Page Description,extension match pdf; byte match at [[0 8] [2820227 44] [2820277 78]] (signature 1/2),,,,2,1169,2/1169.PDF
2/1170.PDF,2368393,2026-03-02T12:48:29Z,,13f92622bf2eb64ef180ad8be2a20e4f,pronom,fmt/354,Acrobat PDF/A - Portable Document Format,1b,application/pdf,Page Description,extension match pdf; byte match at [[0 8] [2364535 44] [2364585 78]] (signature 1/2),,,,2,1170,2/1170.PDF
2/1171.PDF,2201393,2026-03-02T12:48:29Z,,5d9cef8350990a2512668f2560964cd3,pronom,fmt/354,Acrobat PDF/A - Portable Document Format,1b,application/pdf,Page Description,extension match pdf; byte match at [[0 8] [2197535 44] [2197585 78]] (signature 1/2),,,,2,1171,2/1171.PDF
2/1172.PDF,1981060,2026-03-02T12:48:29Z,,7857d71c04259d659e576fefc9c28f55,pronom,fmt/354,Acrobat PDF/A - Portable Document Format,1b,application/pdf,Page Description,extension match pdf; byte match at [[0 8] [1977202 44] [1977252 78]] (signature 1/2),,,,2,1172,2/1172.PDF
2/1173.PDF,1648258,2026-03-02T12:48:29Z,,6d62980e10f15be83d7a36657a58bbc2,pronom,fmt/354,Acrobat PDF/A - Portable Document Format,1b,application/pdf,Page Description,extension match pdf; byte match at [[0 8] [1644400 44] [1644450 78]] (signature 1/2),,,,2,1173,2/1173.PDF
2/1174.PDF,3392167,2026-03-02T12:48:29Z,,30428059ce8d28d4ff9f4cfc2a5afc48,pronom,fmt/354,Acrobat PDF/A - Portable Document Format,1b,application/pdf,Page Description,extension match pdf; byte match at [[0 8] [3388309 44] [3388359 78]] (signature 1/2),,,,2,1174,2/1174.PDF
2/1175.PDF,1917570,2026-03-02T12:48:29Z,,f106ebdaf60102d3a2e36ae245a9aec2,pronom,fmt/354,Acrobat PDF/A - Portable Document Format,1b,application/pdf,Page Description,extension match pdf; byte match at [[0 8] [1913712 44] [1913762 78]] (signature 1/2),,,,2,1175,2/1175.PDF
2/1176.PDF,2311339,2026-03-02T12:48:29Z,,701dc5840ce90400e39f9cd73b6ee0a1,pronom,fmt/354,Acrobat PDF/A - Portable Document Format,1b,application/pdf,Page Description,extension match pdf; byte match at [[0 8] [2307481 44] [2307531 78]] (signature 1/2),,,,2,1176,2/1176.PDF
2/1177.PDF,3214678,2026-03-02T12:48:29Z,,ddc370633a6fa8ab7e36859b6b4007f9,pronom,fmt/354,Acrobat PDF/A - Portable Document Format,1b,application/pdf,Page Description,extension match pdf; byte match at [[0 8] [3210759 44] [3210809 78]] (signature 1/2),,,,2,1177,2/1177.PDF
2/1178.PDF,4863291,2026-03-02T12:48:29Z,,132a14de92e95e014ce09806fc48940b,pronom,fmt/354,Acrobat PDF/A - Portable Document Format,1b,application/pdf,Page Description,extension match pdf; byte match at [[0 8] [4859252 44] [4859302 78]] (signature 1/2),,,,2,1178,2/1178.PDF
2/1179.PDF,1708643,2026-03-02T12:48:29Z,,5369db97a8d95029e8c6f54a366436d6,pronom,fmt/354,Acrobat PDF/A - Portable Document Format,1b,application/pdf,Page Description,extension match pdf; byte match at [[0 8] [1704785 44] [1704835 78]] (signature 1/2),,,,2,1179,2/1179.PDF
2/1180.PDF,1572946,2026-03-02T12:48:29Z,,dbf2a2632fd753134b1d29265ad380bb,pronom,fmt/354,Acrobat PDF/A - Portable Document Format,1b,application/pdf,Page Description,extension match pdf; byte match at [[0 8] [1569088 44] [1569138 78]] (signature 1/2),,,,2,1180,2/1180.PDF
2/1181.PDF,6398454,2026-03-02T12:48:29Z,,7f6a3ba1956e3cf7beeae68b3a69c917,pronom,fmt/354,Acrobat PDF/A - Portable Document Format,1b,application/pdf,Page Description,extension match pdf; byte match at [[0 8] [6394175 44] [6394225 78]] (signature 1/2),,,,2,1181,2/1181.PDF
2/1182.PDF,3900104,2026-03-02T12:48:30Z,,0ed206bfa0d27ad8344abcbe2842a343,pronom,fmt/354,Acrobat PDF/A - Portable Document Format,1b,application/pdf,Page Description,extension match pdf; byte match at [[0 8] [3896185 44] [3896235 78]] (signature 1/2),,,,2,1182,2/1182.PDF
2/1183.PDF,3249012,2026-03-02T12:48:30Z,,6736d0f07e1719e12f4be71d9b335aba,pronom,fmt/354,Acrobat PDF/A - Portable Document Format,1b,application/pdf,Page Description,extension match pdf; byte match at [[0 8] [3245154 44] [3245204 78]] (signature 1/2),,,,2,1183,2/1183.PDF
2/1184.PDF,3282426,2026-03-02T12:48:30Z,,d4ef44c09466514c557550d3e7d7f13d,pronom,fmt/354,Acrobat PDF/A - Portable Document Format,1b,application/pdf,Page Description,extension match pdf; byte match at [[0 8] [3278568 44] [3278618 78]] (signature 1/2),,,,2,1184,2/1184.PDF
2/1185.PDF,1808073,2026-03-02T12:48:30Z,,f53bba90afcb907afbe5208f8b26bb42,pronom,fmt/354,Acrobat PDF/A - Portable Document Format,1b,application/pdf,Page Description,extension match pdf; byte match at [[0 8] [1804215 44] [1804265 78]] (signature 1/2),,,,2,1185,2/1185.PDF
2/1186.PDF,1513738,2026-03-02T12:48:30Z,,347c762c58d0ca4aacb421886f69899f,pronom,fmt/354,Acrobat PDF/A - Portable Document Format,1b,application/pdf,Page Description,extension match pdf; byte match at [[0 8] [1509880 44] [1509930 78]] (signature 1/2),,,,2,1186,2/1186.PDF
2/1187.PDF,4323629,2026-03-02T12:48:30Z,,9c210ae4d4ab070f756e11f425e28b29,pronom,fmt/354,Acrobat PDF/A - Portable Document Format,1b,application/pdf,Page Description,extension match pdf; byte match at [[0 8] [4319771 44] [4319821 78]] (signature 1/2),,,,2,1187,2/1187.PDF
2/1188.PDF,1992229,2026-03-02T12:48:30Z,,ff24df07e413b07849e325c1c773d118,pronom,fmt/354,Acrobat PDF/A - Portable Document Format,1b,application/pdf,Page Description,extension match pdf; byte match at [[0 8] [1988371 44] [1988421 78]] (signature 1/2),,,,2,1188,2/1188.PDF
2/1189.PDF,9523860,2026-03-02T12:48:30Z,,598f2451db7bee44a6beee4a25e034c1,pronom,fmt/354,Acrobat PDF/A - Portable Document Format,1b,application/pdf,Page Description,extension match pdf; byte match at [[0 8] [9519581 44] [9519631 78]] (signature 1/2),,,,2,1189,2/1189.PDF
2/1190.PDF,7175719,2026-03-02T12:48:30Z,,73067303b3038d531c0135c737d557af,pronom,fmt/354,Acrobat PDF/A - Portable Document Format,1b,application/pdf,Page Description,extension match pdf; byte match at [[0 8] [7171800 44] [7171850 78]] (signature 1/2),,,,2,1190,2/1190.PDF
2/1191.PDF,2615909,2026-03-02T12:48:30Z,,a2e91bf30ab5fec24e89cc6eccd17a01,pronom,fmt/354,Acrobat PDF/A - Portable Document Format,1b,application/pdf,Page Description,extension match pdf; byte match at [[0 8] [2611990 44] [2612040 78]] (signature 1/2),,,,2,1191,2/1191.PDF
2/1192.PDF,3800487,2026-03-02T12:48:30Z,,f39ee29ba4e5c1799e5cb8e039a46a74,pronom,fmt/354,Acrobat PDF/A - Portable Document Format,1b,application/pdf,Page Description,extension match pdf; byte match at [[0 8] [3796629 44] [3796679 78]] (signature 1/2),,,,2,1192,2/1192.PDF
2/1193.PDF,1980743,2026-03-02T12:48:30Z,,8e58c0ee81590aba19903f4a934f7e05,pronom,fmt/354,Acrobat PDF/A - Portable Document Format,1b,application/pdf,Page Description,extension match pdf; byte match at [[0 8] [1976885 44] [1976935 78]] (signature 1/2),,,,2,1193,2/1193.PDF
2/1194.PDF,2494918,2026-03-02T12:48:30Z,,83537bb56507bd07ee1bb5049f02f292,pronom,fmt/354,Acrobat PDF/A - Portable Document Format,1b,application/pdf,Page Description,extension match pdf; byte match at [[0 8] [2490879 44] [2490929 78]] (signature 1/2),,,,2,1194,2/1194.PDF
2/1195.PDF,1028233,2026-03-02T12:48:30Z,,4286bc427d44e702e6450e15bac8709d,pronom,fmt/354,Acrobat PDF/A - Portable Document Format,1b,application/pdf,Page Description,extension match pdf; byte match at [[0 8] [1024439 44] [1024489 78]] (signature 1/2),,,,2,1195,2/1195.PDF
2/1196.PDF,1192314,2026-03-02T12:48:30Z,,2d95801ae91845301370fcecfe222e74,pronom,fmt/354,Acrobat PDF/A - Portable Document Format,1b,application/pdf,Page Description,extension match pdf; byte match at [[0 8] [1188456 44] [1188506 78]] (signature 1/2),,,,2,1196,2/1196.PDF
2/1197.PDF,3203529,2026-03-02T12:48:30Z,,ff1b3b1a065f75f072c0e8033b4b227a,pronom,fmt/354,Acrobat PDF/A - Portable Document Format,1b,application/pdf,Page Description,extension match pdf; byte match at [[0 8] [3199671 44] [3199721 78]] (signature 1/2),,,,2,1197,2/1197.PDF
2/1198.PDF,3026175,2026-03-02T12:48:30Z,,615b6c487f76d842f0d8c1120a02d13e,pronom,fmt/354,Acrobat PDF/A - Portable Document Format,1b,application/pdf,Page Description,extension match pdf; byte match at [[0 8] [3022317 44] [3022367 78]] (signature 1/2),,,,2,1198,2/1198.PDF
2/1199.PDF,2769965,2026-03-02T12:48:30Z,,86b5f6901ca3596a33e0223194e9ddf4,pronom,fmt/354,Acrobat PDF/A - Portable Document Format,1b,application/pdf,Page Description,extension match pdf; byte match at [[0 8] [2766171 44] [2766221 78]] (signature 1/2),,,,2,1199,2/1199.PDF
2/1200.PDF,2060824,2026-03-02T12:48:30Z,,c93cdb92c65b8442b3e3da198439167c,pronom,fmt/354,Acrobat PDF/A - Portable Document Format,1b,application/pdf,Page Description,extension match pdf; byte match at [[0 8] [2056966 44] [2057016 78]] (signature 1/2),,,,2,1200,2/1200.PDF
2/1201.PDF,2279044,2026-03-02T12:48:30Z,,042f71fde6cc458acd798f40bdd86563,pronom,fmt/354,Acrobat PDF/A - Portable Document Format,1b,application/pdf,Page Description,extension match pdf; byte match at [[0 8] [2275186 44] [2275236 78]] (signature 1/2),,,,2,1201,2/1201.PDF
2/1202.PDF,2303417,2026-03-02T12:48:30Z,,6d1ac2d29b70b9d8d77c65754b51010c,pronom,fmt/354,Acrobat PDF/A - Portable Document Format,1b,application/pdf,Page Description,extension match pdf; byte match at [[0 8] [2299498 44] [2299548 78]] (signature 1/2),,,,2,1202,2/1202.PDF
2/1203.PDF,10573423,2026-03-02T12:48:30Z,,df2b52b899c28e0f22585d79e691038e,pronom,fmt/354,Acrobat PDF/A - Portable Document Format,1b,application/pdf,Page Description,extension match pdf; byte match at [[0 8] [10569204 44] [10569254 78]] (signature 1/2),,,,2,1203,2/1203.PDF
2/1204.PDF,4652387,2026-03-02T12:48:30Z,,f48f8f1598c3e6ad1802bcf16fc8477e,pronom,fmt/354,Acrobat PDF/A - Portable Document Format,1b,application/pdf,Page Description,extension match pdf; byte match at [[0 8] [4648408 44] [4648458 78]] (signature 1/2),,,,2,1204,2/1204.PDF
2/1205.PDF,6307600,2026-03-02T12:48:30Z,,a2c0795d1d68ab02367419f956279043,pronom,fmt/354,Acrobat PDF/A - Portable Document Format,1b,application/pdf,Page Description,extension match pdf; byte match at [[0 8] [6303561 44] [6303611 78]] (signature 1/2),,,,2,1205,2/1205.PDF
2/1206.PDF,2435676,2026-03-02T12:48:31Z,,7b6d4376b291e891964277fb9b4fe54e,pronom,fmt/354,Acrobat PDF/A - Portable Document Format,1b,application/pdf,Page Description,extension match pdf; byte match at [[0 8] [2431818 44] [2431868 78]] (signature 1/2),,,,2,1206,2/1206.PDF
2/1207.PDF,3012969,2026-03-02T12:48:31Z,,8b25bbbea048b4460a6faf9e4871b4e8,pronom,fmt/354,Acrobat PDF/A - Portable Document Format,1b,application/pdf,Page Description,extension match pdf; byte match at [[0 8] [3009111 44] [3009161 78]] (signature 1/2),,,,2,1207,2/1207.PDF
2/1208.PDF,2896427,2026-03-02T12:48:31Z,,d50b6a12923b1499dc60cdeaf3a7bbba,pronom,fmt/354,Acrobat PDF/A - Portable Document Format,1b,application/pdf,Page Description,extension match pdf; byte match at [[0 8] [2892569 44] [2892619 78]] (signature 1/2),,,,2,1208,2/1208.PDF
2/1209.PDF,841255,2026-03-02T12:48:31Z,,a77e48529e1389f6532b10ae9a8a82bb,pronom,fmt/354,Acrobat PDF/A - Portable Document Format,1b,application/pdf,Page Description,extension match pdf; byte match at [[0 8] [837461 44] [837511 78]] (signature 1/2),,,,2,1209,2/1209.PDF
2/1210.PDF,4745794,2026-03-02T12:48:31Z,,a295879567fda268a7df424d5ae7a8e8,pronom,fmt/354,Acrobat PDF/A - Portable Document Format,1b,application/pdf,Page Description,extension match pdf; byte match at [[0 8] [4741815 44] [4741865 78]] (signature 1/2),,,,2,1210,2/1210.PDF
2/1211.PDF,415477,2026-03-02T12:48:31Z,,913b4a987b7785383e0198095891d3b7,pronom,fmt/354,Acrobat PDF/A - Portable Document Format,1b,application/pdf,Page Description,extension match pdf; byte match at [[0 8] [411743 44] [411793 78]] (signature 1/2),,,,2,1211,2/1211.PDF
2/1212.PDF,3262344,2026-03-02T12:48:31Z,,92e88cff287898f286196b93a65c4423,pronom,fmt/354,Acrobat PDF/A - Portable Document Format,1b,application/pdf,Page Description,extension match pdf; byte match at [[0 8] [3258425 44] [3258475 78]] (signature 1/2),,,,2,1212,2/1212.PDF
2/1213.PDF,9787619,2026-03-02T12:48:31Z,,f96c895faf5ad1aeaefae459a823982e,pronom,fmt/354,Acrobat PDF/A - Portable Document Format,1b,application/pdf,Page Description,extension match pdf; byte match at [[0 8] [9783761 44] [9783811 78]] (signature 1/2),,,,2,1213,2/1213.PDF
2/1214.PDF,2433698,2026-03-02T12:48:31Z,,cc57c093f66e0958134e79b683f3963e,pronom,fmt/354,Acrobat PDF/A - Portable Document Format,1b,application/pdf,Page Description,extension match pdf; byte match at [[0 8] [2429840 44] [2429890 78]] (signature 1/2),,,,2,1214,2/1214.PDF
2/1215.PDF,4453931,2026-03-02T12:48:31Z,,81bea073fb9a49a02c30d543f4e8c950,pronom,fmt/354,Acrobat PDF/A - Portable Document Format,1b,application/pdf,Page Description,extension match pdf; byte match at [[0 8] [4450073 44] [4450123 78]] (signature 1/2),,,,2,1215,2/1215.PDF
2/1216.PDF,3922398,2026-03-02T12:48:31Z,,f17e2782109d1fa137e896f4dea81c1e,pronom,fmt/354,Acrobat PDF/A - Portable Document Format,1b,application/pdf,Page Description,extension match pdf; byte match at [[0 8] [3918540 44] [3918590 78]] (signature 1/2),,,,2,1216,2/1216.PDF
2/1217.PDF,1906477,2026-03-02T12:48:31Z,,fab721520f6330b778596cbaae6a4936,pronom,fmt/354,Acrobat PDF/A - Portable Document Format,1b,application/pdf,Page Description,extension match pdf; byte match at [[0 8] [1902619 44] [1902669 78]] (signature 1/2),,,,2,1217,2/1217.PDF
2/1218.PDF,305434,2026-03-02T12:48:31Z,,5988db28edcaa02b6080e1babb7e4688,pronom,fmt/354,Acrobat PDF/A - Portable Document Format,1b,application/pdf,Page Description,extension match pdf; byte match at [[0 8] [301700 44] [301750 78]] (signature 1/2),,,,2,1218,2/1218.PDF
2/1219.PDF,1043656,2026-03-02T12:48:31Z,,46c1c2e06435ae5f36d0a83dbaa92a13,pronom,fmt/354,Acrobat PDF/A - Portable Document Format,1b,application/pdf,Page Description,extension match pdf; byte match at [[0 8] [1039862 44] [1039912 78]] (signature 1/2),,,,2,1219,2/1219.PDF
2/1220.PDF,399624,2026-03-02T12:48:31Z,,bf5452b663b69e4f60ec6c7e0b974526,pronom,fmt/354,Acrobat PDF/A - Portable Document Format,1b,application/pdf,Page Description,extension match pdf; byte match at [[0 8] [395890 44] [395940 78]] (signature 1/2),,,,2,1220,2/1220.PDF
2/1221.PDF,2206544,2026-03-02T12:48:31Z,,34e02d50826ba931a90263873319453b,pronom,fmt/354,Acrobat PDF/A - Portable Document Format,1b,application/pdf,Page Description,extension match pdf; byte match at [[0 8] [2202686 44] [2202736 78]] (signature 1/2),,,,2,1221,2/1221.PDF
2/1222.PDF,3890653,2026-03-02T12:48:31Z,,3e8d728c00539e83043e0b4a8c0a4744,pronom,fmt/354,Acrobat PDF/A - Portable Document Format,1b,application/pdf,Page Description,extension match pdf; byte match at [[0 8] [3886795 44] [3886845 78]] (signature 1/2),,,,2,1222,2/1222.PDF
2/1223.PDF,3072835,2026-03-02T12:48:31Z,,db0e51dc5f252de42241790a914e450b,pronom,fmt/354,Acrobat PDF/A - Portable Document Format,1b,application/pdf,Page Description,extension match pdf; byte match at [[0 8] [3068916 44] [3068966 78]] (signature 1/2),,,,2,1223,2/1223.PDF
2/1224.PDF,2858533,2026-03-02T12:48:31Z,,f234cec171c6bdce23eb69c69596db54,pronom,fmt/354,Acrobat PDF/A - Portable Document Format,1b,application/pdf,Page Description,extension match pdf; byte match at [[0 8] [2854675 44] [2854725 78]] (signature 1/2),,,,2,1224,2/1224.PDF
2/1225.PDF,6851131,2026-03-02T12:48:31Z,,849e28d0a131bef0fe72f098ceefce2e,pronom,fmt/354,Acrobat PDF/A - Portable Document Format,1b,application/pdf,Page Description,extension match pdf; byte match at [[0 8] [6847273 44] [6847323 78]] (signature 1/2),,,,2,1225,2/1225.PDF
2/1226.PDF,3457742,2026-03-02T12:48:31Z,,da534253c630193a2195e2314289f590,pronom,fmt/354,Acrobat PDF/A - Portable Document Format,1b,application/pdf,Page Description,extension match pdf; byte match at [[0 8] [3453884 44] [3453934 78]] (signature 1/2),,,,2,1226,2/1226.PDF
2/1227.PDF,3729048,2026-03-02T12:48:31Z,,e4f671309485f94521e281ac7ff918ae,pronom,fmt/354,Acrobat PDF/A - Portable Document Format,1b,application/pdf,Page Description,extension match pdf; byte match at [[0 8] [3725190 44] [3725240 78]] (signature 1/2),,,,2,1227,2/1227.PDF
2/1228.PDF,3322726,2026-03-02T12:48:31Z,,79697035eaa7130f121c5d192d7d727a,pronom,fmt/354,Acrobat PDF/A - Portable Document Format,1b,application/pdf,Page Description,extension match pdf; byte match at [[0 8] [3318868 44] [3318918 78]] (signature 1/2),,,,2,1228,2/1228.PDF
2/1229.PDF,2993967,2026-03-02T12:48:31Z,,99d2a055b53d7d4ba50df587b1b3e78c,pronom,fmt/354,Acrobat PDF/A - Portable Document Format,1b,application/pdf,Page Description,extension match pdf; byte match at [[0 8] [2990109 44] [2990159 78]] (signature 1/2),,,,2,1229,2/1229.PDF
2/1230.PDF,6627502,2026-03-02T12:48:32Z,,c96f54a7d91d6f57cfdca8d684343145,pronom,fmt/354,Acrobat PDF/A - Portable Document Format,1b,application/pdf,Page Description,extension match pdf; byte match at [[0 8] [6623644 44] [6623694 78]] (signature 1/2),,,,2,1230,2/1230.PDF
2/1231.PDF,6723717,2026-03-02T12:48:32Z,,fd084f0f0ef532dd563a94df8ddbd8a5,pronom,fmt/354,Acrobat PDF/A - Portable Document Format,1b,application/pdf,Page Description,extension match pdf; byte match at [[0 8] [6719798 44] [6719848 78]] (signature 1/2),,,,2,1231,2/1231.PDF
2/1232.PDF,5280776,2026-03-02T12:48:32Z,,5f31f23fab8b761a6dbcd44d8734cebc,pronom,fmt/354,Acrobat PDF/A - Portable Document Format,1b,application/pdf,Page Description,extension match pdf; byte match at [[0 8] [5276737 44] [5276787 78]] (signature 1/2),,,,2,1232,2/1232.PDF
2/1233.PDF,7678976,2026-03-02T12:48:32Z,,cf1d3be0676256927a4a5b78ddaaab30,pronom,fmt/354,Acrobat PDF/A - Portable Document Format,1b,application/pdf,Page Description,extension match pdf; byte match at [[0 8] [7675057 44] [7675107 78]] (signature 1/2),,,,2,1233,2/1233.PDF
2/1234.PDF,6443986,2026-03-02T12:48:32Z,,dfe9348dac3f30bb9c340bf2637eeb33,pronom,fmt/354,Acrobat PDF/A - Portable Document Format,1b,application/pdf,Page Description,extension match pdf; byte match at [[0 8] [6439827 44] [6439877 78]] (signature 1/2),,,,2,1234,2/1234.PDF
2/1235.PDF,3495409,2026-03-02T12:48:32Z,,8efe0f9a9b64446c149a43a25d273a49,pronom,fmt/354,Acrobat PDF/A - Portable Document Format,1b,application/pdf,Page Description,extension match pdf; byte match at [[0 8] [3491551 44] [3491601 78]] (signature 1/2),,,,2,1235,2/1235.PDF
2/1236.PDF,2823469,2026-03-02T12:48:32Z,,3f42fb4db68d2803af02421c51516ade,pronom,fmt/354,Acrobat PDF/A - Portable Document Format,1b,application/pdf,Page Description,extension match pdf; byte match at [[0 8] [2819611 44] [2819661 78]] (signature 1/2),,,,2,1236,2/1236.PDF
2/1237.PDF,3000931,2026-03-02T12:48:32Z,,5159fa1782404439a3f404d55f498344,pronom,fmt/354,Acrobat PDF/A - Portable Document Format,1b,application/pdf,Page Description,extension match pdf; byte match at [[0 8] [2997073 44] [2997123 78]] (signature 1/2),,,,2,1237,2/1237.PDF
2/1238.PDF,7648806,2026-03-02T12:48:32Z,,fd5de40d76b05a0c3f5322fba71c66d0,pronom,fmt/354,Acrobat PDF/A - Portable Document Format,1b,application/pdf,Page Description,extension match pdf; byte match at [[0 8] [7644827 44] [7644877 78]] (signature 1/2),,,,2,1238,2/1238.PDF
2/1239.PDF,4639010,2026-03-02T12:48:32Z,,93f31de9ac973eb4a52a8cfdb8e0caef,pronom,fmt/354,Acrobat PDF/A - Portable Document Format,1b,application/pdf,Page Description,extension match pdf; byte match at [[0 8] [4634971 44] [4635021 78]] (signature 1/2),,,,2,1239,2/1239.PDF
2/1240.PDF,3377880,2026-03-02T12:48:32Z,,8dd96b6bb1f7be95fd46d8623d32ce63,pronom,fmt/354,Acrobat PDF/A - Portable Document Format,1b,application/pdf,Page Description,extension match pdf; byte match at [[0 8] [3373961 44] [3374011 78]] (signature 1/2),,,,2,1240,2/1240.PDF
2/1241.PDF,3023311,2026-03-02T12:48:32Z,,bc824140495e691546d172b21dcd6148,pronom,fmt/354,Acrobat PDF/A - Portable Document Format,1b,application/pdf,Page Description,extension match pdf; byte match at [[0 8] [3019392 44] [3019442 78]] (signature 1/2),,,,2,1241,2/1241.PDF
2/1242.PDF,3821094,2026-03-02T12:48:32Z,,8fc4fdac0c66d0b4a731505dbcbeb7fb,pronom,fmt/354,Acrobat PDF/A - Portable Document Format,1b,application/pdf,Page Description,extension match pdf; byte match at [[0 8] [3817175 44] [3817225 78]] (signature 1/2),,,,2,1242,2/1242.PDF
2/1243.PDF,18736005,2026-03-02T12:48:32Z,,384e13527492da45fd9c75f29d34703c,pronom,fmt/354,Acrobat PDF/A - Portable Document Format,1b,application/pdf,Page Description,extension match pdf; byte match at [[0 8] [18731906 44] [18731956 78]] (signature 1/2),,,,2,1243,2/1243.PDF
2/1244.PDF,4238625,2026-03-02T12:48:32Z,,4bc789cabd72a3813487a99eb7db47dc,pronom,fmt/354,Acrobat PDF/A - Portable Document Format,1b,application/pdf,Page Description,extension match pdf; byte match at [[0 8] [4234526 44] [4234576 78]] (signature 1/2),,,,2,1244,2/1244.PDF
2/1245.PDF,3300426,2026-03-02T12:48:32Z,,bc7d430e90eca0f43d022502a5cf7064,pronom,fmt/354,Acrobat PDF/A - Portable Document Format,1b,application/pdf,Page Description,extension match pdf; byte match at [[0 8] [3296568 44] [3296618 78]] (signature 1/2),,,,2,1245,2/1245.PDF
2/1246.PDF,770633,2026-03-02T12:48:33Z,,b43f47a82d1ce370adc2322d5b615506,pronom,fmt/354,Acrobat PDF/A - Portable Document Format,1b,application/pdf,Page Description,extension match pdf; byte match at [[0 8] [766899 44] [766949 78]] (signature 1/2),,,,2,1246,2/1246.PDF
2/1247.PDF,1327703,2026-03-02T12:48:33Z,,1dfbf8c18acbd539c969f673290b4d99,pronom,fmt/354,Acrobat PDF/A - Portable Document Format,1b,application/pdf,Page Description,extension match pdf; byte match at [[0 8] [1323845 44] [1323895 78]] (signature 1/2),,,,2,1247,2/1247.PDF
2/1248.PDF,583081,2026-03-02T12:48:33Z,,d8c3eb24f5558798ef16eff4024913d5,pronom,fmt/354,Acrobat PDF/A - Portable Document Format,1b,application/pdf,Page Description,extension match pdf; byte match at [[0 8] [579347 44] [579397 78]] (signature 1/2),,,,2,1248,2/1248.PDF
2/1249.PDF,4087917,2026-03-02T12:48:33Z,,459a36bd66a16ea9621614c04e429548,pronom,fmt/354,Acrobat PDF/A - Portable Document Format,1b,application/pdf,Page Description,extension match pdf; byte match at [[0 8] [4083938 44] [4083988 78]] (signature 1/2),,,,2,1249,2/1249.PDF
2/1250.PDF,7448003,2026-03-02T12:48:33Z,,2ed9292ad4c9cbfe300da6c16858acd1,pronom,fmt/354,Acrobat PDF/A - Portable Document Format,1b,application/pdf,Page Description,extension match pdf; byte match at [[0 8] [7443784 44] [7443834 78]] (signature 1/2),,,,2,1250,2/1250.PDF
2/1251.PDF,4497112,2026-03-02T12:48:33Z,,c363de845a2cd1e318255fb6b900e1dd,pronom,fmt/354,Acrobat PDF/A - Portable Document Format,1b,application/pdf,Page Description,extension match pdf; byte match at [[0 8] [4493133 44] [4493183 78]] (signature 1/2),,,,2,1251,2/1251.PDF
2/1252.PDF,3276899,2026-03-02T12:48:33Z,,539173d691ce12f52bc1100a68325e24,pronom,fmt/354,Acrobat PDF/A - Portable Document Format,1b,application/pdf,Page Description,extension match pdf; byte match at [[0 8] [3272920 44] [3272970 78]] (signature 1/2),,,,2,1252,2/1252.PDF
2/1253.PDF,3425846,2026-03-02T12:48:33Z,,fb00dcedcf22bd82477122b4cfed4739,pronom,fmt/354,Acrobat PDF/A - Portable Document Format,1b,application/pdf,Page Description,extension match pdf; byte match at [[0 8] [3421867 44] [3421917 78]] (signature 1/2),,,,2,1253,2/1253.PDF
2/1254.PDF,6563438,2026-03-02T12:48:33Z,,063ffb8d1357fecaa232746709a79fd9,pronom,fmt/354,Acrobat PDF/A - Portable Document Format,1b,application/pdf,Page Description,extension match pdf; byte match at [[0 8] [6559159 44] [6559209 78]] (signature 1/2),,,,2,1254,2/1254.PDF
2/1255.PDF,12004108,2026-03-02T12:48:33Z,,a3146051ae2a0ea854effcf541541aee,pronom,fmt/354,Acrobat PDF/A - Portable Document Format,1b,application/pdf,Page Description,extension match pdf; byte match at [[0 8] [11999589 44] [11999639 78]] (signature 1/2),,,,2,1255,2/1255.PDF
2/1256.PDF,1344565,2026-03-02T12:48:33Z,,f6ef60e550e1211f9dbf1f46b03d8d18,pronom,fmt/354,Acrobat PDF/A - Portable Document Format,1b,application/pdf,Page Description,extension match pdf; byte match at [[0 8] [1340771 44] [1340821 78]] (signature 1/2),,,,2,1256,2/1256.PDF
2/1257.PDF,5119976,2026-03-02T12:48:33Z,,81babaf6f6a956f1476c642c9979e23d,pronom,fmt/354,Acrobat PDF/A - Portable Document Format,1b,application/pdf,Page Description,extension match pdf; byte match at [[0 8] [5116057 44] [5116107 78]] (signature 1/2),,,,2,1257,2/1257.PDF
2/1258.PDF,2324642,2026-03-02T12:48:33Z,,c2d5fb2aa305db54aa119348bdcdd970,pronom,fmt/354,Acrobat PDF/A - Portable Document Format,1b,application/pdf,Page Description,extension match pdf; byte match at [[0 8] [2320784 44] [2320834 78]] (signature 1/2),,,,2,1258,2/1258.PDF
2/1259.PDF,1982453,2026-03-02T12:48:33Z,,dfbf2f3c1e6a6fd1f65b7cea5dbcd261,pronom,fmt/354,Acrobat PDF/A - Portable Document Format,1b,application/pdf,Page Description,extension match pdf; byte match at [[0 8] [1978595 44] [1978645 78]] (signature 1/2),,,,2,1259,2/1259.PDF
2/1260.PDF,786177,2026-03-02T12:48:33Z,,0716d35d6e6a75023797012a07e29d69,pronom,fmt/354,Acrobat PDF/A - Portable Document Format,1b,application/pdf,Page Description,extension match pdf; byte match at [[0 8] [782383 44] [782433 78]] (signature 1/2),,,,2,1260,2/1260.PDF
2/1261.PDF,1367364,2026-03-02T12:48:33Z,,2515e1b625faf7888e6a13fa4723e936,pronom,fmt/354,Acrobat PDF/A - Portable Document Format,1b,application/pdf,Page Description,extension match pdf; byte match at [[0 8] [1363506 44] [1363556 78]] (signature 1/2),,,,2,1261,2/1261.PDF
2/1262.PDF,946606,2026-03-02T12:48:33Z,,87145a7284219324d57dc4cce102412a,pronom,fmt/354,Acrobat PDF/A - Portable Document Format,1b,application/pdf,Page Description,extension match pdf; byte match at [[0 8] [942812 44] [942862 78]] (signature 1/2),,,,2,1262,2/1262.PDF
2/1263.PDF,2928792,2026-03-02T12:48:33Z,,7fdd9e6f784d28aa8b6f2b5a07ff0747,pronom,fmt/354,Acrobat PDF/A - Portable Document Format,1b,application/pdf,Page Description,extension match pdf; byte match at [[0 8] [2924873 44] [2924923 78]] (signature 1/2),,,,2,1263,2/1263.PDF
2/1264.PDF,2551984,2026-03-02T12:48:33Z,,99e3373de7dd7560e3ad1bc56d4b57a8,pronom,fmt/354,Acrobat PDF/A - Portable Document Format,1b,application/pdf,Page Description,extension match pdf; byte match at [[0 8] [2548005 44] [2548055 78]] (signature 1/2),,,,2,1264,2/1264.PDF
2/1265.PDF,569888,2026-03-02T12:48:33Z,,3f9f3ff0678c019a508e8b6e0f8b118b,pronom,fmt/354,Acrobat PDF/A - Portable Document Format,1b,application/pdf,Page Description,extension match pdf; byte match at [[0 8] [566154 44] [566204 78]] (signature 1/2),,,,2,1265,2/1265.PDF
2/1266.PDF,2508124,2026-03-02T12:48:33Z,,3518f37d79e771adeb1409e225b550bc,pronom,fmt/354,Acrobat PDF/A - Portable Document Format,1b,application/pdf,Page Description,extension match pdf; byte match at [[0 8] [2504205 44] [2504255 78]] (signature 1/2),,,,2,1266,2/1266.PDF
2/1267.PDF,906691,2026-03-02T12:48:33Z,,0aeaac14eaa2bbefee464ef195c94d9a,pronom,fmt/354,Acrobat PDF/A - Portable Document Format,1b,application/pdf,Page Description,extension match pdf; byte match at [[0 8] [902897 44] [902947 78]] (signature 1/2),,,,2,1267,2/1267.PDF
2/1268.PDF,2148756,2026-03-02T12:48:33Z,,0b5d649507857df0d7d48f3eaa17de12,pronom,fmt/354,Acrobat PDF/A - Portable Document Format,1b,application/pdf,Page Description,extension match pdf; byte match at [[0 8] [2144898 44] [2144948 78]] (signature 1/2),,,,2,1268,2/1268.PDF
2/1269.PDF,6782644,2026-03-02T12:48:33Z,,1790dfc63b151edc88ffc648f1f86e01,pronom,fmt/354,Acrobat PDF/A - Portable Document Format,1b,application/pdf,Page Description,extension match pdf; byte match at [[0 8] [6778786 44] [6778836 78]] (signature 1/2),,,,2,1269,2/1269.PDF
2/1270.PDF,3557051,2026-03-02T12:48:33Z,,1bc9ea08d4d3f804218a8636b4861191,pronom,fmt/354,Acrobat PDF/A - Portable Document Format,1b,application/pdf,Page Description,extension match pdf; byte match at [[0 8] [3553193 44] [3553243 78]] (signature 1/2),,,,2,1270,2/1270.PDF
2/1271.PDF,4150490,2026-03-02T12:48:34Z,,d420ea2eb79469e7a03899b9f0c28231,pronom,fmt/354,Acrobat PDF/A - Portable Document Format,1b,application/pdf,Page Description,extension match pdf; byte match at [[0 8] [4146571 44] [4146621 78]] (signature 1/2),,,,2,1271,2/1271.PDF
2/1272.PDF,5548165,2026-03-02T12:48:34Z,,e63139ae30edc425705df0514dcc72dc,pronom,fmt/354,Acrobat PDF/A - Portable Document Format,1b,application/pdf,Page Description,extension match pdf; byte match at [[0 8] [5544066 44] [5544116 78]] (signature 1/2),,,,2,1272,2/1272.PDF
2/1273.PDF,2213431,2026-03-02T12:48:34Z,,b2ab6eb858cfe15031e92ef60bba9848,pronom,fmt/354,Acrobat PDF/A - Portable Document Format,1b,application/pdf,Page Description,extension match pdf; byte match at [[0 8] [2209573 44] [2209623 78]] (signature 1/2),,,,2,1273,2/1273.PDF
2/1274.PDF,3779922,2026-03-02T12:48:34Z,,aa15cc54389329ac8e3ddd3c072cf39b,pronom,fmt/354,Acrobat PDF/A - Portable Document Format,1b,application/pdf,Page Description,extension match pdf; byte match at [[0 8] [3776128 44] [3776178 78]] (signature 1/2),,,,2,1274,2/1274.PDF
2/1275.PDF,11273718,2026-03-02T12:48:34Z,,94917a938fd74fc04d19f2c1cc4dc0b2,pronom,fmt/354,Acrobat PDF/A - Portable Document Format,1b,application/pdf,Page Description,extension match pdf; byte match at [[0 8] [11269799 44] [11269849 78]] (signature 1/2),,,,2,1275,2/1275.PDF
2/1276.PDF,1474165,2026-03-02T12:48:34Z,,dc75b458f0d092722288a56a1314c512,pronom,fmt/354,Acrobat PDF/A - Portable Document Format,1b,application/pdf,Page Description,extension match pdf; byte match at [[0 8] [1470307 44] [1470357 78]] (signature 1/2),,,,2,1276,2/1276.PDF
2/1277.PDF,617041,2026-03-02T12:48:34Z,,8ea6e94a0ae68705dfe20388c8fd8756,pronom,fmt/354,Acrobat PDF/A - Portable Document Format,1b,application/pdf,Page Description,extension match pdf; byte match at [[0 8] [613247 44] [613297 78]] (signature 1/2),,,,2,1277,2/1277.PDF
2/1278.PDF,5204196,2026-03-02T12:48:34Z,,fee4af627a98b6d07e28614e2747394f,pronom,fmt/354,Acrobat PDF/A - Portable Document Format,1b,application/pdf,Page Description,extension match pdf; byte match at [[0 8] [5200217 44] [5200267 78]] (signature 1/2),,,,2,1278,2/1278.PDF
2/1279.PDF,2521978,2026-03-02T12:48:34Z,,2dc861fdb0ef6758f30bad2aab97fc15,pronom,fmt/354,Acrobat PDF/A - Portable Document Format,1b,application/pdf,Page Description,extension match pdf; byte match at [[0 8] [2518120 44] [2518170 78]] (signature 1/2),,,,2,1279,2/1279.PDF
2/1280.PDF,3920312,2026-03-02T12:48:34Z,,cd6ce78759f682234a2d074163eba296,pronom,fmt/354,Acrobat PDF/A - Portable Document Format,1b,application/pdf,Page Description,extension match pdf; byte match at [[0 8] [3916454 44] [3916504 78]] (signature 1/2),,,,2,1280,2/1280.PDF
2/1281.PDF,587757,2026-03-02T12:48:34Z,,2d3efdd7131b8cf70a1a2920141ea720,pronom,fmt/354,Acrobat PDF/A - Portable Document Format,1b,application/pdf,Page Description,extension match pdf; byte match at [[0 8] [584023 44] [584073 78]] (signature 1/2),,,,2,1281,2/1281.PDF
2/1282.PDF,5500706,2026-03-02T12:48:34Z,,58e02431b91422c7125f64ca5ce82d4a,pronom,fmt/354,Acrobat PDF/A - Portable Document Format,1b,application/pdf,Page Description,extension match pdf; byte match at [[0 8] [5496848 44] [5496898 78]] (signature 1/2),,,,2,1282,2/1282.PDF
2/1283.PDF,6740247,2026-03-02T12:48:34Z,,5c9db66b4a13d7446b5c059c4f00d149,pronom,fmt/354,Acrobat PDF/A - Portable Document Format,1b,application/pdf,Page Description,extension match pdf; byte match at [[0 8] [6736208 44] [6736258 78]] (signature 1/2),,,,2,1283,2/1283.PDF
2/1284.PDF,3385744,2026-03-02T12:48:34Z,,6a0c3c1867365670a32756474a05b859,pronom,fmt/354,Acrobat PDF/A - Portable Document Format,1b,application/pdf,Page Description,extension match pdf; byte match at [[0 8] [3381705 44] [3381755 78]] (signature 1/2),,,,2,1284,2/1284.PDF
2/1285.PDF,892953,2026-03-02T12:48:34Z,,29ea86dec2e4dbb6d7e1654adc11a786,pronom,fmt/354,Acrobat PDF/A - Portable Document Format,1b,application/pdf,Page Description,extension match pdf; byte match at [[0 8] [889159 44] [889209 78]] (signature 1/2),,,,2,1285,2/1285.PDF
2/1286.PDF,4173752,2026-03-02T12:48:34Z,,131e6d22d621d339cd6809c69d7e9252,pronom,fmt/354,Acrobat PDF/A - Portable Document Format,1b,application/pdf,Page Description,extension match pdf; byte match at [[0 8] [4169894 44] [4169944 78]] (signature 1/2),,,,2,1286,2/1286.PDF
2/1287.PDF,2845304,2026-03-02T12:48:34Z,,1dc8e95b8b127648cd3f63fd7eb481a7,pronom,fmt/354,Acrobat PDF/A - Portable Document Format,1b,application/pdf,Page Description,extension match pdf; byte match at [[0 8] [2841510 44] [2841560 78]] (signature 1/2),,,,2,1287,2/1287.PDF
2/1288.PDF,2469085,2026-03-02T12:48:34Z,,0ef833acbf17296974953c81c4ba8e11,pronom,fmt/354,Acrobat PDF/A - Portable Document Format,1b,application/pdf,Page Description,extension match pdf; byte match at [[0 8] [2465291 44] [2465341 78]] (signature 1/2),,,,2,1288,2/1288.PDF
2/1289.PDF,2573691,2026-03-02T12:48:34Z,,e82571ca44b80855d44562b0e395ac47,pronom,fmt/354,Acrobat PDF/A - Portable Document Format,1b,application/pdf,Page Description,extension match pdf; byte match at [[0 8] [2569833 44] [2569883 78]] (signature 1/2),,,,2,1289,2/1289.PDF
2/1290.PDF,587811,2026-03-02T12:48:34Z,,93210f3a7bb350b0fc33862199417d5e,pronom,fmt/354,Acrobat PDF/A - Portable Document Format,1b,application/pdf,Page Description,extension match pdf; byte match at [[0 8] [584017 44] [584067 78]] (signature 1/2),,,,2,1290,2/1290.PDF
2/1291.PDF,911504,2026-03-02T12:48:34Z,,bc4f7216e70497b95e5cb73bf46f266e,pronom,fmt/354,Acrobat PDF/A - Portable Document Format,1b,application/pdf,Page Description,extension match pdf; byte match at [[0 8] [907710 44] [907760 78]] (signature 1/2),,,,2,1291,2/1291.PDF
2/1292.PDF,4284917,2026-03-02T12:48:34Z,,88d4094f5c9a26989d6f35d9280cba1e,pronom,fmt/354,Acrobat PDF/A - Portable Document Format,1b,application/pdf,Page Description,extension match pdf; byte match at [[0 8] [4280938 44] [4280988 78]] (signature 1/2),,,,2,1292,2/1292.PDF
2/1293.PDF,4888614,2026-03-02T12:48:34Z,,d1bd29dd5fae48b5dfaed63d64c096d9,pronom,fmt/354,Acrobat PDF/A - Portable Document Format,1b,application/pdf,Page Description,extension match pdf; byte match at [[0 8] [4884635 44] [4884685 78]] (signature 1/2),,,,2,1293,2/1293.PDF
2/1294.PDF,2934417,2026-03-02T12:48:34Z,,6d2a1fd3228721f85046600ce0c53c8f,pronom,fmt/354,Acrobat PDF/A - Portable Document Format,1b,application/pdf,Page Description,extension match pdf; byte match at [[0 8] [2930378 44] [2930428 78]] (signature 1/2),,,,2,1294,2/1294.PDF
2/1295.PDF,1388570,2026-03-02T12:48:34Z,,744125229abb173c9c08c4ad08f957f0,pronom,fmt/354,Acrobat PDF/A - Portable Document Format,1b,application/pdf,Page Description,extension match pdf; byte match at [[0 8] [1384776 44] [1384826 78]] (signature 1/2),,,,2,1295,2/1295.PDF
2/1296.PDF,7439412,2026-03-02T12:48:34Z,,68f11a0b844ad4e4219f8df19881f318,pronom,fmt/354,Acrobat PDF/A - Portable Document Format,1b,application/pdf,Page Description,extension match pdf; byte match at [[0 8] [7435554 44] [7435604 78]] (signature 1/2),,,,2,1296,2/1296.PDF
2/1297.PDF,3489054,2026-03-02T12:48:34Z,,bdfde4f6566b0b3e9995c40d55da9e7d,pronom,fmt/354,Acrobat PDF/A - Portable Document Format,1b,application/pdf,Page Description,extension match pdf; byte match at [[0 8] [3485196 44] [3485246 78]] (signature 1/2),,,,2,1297,2/1297.PDF
2/1298.PDF,2849283,2026-03-02T12:48:34Z,,9723ee0b881833dae3a8196c78b661cb,pronom,fmt/354,Acrobat PDF/A - Portable Document Format,1b,application/pdf,Page Description,extension match pdf; byte match at [[0 8] [2845425 44] [2845475 78]] (signature 1/2),,,,2,1298,2/1298.PDF
2/1299.PDF,3044160,2026-03-02T12:48:34Z,,cf262d69ef2eb142241937d6f7a517c1,pronom,fmt/354,Acrobat PDF/A - Portable Document Format,1b,application/pdf,Page Description,extension match pdf; byte match at [[0 8] [3040302 44] [3040352 78]] (signature 1/2),,,,2,1299,2/1299.PDF
2/1300.PDF,531087,2026-03-02T12:48:34Z,,ffd75fa69b492f22e1bcfabb05cccd66,pronom,fmt/354,Acrobat PDF/A - Portable Document Format,1b,application/pdf,Page Description,extension match pdf; byte match at [[0 8] [527353 44] [527403 78]] (signature 1/2),,,,2,1300,2/1300.PDF
2/1301.PDF,3894156,2026-03-02T12:48:34Z,,f52859dd1c50c4f097e9491403285335,pronom,fmt/354,Acrobat PDF/A - Portable Document Format,1b,application/pdf,Page Description,extension match pdf; byte match at [[0 8] [3890362 44] [3890412 78]] (signature 1/2),,,,2,1301,2/1301.PDF
2/1302.PDF,2264192,2026-03-02T12:48:34Z,,d30c711907c7160b628193a90d0ea71d,pronom,fmt/354,Acrobat PDF/A - Portable Document Format,1b,application/pdf,Page Description,extension match pdf; byte match at [[0 8] [2260398 44] [2260448 78]] (signature 1/2),,,,2,1302,2/1302.PDF
2/1303.PDF,2948132,2026-03-02T12:48:34Z,,f6887542b4a25177d8fcaf4a7910c2bc,pronom,fmt/354,Acrobat PDF/A - Portable Document Format,1b,application/pdf,Page Description,extension match pdf; byte match at [[0 8] [2944338 44] [2944388 78]] (signature 1/2),,,,2,1303,2/1303.PDF
2/1304.PDF,3635370,2026-03-02T12:48:34Z,,1ab47ca5a062b4837b96f675e5eda29c,pronom,fmt/354,Acrobat PDF/A - Portable Document Format,1b,application/pdf,Page Description,extension match pdf; byte match at [[0 8] [3631576 44] [3631626 78]] (signature 1/2),,,,2,1304,2/1304.PDF
2/1305.PDF,2316188,2026-03-02T12:48:34Z,,8f261658f4fd049e76835e3eec3c4d0b,pronom,fmt/354,Acrobat PDF/A - Portable Document Format,1b,application/pdf,Page Description,extension match pdf; byte match at [[0 8] [2312394 44] [2312444 78]] (signature 1/2),,,,2,1305,2/1305.PDF
2/1306.PDF,10939194,2026-03-02T12:48:34Z,,f9bfaf8a831f196205cf8ff020a5bd5d,pronom,fmt/354,Acrobat PDF/A - Portable Document Format,1b,application/pdf,Page Description,extension match pdf; byte match at [[0 8] [10935095 44] [10935145 78]] (signature 1/2),,,,2,1306,2/1306.PDF
2/1307.PDF,3971844,2026-03-02T12:48:34Z,,f62c0376b63a2fdfdec3b5fd9995cf51,pronom,fmt/354,Acrobat PDF/A - Portable Document Format,1b,application/pdf,Page Description,extension match pdf; byte match at [[0 8] [3968050 44] [3968100 78]] (signature 1/2),,,,2,1307,2/1307.PDF
2/1308.PDF,6277137,2026-03-02T12:48:35Z,,0eea81bb24658ae91ac5c139379fd375,pronom,fmt/354,Acrobat PDF/A - Portable Document Format,1b,application/pdf,Page Description,extension match pdf; byte match at [[0 8] [6273038 44] [6273088 78]] (signature 1/2),,,,2,1308,2/1308.PDF
2/1309.PDF,4227730,2026-03-02T12:48:35Z,,8eb424e519b5616b36825482dc45f631,pronom,fmt/354,Acrobat PDF/A - Portable Document Format,1b,application/pdf,Page Description,extension match pdf; byte match at [[0 8] [4223811 44] [4223861 78]] (signature 1/2),,,,2,1309,2/1309.PDF
2/1310.PDF,3074278,2026-03-02T12:48:35Z,,32c828ba0f05dbe1e1f4f72217d1fe52,pronom,fmt/354,Acrobat PDF/A - Portable Document Format,1b,application/pdf,Page Description,extension match pdf; byte match at [[0 8] [3070484 44] [3070534 78]] (signature 1/2),,,,2,1310,2/1310.PDF
2/1311.PDF,25236753,2026-03-02T12:48:35Z,,6cfdcfb65f38600c9e4381418f799bcd,pronom,fmt/354,Acrobat PDF/A - Portable Document Format,1b,application/pdf,Page Description,extension match pdf; byte match at [[0 8] [25231934 44] [25231984 78]] (signature 1/2),,,,2,1311,2/1311.PDF
2/1312.PDF,4580868,2026-03-02T12:48:35Z,,ad991526998bbfc3da21a6fc9183dff3,pronom,fmt/354,Acrobat PDF/A - Portable Document Format,1b,application/pdf,Page Description,extension match pdf; byte match at [[0 8] [4576949 44] [4576999 78]] (signature 1/2),,,,2,1312,2/1312.PDF
2/1313.PDF,4002115,2026-03-02T12:48:35Z,,04b7b49002b1fb2a5c86c1e90f056e66,pronom,fmt/354,Acrobat PDF/A - Portable Document Format,1b,application/pdf,Page Description,extension match pdf; byte match at [[0 8] [3998257 44] [3998307 78]] (signature 1/2),,,,2,1313,2/1313.PDF
2/1314.PDF,1827946,2026-03-02T12:48:35Z,,4efa72e171376b39bd14e665bb32a69a,pronom,fmt/354,Acrobat PDF/A - Portable Document Format,1b,application/pdf,Page Description,extension match pdf; byte match at [[0 8] [1824152 44] [1824202 78]] (signature 1/2),,,,2,1314,2/1314.PDF
2/1315.PDF,2099457,2026-03-02T12:48:35Z,,f6c4f7e4bc205e3bcd0fe0550b8e60b8,pronom,fmt/354,Acrobat PDF/A - Portable Document Format,1b,application/pdf,Page Description,extension match pdf; byte match at [[0 8] [2095663 44] [2095713 78]] (signature 1/2),,,,2,1315,2/1315.PDF
2/1316.PDF,6023404,2026-03-02T12:48:35Z,,c8f68f2ea19d7dbd642a85ff674ad251,pronom,fmt/354,Acrobat PDF/A - Portable Document Format,1b,application/pdf,Page Description,extension match pdf; byte match at [[0 8] [6019546 44] [6019596 78]] (signature 1/2),,,,2,1316,2/1316.PDF
2/1317.PDF,3078777,2026-03-02T12:48:35Z,,f9fb87f37e1e0902f23a25d3b2f8a042,pronom,fmt/354,Acrobat PDF/A - Portable Document Format,1b,application/pdf,Page Description,extension match pdf; byte match at [[0 8] [3074983 44] [3075033 78]] (signature 1/2),,,,2,1317,2/1317.PDF
2/1318.PDF,4954089,2026-03-02T12:48:35Z,,ccf17ea1837f7e15774bc755d6902cef,pronom,fmt/354,Acrobat PDF/A - Portable Document Format,1b,application/pdf,Page Description,extension match pdf; byte match at [[0 8] [4950231 44] [4950281 78]] (signature 1/2),,,,2,1318,2/1318.PDF
2/1319.PDF,6968832,2026-03-02T12:48:35Z,,e0901c38ac1cd84ce2c3f4065b0d41c7,pronom,fmt/354,Acrobat PDF/A - Portable Document Format,1b,application/pdf,Page Description,extension match pdf; byte match at [[0 8] [6964673 44] [6964723 78]] (signature 1/2),,,,2,1319,2/1319.PDF
2/1320.PDF,1281464,2026-03-02T12:48:35Z,,1fdec95d70e420587b18f5d9ed39f81a,pronom,fmt/354,Acrobat PDF/A - Portable Document Format,1b,application/pdf,Page Description,extension match pdf; byte match at [[0 8] [1277670 44] [1277720 78]] (signature 1/2),,,,2,1320,2/1320.PDF
2/1321.PDF,1827418,2026-03-02T12:48:35Z,,ffe0e5da4aede9b4332580480c6ffefc,pronom,fmt/354,Acrobat PDF/A - Portable Document Format,1b,application/pdf,Page Description,extension match pdf; byte match at [[0 8] [1823624 44] [1823674 78]] (signature 1/2),,,,2,1321,2/1321.PDF
2/1322.PDF,2863674,2026-03-02T12:48:35Z,,460ba2755383ffee7a8fd1952b7159d6,pronom,fmt/354,Acrobat PDF/A - Portable Document Format,1b,application/pdf,Page Description,extension match pdf; byte match at [[0 8] [2859816 44] [2859866 78]] (signature 1/2),,,,2,1322,2/1322.PDF
2/1323.PDF,3564067,2026-03-02T12:48:35Z,,7bd3273f743b0eae2def3f23a7154dfb,pronom,fmt/354,Acrobat PDF/A - Portable Document Format,1b,application/pdf,Page Description,extension match pdf; byte match at [[0 8] [3560209 44] [3560259 78]] (signature 1/2),,,,2,1323,2/1323.PDF
2/1324.PDF,4502671,2026-03-02T12:48:35Z,,36dfd3d5d0cf75cd67596e239c6ded8f,pronom,fmt/354,Acrobat PDF/A - Portable Document Format,1b,application/pdf,Page Description,extension match pdf; byte match at [[0 8] [4498813 44] [4498863 78]] (signature 1/2),,,,2,1324,2/1324.PDF
2/1325.PDF,2539146,2026-03-02T12:48:35Z,,e741fe1d4ba33fb6978605150b84d6f0,pronom,fmt/354,Acrobat PDF/A - Portable Document Format,1b,application/pdf,Page Description,extension match pdf; byte match at [[0 8] [2535352 44] [2535402 78]] (signature 1/2),,,,2,1325,2/1325.PDF
2/1326.PDF,1861630,2026-03-02T12:48:35Z,,43ea174ffeb99bc68950c0c3a8329c25,pronom,fmt/354,Acrobat PDF/A - Portable Document Format,1b,application/pdf,Page Description,extension match pdf; byte match at [[0 8] [1857772 44] [1857822 78]] (signature 1/2),,,,2,1326,2/1326.PDF
2/1327.PDF,2956333,2026-03-02T12:48:35Z,,e52ae969dd353a61def45eaad4cfe303,pronom,fmt/354,Acrobat PDF/A - Portable Document Format,1b,application/pdf,Page Description,extension match pdf; byte match at [[0 8] [2952539 44] [2952589 78]] (signature 1/2),,,,2,1327,2/1327.PDF
2/1328.PDF,1450811,2026-03-02T12:48:35Z,,75f65176975d683489045b3ee10ee8ea,pronom,fmt/354,Acrobat PDF/A - Portable Document Format,1b,application/pdf,Page Description,extension match pdf; byte match at [[0 8] [1447017 44] [1447067 78]] (signature 1/2),,,,2,1328,2/1328.PDF
2/1329.PDF,1912187,2026-03-02T12:48:36Z,,408496e97c3c4b00d238244f4f7bae50,pronom,fmt/354,Acrobat PDF/A - Portable Document Format,1b,application/pdf,Page Description,extension match pdf; byte match at [[0 8] [1908393 44] [1908443 78]] (signature 1/2),,,,2,1329,2/1329.PDF
2/1330.PDF,2956395,2026-03-02T12:48:36Z,,c41cbb74c063859110333006a581f742,pronom,fmt/354,Acrobat PDF/A - Portable Document Format,1b,application/pdf,Page Description,extension match pdf; byte match at [[0 8] [2952601 44] [2952651 78]] (signature 1/2),,,,2,1330,2/1330.PDF
2/1331.PDF,4376898,2026-03-02T12:48:36Z,,2d43c66a0f00963c6d1a9be720d665d5,pronom,fmt/354,Acrobat PDF/A - Portable Document Format,1b,application/pdf,Page Description,extension match pdf; byte match at [[0 8] [4373104 44] [4373154 78]] (signature 1/2),,,,2,1331,2/1331.PDF
2/1332.PDF,1857461,2026-03-02T12:48:36Z,,300057b78919745373fba23b5fdf55dd,pronom,fmt/354,Acrobat PDF/A - Portable Document Format,1b,application/pdf,Page Description,extension match pdf; byte match at [[0 8] [1853667 44] [1853717 78]] (signature 1/2),,,,2,1332,2/1332.PDF
2/1333.PDF,2170384,2026-03-02T12:48:36Z,,72e6e0527416daff01a0415d748a0cd5,pronom,fmt/354,Acrobat PDF/A - Portable Document Format,1b,application/pdf,Page Description,extension match pdf; byte match at [[0 8] [2166590 44] [2166640 78]] (signature 1/2),,,,2,1333,2/1333.PDF
2/1334.PDF,1547431,2026-03-02T12:48:36Z,,6cf9c3098cbfe64221b0e4947c7314e0,pronom,fmt/354,Acrobat PDF/A - Portable Document Format,1b,application/pdf,Page Description,extension match pdf; byte match at [[0 8] [1543637 44] [1543687 78]] (signature 1/2),,,,2,1334,2/1334.PDF
2/1335.PDF,2461877,2026-03-02T12:48:36Z,,a91e37d0fc906a878276da258534680c,pronom,fmt/354,Acrobat PDF/A - Portable Document Format,1b,application/pdf,Page Description,extension match pdf; byte match at [[0 8] [2458019 44] [2458069 78]] (signature 1/2),,,,2,1335,2/1335.PDF
2/1336.PDF,1757361,2026-03-02T12:48:36Z,,86c339cc9284eec6dc486f9fdda96b1c,pronom,fmt/354,Acrobat PDF/A - Portable Document Format,1b,application/pdf,Page Description,extension match pdf; byte match at [[0 8] [1753503 44] [1753553 78]] (signature 1/2),,,,2,1336,2/1336.PDF
2/1337.PDF,7425034,2026-03-02T12:48:36Z,,99fa75fe9d778b3444edfe80c18842f8,pronom,fmt/354,Acrobat PDF/A - Portable Document Format,1b,application/pdf,Page Description,extension match pdf; byte match at [[0 8] [7421176 44] [7421226 78]] (signature 1/2),,,,2,1337,2/1337.PDF
2/1338.PDF,594213,2026-03-02T12:48:36Z,,65f04739adf36101a19e74c7bee1f064,pronom,fmt/354,Acrobat PDF/A - Portable Document Format,1b,application/pdf,Page Description,extension match pdf; byte match at [[0 8] [590479 44] [590529 78]] (signature 1/2),,,,2,1338,2/1338.PDF
2/1339.PDF,8107244,2026-03-02T12:48:36Z,,add263cea24c7b82512edb21b6e792cd,pronom,fmt/354,Acrobat PDF/A - Portable Document Format,1b,application/pdf,Page Description,extension match pdf; byte match at [[0 8] [8103085 44] [8103135 78]] (signature 1/2),,,,2,1339,2/1339.PDF
2/1340.PDF,1158165,2026-03-02T12:48:36Z,,af49bf1f285ca4413e3f6a047e77be7a,pronom,fmt/354,Acrobat PDF/A - Portable Document Format,1b,application/pdf,Page Description,extension match pdf; byte match at [[0 8] [1154371 44] [1154421 78]] (signature 1/2),,,,2,1340,2/1340.PDF
2/1341.PDF,3704503,2026-03-02T12:48:36Z,,ef2372d1845ca0cba53418befbfeea6e,pronom,fmt/354,Acrobat PDF/A - Portable Document Format,1b,application/pdf,Page Description,extension match pdf; byte match at [[0 8] [3700584 44] [3700634 78]] (signature 1/2),,,,2,1341,2/1341.PDF
2/1342.PDF,1814754,2026-03-02T12:48:36Z,,eaaec3c5af0f5c0bc78dca061127b264,pronom,fmt/354,Acrobat PDF/A - Portable Document Format,1b,application/pdf,Page Description,extension match pdf; byte match at [[0 8] [1810960 44] [1811010 78]] (signature 1/2),,,,2,1342,2/1342.PDF
2/1343.PDF,1160416,2026-03-02T12:48:36Z,,5c6aa7b2f8ad6d8a60fb9382981bdb84,pronom,fmt/354,Acrobat PDF/A - Portable Document Format,1b,application/pdf,Page Description,extension match pdf; byte match at [[0 8] [1156622 44] [1156672 78]] (signature 1/2),,,,2,1343,2/1343.PDF
2/1344.PDF,3617611,2026-03-02T12:48:36Z,,bf28f3c06f8060f4e4c35f5be3b94910,pronom,fmt/354,Acrobat PDF/A - Portable Document Format,1b,application/pdf,Page Description,extension match pdf; byte match at [[0 8] [3613753 44] [3613803 78]] (signature 1/2),,,,2,1344,2/1344.PDF
2/1345.PDF,4353371,2026-03-02T12:48:36Z,,e3c3a6cb98ded14ffd36a750e6922141,pronom,fmt/354,Acrobat PDF/A - Portable Document Format,1b,application/pdf,Page Description,extension match pdf; byte match at [[0 8] [4349513 44] [4349563 78]] (signature 1/2),,,,2,1345,2/1345.PDF
2/1346.PDF,2183800,2026-03-02T12:48:36Z,,38572f8a94b022ebaa7301c324e1956a,pronom,fmt/354,Acrobat PDF/A - Portable Document Format,1b,application/pdf,Page Description,extension match pdf; byte match at [[0 8] [2179942 44] [2179992 78]] (signature 1/2),,,,2,1346,2/1346.PDF
2/1347.PDF,5434005,2026-03-02T12:48:36Z,,76e801ac45c9cc4014d6b50ff7038b57,pronom,fmt/354,Acrobat PDF/A - Portable Document Format,1b,application/pdf,Page Description,extension match pdf; byte match at [[0 8] [5430147 44] [5430197 78]] (signature 1/2),,,,2,1347,2/1347.PDF
2/1348.PDF,313239,2026-03-02T12:48:36Z,,9040118eb712370495a622aec4958659,pronom,fmt/354,Acrobat PDF/A - Portable Document Format,1b,application/pdf,Page Description,extension match pdf; byte match at [[0 8] [309505 44] [309555 78]] (signature 1/2),,,,2,1348,2/1348.PDF
2/1349.PDF,4162326,2026-03-02T12:48:36Z,,5d689877b3bf3e2652c9a85207633f0f,pronom,fmt/354,Acrobat PDF/A - Portable Document Format,1b,application/pdf,Page Description,extension match pdf; byte match at [[0 8] [4158407 44] [4158457 78]] (signature 1/2),,,,2,1349,2/1349.PDF
2/1350.PDF,6602480,2026-03-02T12:48:36Z,,b85e6f5f73d8384b80abc87a4e2ae198,pronom,fmt/354,Acrobat PDF/A - Portable Document Format,1b,application/pdf,Page Description,extension match pdf; byte match at [[0 8] [6598261 44] [6598311 78]] (signature 1/2),,,,2,1350,2/1350.PDF
2/1351.PDF,2340909,2026-03-02T12:48:36Z,,03843184c36d572c170d8531a8f917d4,pronom,fmt/354,Acrobat PDF/A - Portable Document Format,1b,application/pdf,Page Description,extension match pdf; byte match at [[0 8] [2337051 44] [2337101 78]] (signature 1/2),,,,2,1351,2/1351.PDF
2/1352.PDF,1165850,2026-03-02T12:48:36Z,,9a25a18d122ea76d9312ae5d856e3887,pronom,fmt/354,Acrobat PDF/A - Portable Document Format,1b,application/pdf,Page Description,extension match pdf; byte match at [[0 8] [1162056 44] [1162106 78]] (signature 1/2),,,,2,1352,2/1352.PDF
2/1353.PDF,3624721,2026-03-02T12:48:36Z,,df8286bc50fce409886eafadaa88b953,pronom,fmt/354,Acrobat PDF/A - Portable Document Format,1b,application/pdf,Page Description,extension match pdf; byte match at [[0 8] [3620863 44] [3620913 78]] (signature 1/2),,,,2,1353,2/1353.PDF
2/1354.PDF,923870,2026-03-02T12:48:36Z,,29ade8de283b9e645ab9bc7dfa5d394c,pronom,fmt/354,Acrobat PDF/A - Portable Document Format,1b,application/pdf,Page Description,extension match pdf; byte match at [[0 8] [920076 44] [920126 78]] (signature 1/2),,,,2,1354,2/1354.PDF
2/1355.PDF,2445295,2026-03-02T12:48:36Z,,60ba9479ffb1796036fac3c05685301f,pronom,fmt/354,Acrobat PDF/A - Portable Document Format,1b,application/pdf,Page Description,extension match pdf; byte match at [[0 8] [2441501 44] [2441551 78]] (signature 1/2),,,,2,1355,2/1355.PDF
2/1356.PDF,2043008,2026-03-02T12:48:36Z,,a326e9bc466f6e8dadd88fcb956f6f19,pronom,fmt/354,Acrobat PDF/A - Portable Document Format,1b,application/pdf,Page Description,extension match pdf; byte match at [[0 8] [2039214 44] [2039264 78]] (signature 1/2),,,,2,1356,2/1356.PDF
2/1357.PDF,3819952,2026-03-02T12:48:36Z,,bf2ea5b7957b18dbdaad523c929870be,pronom,fmt/354,Acrobat PDF/A - Portable Document Format,1b,application/pdf,Page Description,extension match pdf; byte match at [[0 8] [3816094 44] [3816144 78]] (signature 1/2),,,,2,1357,2/1357.PDF
2/1358.PDF,2990025,2026-03-02T12:48:36Z,,43d6cd6e3296186c91b93daa8034fcf5,pronom,fmt/354,Acrobat PDF/A - Portable Document Format,1b,application/pdf,Page Description,extension match pdf; byte match at [[0 8] [2986231 44] [2986281 78]] (signature 1/2),,,,2,1358,2/1358.PDF
2/1359.PDF,2900549,2026-03-02T12:48:36Z,,7caaa19e36c5d38f9240084e3acd8c0a,pronom,fmt/354,Acrobat PDF/A - Portable Document Format,1b,application/pdf,Page Description,extension match pdf; byte match at [[0 8] [2896755 44] [2896805 78]] (signature 1/2),,,,2,1359,2/1359.PDF
2/1360.PDF,1693827,2026-03-02T12:48:36Z,,34c58022af3df4c6c51baea1fc8a71f9,pronom,fmt/354,Acrobat PDF/A - Portable Document Format,1b,application/pdf,Page Description,extension match pdf; byte match at [[0 8] [1690033 44] [1690083 78]] (signature 1/2),,,,2,1360,2/1360.PDF
2/1361.PDF,3309035,2026-03-02T12:48:36Z,,854c55cc5161418df31a017965de584b,pronom,fmt/354,Acrobat PDF/A - Portable Document Format,1b,application/pdf,Page Description,extension match pdf; byte match at [[0 8] [3305301 44] [3305351 78]] (signature 1/2),,,,2,1361,2/1361.PDF
2/1362.PDF,3461137,2026-03-02T12:48:36Z,,49d05f1dde7b13bdd42299066f175c24,pronom,fmt/354,Acrobat PDF/A - Portable Document Format,1b,application/pdf,Page Description,extension match pdf; byte match at [[0 8] [3457279 44] [3457329 78]] (signature 1/2),,,,2,1362,2/1362.PDF
2/1363.PDF,1802040,2026-03-02T12:48:36Z,,3de9e26bfcf4fb38713a5dfcacd58c44,pronom,fmt/354,Acrobat PDF/A - Portable Document Format,1b,application/pdf,Page Description,extension match pdf; byte match at [[0 8] [1798182 44] [1798232 78]] (signature 1/2),,,,2,1363,2/1363.PDF
2/1364.PDF,493048,2026-03-02T12:48:36Z,,c03f90e8e861f635c02bba497464bc19,pronom,fmt/354,Acrobat PDF/A - Portable Document Format,1b,application/pdf,Page Description,extension match pdf; byte match at [[0 8] [489314 44] [489364 78]] (signature 1/2),,,,2,1364,2/1364.PDF
2/1365.PDF,2604346,2026-03-02T12:48:36Z,,614983ea96ccf6cb0ec848da2f88cc6f,pronom,fmt/354,Acrobat PDF/A - Portable Document Format,1b,application/pdf,Page Description,extension match pdf; byte match at [[0 8] [2600488 44] [2600538 78]] (signature 1/2),,,,2,1365,2/1365.PDF
2/1366.PDF,1768229,2026-03-02T12:48:36Z,,c8a8f066e3502bb7763b9b100b356eef,pronom,fmt/354,Acrobat PDF/A - Portable Document Format,1b,application/pdf,Page Description,extension match pdf; byte match at [[0 8] [1764435 44] [1764485 78]] (signature 1/2),,,,2,1366,2/1366.PDF
2/1367.PDF,1475450,2026-03-02T12:48:36Z,,b7ee4e108f82edbd04b2e3ce8b5e8953,pronom,fmt/354,Acrobat PDF/A - Portable Document Format,1b,application/pdf,Page Description,extension match pdf; byte match at [[0 8] [1471656 44] [1471706 78]] (signature 1/2),,,,2,1367,2/1367.PDF
2/1368.PDF,4298586,2026-03-02T12:48:37Z,,061db8cee881bdb3e093baf900ed9b3a,pronom,fmt/354,Acrobat PDF/A - Portable Document Format,1b,application/pdf,Page Description,extension match pdf; byte match at [[0 8] [4294547 44] [4294597 78]] (signature 1/2),,,,2,1368,2/1368.PDF
2/1369.PDF,656224,2026-03-02T12:48:37Z,,a297d8384415c679f916f62e41433a19,pronom,fmt/354,Acrobat PDF/A - Portable Document Format,1b,application/pdf,Page Description,extension match pdf; byte match at [[0 8] [652430 44] [652480 78]] (signature 1/2),,,,2,1369,2/1369.PDF
2/1370.PDF,2277320,2026-03-02T12:48:37Z,,be9acaf6acaa81fb3c79c8c2d9df550e,pronom,fmt/354,Acrobat PDF/A - Portable Document Format,1b,application/pdf,Page Description,extension match pdf; byte match at [[0 8] [2273401 44] [2273451 78]] (signature 1/2),,,,2,1370,2/1370.PDF
2/1371.PDF,1823647,2026-03-02T12:48:37Z,,892c622f0cbf1bd23c5e1b0470bab663,pronom,fmt/354,Acrobat PDF/A - Portable Document Format,1b,application/pdf,Page Description,extension match pdf; byte match at [[0 8] [1819789 44] [1819839 78]] (signature 1/2),,,,2,1371,2/1371.PDF
2/1372.PDF,1241834,2026-03-02T12:48:37Z,,551d6c3306aaa9ecf5c6d174e6ee0907,pronom,fmt/354,Acrobat PDF/A - Portable Document Format,1b,application/pdf,Page Description,extension match pdf; byte match at [[0 8] [1238040 44] [1238090 78]] (signature 1/2),,,,2,1372,2/1372.PDF
2/1373.PDF,5353548,2026-03-02T12:48:37Z,,76bbdf541086a366e1ea6cc3b6ce44e6,pronom,fmt/354,Acrobat PDF/A - Portable Document Format,1b,application/pdf,Page Description,extension match pdf; byte match at [[0 8] [5349690 44] [5349740 78]] (signature 1/2),,,,2,1373,2/1373.PDF
2/1374.PDF,4593375,2026-03-02T12:48:37Z,,9eead4359311ad360a21e60e4ddf64f5,pronom,fmt/354,Acrobat PDF/A - Portable Document Format,1b,application/pdf,Page Description,extension match pdf; byte match at [[0 8] [4589396 44] [4589446 78]] (signature 1/2),,,,2,1374,2/1374.PDF
2/1375.PDF,2853067,2026-03-02T12:48:37Z,,a5a8ac3f84a57658a6b2aa26cae0145d,pronom,fmt/354,Acrobat PDF/A - Portable Document Format,1b,application/pdf,Page Description,extension match pdf; byte match at [[0 8] [2849209 44] [2849259 78]] (signature 1/2),,,,2,1375,2/1375.PDF
2/1376.PDF,3100285,2026-03-02T12:48:37Z,,d4ba644191a795115f45daa152c4f4a6,pronom,fmt/354,Acrobat PDF/A - Portable Document Format,1b,application/pdf,Page Description,extension match pdf; byte match at [[0 8] [3096427 44] [3096477 78]] (signature 1/2),,,,2,1376,2/1376.PDF
2/1377.PDF,5078873,2026-03-02T12:48:37Z,,79f18f266db9d9f19138514bd28283fc,pronom,fmt/354,Acrobat PDF/A - Portable Document Format,1b,application/pdf,Page Description,extension match pdf; byte match at [[0 8] [5074594 44] [5074644 78]] (signature 1/2),,,,2,1377,2/1377.PDF
2/1378.PDF,3583544,2026-03-02T12:48:37Z,,95e0fd537b2574e80063a67795005129,pronom,fmt/354,Acrobat PDF/A - Portable Document Format,1b,application/pdf,Page Description,extension match pdf; byte match at [[0 8] [3579565 44] [3579615 78]] (signature 1/2),,,,2,1378,2/1378.PDF
2/1379.PDF,527957,2026-03-02T12:48:37Z,,e8b89677bd12f4f413c6a1773bed2929,pronom,fmt/354,Acrobat PDF/A - Portable Document Format,1b,application/pdf,Page Description,extension match pdf; byte match at [[0 8] [524163 44] [524213 78]] (signature 1/2),,,,2,1379,2/1379.PDF
2/1380.PDF,5407983,2026-03-02T12:48:37Z,,ef1ae319a89bd7895072c4f5fac71e5f,pronom,fmt/354,Acrobat PDF/A - Portable Document Format,1b,application/pdf,Page Description,extension match pdf; byte match at [[0 8] [5404004 44] [5404054 78]] (signature 1/2),,,,2,1380,2/1380.PDF
2/1381.PDF,2203239,2026-03-02T12:48:37Z,,6014a29664fe32259535c4a705051155,pronom,fmt/354,Acrobat PDF/A - Portable Document Format,1b,application/pdf,Page Description,extension match pdf; byte match at [[0 8] [2199320 44] [2199370 78]] (signature 1/2),,,,2,1381,2/1381.PDF
2/1382.PDF,3765919,2026-03-02T12:48:37Z,,31359f91f332b9752154c42a4d5af466,pronom,fmt/354,Acrobat PDF/A - Portable Document Format,1b,application/pdf,Page Description,extension match pdf; byte match at [[0 8] [3762061 44] [3762111 78]] (signature 1/2),,,,2,1382,2/1382.PDF
2/1383.PDF,538268,2026-03-02T12:48:37Z,,4a7bfd63d31f712538e5f5c00f7a67eb,pronom,fmt/354,Acrobat PDF/A - Portable Document Format,1b,application/pdf,Page Description,extension match pdf; byte match at [[0 8] [534474 44] [534524 78]] (signature 1/2),,,,2,1383,2/1383.PDF
2/1384.PDF,4115835,2026-03-02T12:48:37Z,,dcbc1bdfda444b6fcf9cc0790424179b,pronom,fmt/354,Acrobat PDF/A - Portable Document Format,1b,application/pdf,Page Description,extension match pdf; byte match at [[0 8] [4111916 44] [4111966 78]] (signature 1/2),,,,2,1384,2/1384.PDF
2/1385.PDF,1428144,2026-03-02T12:48:37Z,,e8a0fc2d390419e6594000dfc3dfd458,pronom,fmt/354,Acrobat PDF/A - Portable Document Format,1b,application/pdf,Page Description,extension match pdf; byte match at [[0 8] [1424410 44] [1424460 78]] (signature 1/2),,,,2,1385,2/1385.PDF
2/1386.PDF,7960901,2026-03-02T12:48:37Z,,7439ef14a968549ca68947d2e0aab48c,pronom,fmt/354,Acrobat PDF/A - Portable Document Format,1b,application/pdf,Page Description,extension match pdf; byte match at [[0 8] [7956622 44] [7956672 78]] (signature 1/2),,,,2,1386,2/1386.PDF
2/1387.PDF,3598866,2026-03-02T12:48:37Z,,f910a64420319f6ab3062098d258eb67,pronom,fmt/354,Acrobat PDF/A - Portable Document Format,1b,application/pdf,Page Description,extension match pdf; byte match at [[0 8] [3595072 44] [3595122 78]] (signature 1/2),,,,2,1387,2/1387.PDF
2/1388.PDF,2653397,2026-03-02T12:48:37Z,,5065c0fca4d96251d325058749cfd894,pronom,fmt/354,Acrobat PDF/A - Portable Document Format,1b,application/pdf,Page Description,extension match pdf; byte match at [[0 8] [2649603 44] [2649653 78]] (signature 1/2),,,,2,1388,2/1388.PDF
2/1389.PDF,4583412,2026-03-02T12:48:37Z,,3673e41eee3be2e0867c4ded734ff1b7,pronom,fmt/354,Acrobat PDF/A - Portable Document Format,1b,application/pdf,Page Description,extension match pdf; byte match at [[0 8] [4579618 44] [4579668 78]] (signature 1/2),,,,2,1389,2/1389.PDF
2/1390.PDF,207946,2026-03-02T12:48:37Z,,ecefc0252702fb3d691a7f273b9ae0de,pronom,fmt/354,Acrobat PDF/A - Portable Document Format,1b,application/pdf,Page Description,extension match pdf; byte match at [[0 8] [204212 44] [204262 78]] (signature 1/2),,,,2,1390,2/1390.PDF
2/1391.PDF,3404828,2026-03-02T12:48:37Z,,be7303df1470fb78004ab155c7c63673,pronom,fmt/354,Acrobat PDF/A - Portable Document Format,1b,application/pdf,Page Description,extension match pdf; byte match at [[0 8] [3400849 44] [3400899 78]] (signature 1/2),,,,2,1391,2/1391.PDF
2/1392.PDF,221868,2026-03-02T12:48:37Z,,b35ed6b194bd52960cf7d98528e06f43,pronom,fmt/354,Acrobat PDF/A - Portable Document Format,1b,application/pdf,Page Description,extension match pdf; byte match at [[0 8] [218134 44] [218184 78]] (signature 1/2),,,,2,1392,2/1392.PDF
2/1393.PDF,6767664,2026-03-02T12:48:37Z,,d4f7ee493fcf621b3e57cbdf30d2fda7,pronom,fmt/354,Acrobat PDF/A - Portable Document Format,1b,application/pdf,Page Description,extension match pdf; byte match at [[0 8] [6763870 44] [6763920 78]] (signature 1/2),,,,2,1393,2/1393.PDF
2/1394.PDF,4227295,2026-03-02T12:48:37Z,,9e344be7443f021a3320b177fb7f6834,pronom,fmt/354,Acrobat PDF/A - Portable Document Format,1b,application/pdf,Page Description,extension match pdf; byte match at [[0 8] [4223376 44] [4223426 78]] (signature 1/2),,,,2,1394,2/1394.PDF
2/1395.PDF,3431254,2026-03-02T12:48:37Z,,830c64801af80c57c408e31fe0b41097,pronom,fmt/354,Acrobat PDF/A - Portable Document Format,1b,application/pdf,Page Description,extension match pdf; byte match at [[0 8] [3427396 44] [3427446 78]] (signature 1/2),,,,2,1395,2/1395.PDF
2/1396.PDF,296613,2026-03-02T12:48:37Z,,4b99258da4fe47b0452d3af3505a2a66,pronom,fmt/354,Acrobat PDF/A - Portable Document Format,1b,application/pdf,Page Description,extension match pdf; byte match at [[0 8] [292879 44] [292929 78]] (signature 1/2),,,,2,1396,2/1396.PDF
2/1397.PDF,3704407,2026-03-02T12:48:38Z,,84cef14009222ea5c9867e8e0f942503,pronom,fmt/354,Acrobat PDF/A - Portable Document Format,1b,application/pdf,Page Description,extension match pdf; byte match at [[0 8] [3700488 44] [3700538 78]] (signature 1/2),,,,2,1397,2/1397.PDF
2/1398.PDF,18340303,2026-03-02T12:48:38Z,,e659eaae948ab634f0273a3bb83aeead,pronom,fmt/354,Acrobat PDF/A - Portable Document Format,1b,application/pdf,Page Description,extension match pdf; byte match at [[0 8] [18335544 44] [18335594 78]] (signature 1/2),,,,2,1398,2/1398.PDF
2/1399.PDF,1804659,2026-03-02T12:48:38Z,,02c87431a423d27012dc296df68d5a80,pronom,fmt/354,Acrobat PDF/A - Portable Document Format,1b,application/pdf,Page Description,extension match pdf; byte match at [[0 8] [1800865 44] [1800915 78]] (signature 1/2),,,,2,1399,2/1399.PDF
2/1400.PDF,10922900,2026-03-02T12:48:38Z,,96de3fccef02c3fdd4a6092036a5d704,pronom,fmt/354,Acrobat PDF/A - Portable Document Format,1b,application/pdf,Page Description,extension match pdf; byte match at [[0 8] [10918741 44] [10918791 78]] (signature 1/2),,,,2,1400,2/1400.PDF
2/1401.PDF,15342834,2026-03-02T12:48:38Z,,a5e408b21207b8c88fbe58837224a5af,pronom,fmt/354,Acrobat PDF/A - Portable Document Format,1b,application/pdf,Page Description,extension match pdf; byte match at [[0 8] [15338735 44] [15338785 78]] (signature 1/2),,,,2,1401,2/1401.PDF
2/1402.PDF,2169774,2026-03-02T12:48:38Z,,0a6404679779e6900615952a66d190ea,pronom,fmt/354,Acrobat PDF/A - Portable Document Format,1b,application/pdf,Page Description,extension match pdf; byte match at [[0 8] [2165916 44] [2165966 78]] (signature 1/2),,,,2,1402,2/1402.PDF
2/1403.PDF,3668629,2026-03-02T12:48:38Z,,cc282d9c018b71822b2850f6cfedd58f,pronom,fmt/354,Acrobat PDF/A - Portable Document Format,1b,application/pdf,Page Description,extension match pdf; byte match at [[0 8] [3664835 44] [3664885 78]] (signature 1/2),,,,2,1403,2/1403.PDF
2/1404.PDF,4810527,2026-03-02T12:48:38Z,,7ac098a791a01f54ad9b126c98140000,pronom,fmt/354,Acrobat PDF/A - Portable Document Format,1b,application/pdf,Page Description,extension match pdf; byte match at [[0 8] [4806428 44] [4806478 78]] (signature 1/2),,,,2,1404,2/1404.PDF
2/1405.PDF,2026687,2026-03-02T12:48:38Z,,fe9e8aa7b8222fbefeed6353be06922b,pronom,fmt/354,Acrobat PDF/A - Portable Document Format,1b,application/pdf,Page Description,extension match pdf; byte match at [[0 8] [2022829 44] [2022879 78]] (signature 1/2),,,,2,1405,2/1405.PDF
2/1406.PDF,5303075,2026-03-02T12:48:38Z,,ec108040a42af00cdc28c2ed3082ee69,pronom,fmt/354,Acrobat PDF/A - Portable Document Format,1b,application/pdf,Page Description,extension match pdf; byte match at [[0 8] [5299217 44] [5299267 78]] (signature 1/2),,,,2,1406,2/1406.PDF
2/1407.PDF,4952873,2026-03-02T12:48:38Z,,70ca82de0a14c1a1fba1f1c3e2fdd99d,pronom,fmt/354,Acrobat PDF/A - Portable Document Format,1b,application/pdf,Page Description,extension match pdf; byte match at [[0 8] [4948954 44] [4949004 78]] (signature 1/2),,,,2,1407,2/1407.PDF
2/1408.PDF,18692350,2026-03-02T12:48:38Z,,53c6cc1dc2bd1cf341560f4b7085e8bf,pronom,fmt/354,Acrobat PDF/A - Portable Document Format,1b,application/pdf,Page Description,extension match pdf; byte match at [[0 8] [18687591 44] [18687641 78]] (signature 1/2),,,,2,1408,2/1408.PDF
2/1409.PDF,7910763,2026-03-02T12:48:38Z,,019dec705a016db2985cb86cea9375df,pronom,fmt/354,Acrobat PDF/A - Portable Document Format,1b,application/pdf,Page Description,extension match pdf; byte match at [[0 8] [7906664 44] [7906714 78]] (signature 1/2),,,,2,1409,2/1409.PDF
2/1410.PDF,2583667,2026-03-02T12:48:38Z,,20644d79971b3d7a0187fe95ae784984,pronom,fmt/354,Acrobat PDF/A - Portable Document Format,1b,application/pdf,Page Description,extension match pdf; byte match at [[0 8] [2579809 44] [2579859 78]] (signature 1/2),,,,2,1410,2/1410.PDF
2/1411.PDF,3488752,2026-03-02T12:48:38Z,,9c8355fd184ec9a184ab2aad6aa3c3ca,pronom,fmt/354,Acrobat PDF/A - Portable Document Format,1b,application/pdf,Page Description,extension match pdf; byte match at [[0 8] [3484894 44] [3484944 78]] (signature 1/2),,,,2,1411,2/1411.PDF
2/1412.PDF,5689319,2026-03-02T12:48:38Z,,ffa9b3150f3a6e3e3359503a464e8d57,pronom,fmt/354,Acrobat PDF/A - Portable Document Format,1b,application/pdf,Page Description,extension match pdf; byte match at [[0 8] [5685220 44] [5685270 78]] (signature 1/2),,,,2,1412,2/1412.PDF
2/1413.PDF,2198947,2026-03-02T12:48:38Z,,cd2d110982c0cd257a1dbbb448e36aba,pronom,fmt/354,Acrobat PDF/A - Portable Document Format,1b,application/pdf,Page Description,extension match pdf; byte match at [[0 8] [2195153 44] [2195203 78]] (signature 1/2),,,,2,1413,2/1413.PDF
2/1414.PDF,4771180,2026-03-02T12:48:38Z,,ee1324fc986748a8abc958adbb8c8324,pronom,fmt/354,Acrobat PDF/A - Portable Document Format,1b,application/pdf,Page Description,extension match pdf; byte match at [[0 8] [4767322 44] [4767372 78]] (signature 1/2),,,,2,1414,2/1414.PDF
2/1415.PDF,2599435,2026-03-02T12:48:38Z,,313315f0331ca9e034f6029db2189c2c,pronom,fmt/354,Acrobat PDF/A - Portable Document Format,1b,application/pdf,Page Description,extension match pdf; byte match at [[0 8] [2595641 44] [2595691 78]] (signature 1/2),,,,2,1415,2/1415.PDF
2/1416.PDF,5741678,2026-03-02T12:48:38Z,,f03ad6bc25696b393783ffff147707e1,pronom,fmt/354,Acrobat PDF/A - Portable Document Format,1b,application/pdf,Page Description,extension match pdf; byte match at [[0 8] [5737884 44] [5737934 78]] (signature 1/2),,,,2,1416,2/1416.PDF
2/1417.PDF,1965243,2026-03-02T12:48:38Z,,57a254ea7c477e74789175cf0e8a37ae,pronom,fmt/354,Acrobat PDF/A - Portable Document Format,1b,application/pdf,Page Description,extension match pdf; byte match at [[0 8] [1961449 44] [1961499 78]] (signature 1/2),,,,2,1417,2/1417.PDF
2/1418.PDF,1883152,2026-03-02T12:48:38Z,,d501bbbd7b374b811f4c338ea2d51139,pronom,fmt/354,Acrobat PDF/A - Portable Document Format,1b,application/pdf,Page Description,extension match pdf; byte match at [[0 8] [1879358 44] [1879408 78]] (signature 1/2),,,,2,1418,2/1418.PDF
2/1419.PDF,5043589,2026-03-02T12:48:38Z,,b5166c87554ca8563871eefa4f406527,pronom,fmt/354,Acrobat PDF/A - Portable Document Format,1b,application/pdf,Page Description,extension match pdf; byte match at [[0 8] [5039731 44] [5039781 78]] (signature 1/2),,,,2,1419,2/1419.PDF
2/1420.PDF,2348238,2026-03-02T12:48:38Z,,8e26fd18be4f1314d570f23f24cb7a38,pronom,fmt/354,Acrobat PDF/A - Portable Document Format,1b,application/pdf,Page Description,extension match pdf; byte match at [[0 8] [2344444 44] [2344494 78]] (signature 1/2),,,,2,1420,2/1420.PDF
2/1421.PDF,4388634,2026-03-02T12:48:39Z,,a8418e36d25a7a27e44fb83cb5bfec68,pronom,fmt/354,Acrobat PDF/A - Portable Document Format,1b,application/pdf,Page Description,extension match pdf; byte match at [[0 8] [4384715 44] [4384765 78]] (signature 1/2),,,,2,1421,2/1421.PDF
2/1422.PDF,4777824,2026-03-02T12:48:39Z,,30b44af0ddfd341ae0e67dea074ee6d6,pronom,fmt/354,Acrobat PDF/A - Portable Document Format,1b,application/pdf,Page Description,extension match pdf; byte match at [[0 8] [4774030 44] [4774080 78]] (signature 1/2),,,,2,1422,2/1422.PDF
2/1423.PDF,2172332,2026-03-02T12:48:39Z,,1782ff167fcee58594ed67c3c50a50cc,pronom,fmt/354,Acrobat PDF/A - Portable Document Format,1b,application/pdf,Page Description,extension match pdf; byte match at [[0 8] [2168538 44] [2168588 78]] (signature 1/2),,,,2,1423,2/1423.PDF
2/1424.PDF,4924563,2026-03-02T12:48:39Z,,33a509091613e0203fbe27a93236021c,pronom,fmt/354,Acrobat PDF/A - Portable Document Format,1b,application/pdf,Page Description,extension match pdf; byte match at [[0 8] [4920705 44] [4920755 78]] (signature 1/2),,,,2,1424,2/1424.PDF
2/1425.PDF,1664706,2026-03-02T12:48:39Z,,40856a4b315762331df42e66b44a5479,pronom,fmt/354,Acrobat PDF/A - Portable Document Format,1b,application/pdf,Page Description,extension match pdf; byte match at [[0 8] [1660912 44] [1660962 78]] (signature 1/2),,,,2,1425,2/1425.PDF
2/1426.PDF,3646563,2026-03-02T12:48:39Z,,7f8f99a90981c92ca498e9ef6ae3ffdd,pronom,fmt/354,Acrobat PDF/A - Portable Document Format,1b,application/pdf,Page Description,extension match pdf; byte match at [[0 8] [3642769 44] [3642819 78]] (signature 1/2),,,,2,1426,2/1426.PDF
2/1427.PDF,3463225,2026-03-02T12:48:39Z,,c58abb46c0ac97f8ad34adb853883807,pronom,fmt/354,Acrobat PDF/A - Portable Document Format,1b,application/pdf,Page Description,extension match pdf; byte match at [[0 8] [3459431 44] [3459481 78]] (signature 1/2),,,,2,1427,2/1427.PDF
2/1428.PDF,4430440,2026-03-02T12:48:39Z,,054c12fe6349196e8624532539f95b97,pronom,fmt/354,Acrobat PDF/A - Portable Document Format,1b,application/pdf,Page Description,extension match pdf; byte match at [[0 8] [4426582 44] [4426632 78]] (signature 1/2),,,,2,1428,2/1428.PDF
2/1429.PDF,3172584,2026-03-02T12:48:39Z,,f79a3b2b22e19aef141b1d3333241544,pronom,fmt/354,Acrobat PDF/A - Portable Document Format,1b,application/pdf,Page Description,extension match pdf; byte match at [[0 8] [3168790 44] [3168840 78]] (signature 1/2),,,,2,1429,2/1429.PDF
2/1430.PDF,2332819,2026-03-02T12:48:39Z,,80517c137a9c58e0456b737d4780c04e,pronom,fmt/354,Acrobat PDF/A - Portable Document Format,1b,application/pdf,Page Description,extension match pdf; byte match at [[0 8] [2328961 44] [2329011 78]] (signature 1/2),,,,2,1430,2/1430.PDF
2/1431.PDF,1832996,2026-03-02T12:48:39Z,,5db7f1082fd09296af0a4fe97752417d,pronom,fmt/354,Acrobat PDF/A - Portable Document Format,1b,application/pdf,Page Description,extension match pdf; byte match at [[0 8] [1829202 44] [1829252 78]] (signature 1/2),,,,2,1431,2/1431.PDF
2/1432.PDF,3133665,2026-03-02T12:48:39Z,,2e8f973876d78be51174f9dda4325bfa,pronom,fmt/354,Acrobat PDF/A - Portable Document Format,1b,application/pdf,Page Description,extension match pdf; byte match at [[0 8] [3129807 44] [3129857 78]] (signature 1/2),,,,2,1432,2/1432.PDF
2/1433.PDF,1881636,2026-03-02T12:48:39Z,,08319867e889a574c5c9fbf52dea5109,pronom,fmt/354,Acrobat PDF/A - Portable Document Format,1b,application/pdf,Page Description,extension match pdf; byte match at [[0 8] [1877842 44] [1877892 78]] (signature 1/2),,,,2,1433,2/1433.PDF
2/1434.PDF,1621416,2026-03-02T12:48:39Z,,19330c810998e7be019ab9572f34a05b,pronom,fmt/354,Acrobat PDF/A - Portable Document Format,1b,application/pdf,Page Description,extension match pdf; byte match at [[0 8] [1617622 44] [1617672 78]] (signature 1/2),,,,2,1434,2/1434.PDF
2/1435.PDF,5588763,2026-03-02T12:48:39Z,,680d7b30468198e29c731cd43c7e2a9d,pronom,fmt/354,Acrobat PDF/A - Portable Document Format,1b,application/pdf,Page Description,extension match pdf; byte match at [[0 8] [5584905 44] [5584955 78]] (signature 1/2),,,,2,1435,2/1435.PDF
2/1436.PDF,3315830,2026-03-02T12:48:39Z,,1594ac131b5a247236a2b2a442d71788,pronom,fmt/354,Acrobat PDF/A - Portable Document Format,1b,application/pdf,Page Description,extension match pdf; byte match at [[0 8] [3311972 44] [3312022 78]] (signature 1/2),,,,2,1436,2/1436.PDF
2/1437.PDF,1154167,2026-03-02T12:48:39Z,,b3a3222fba9b9b1b642f234abe710fa7,pronom,fmt/354,Acrobat PDF/A - Portable Document Format,1b,application/pdf,Page Description,extension match pdf; byte match at [[0 8] [1150373 44] [1150423 78]] (signature 1/2),,,,2,1437,2/1437.PDF
2/1438.PDF,1746475,2026-03-02T12:48:39Z,,f580313f299210b2faedb36e6dd39d1c,pronom,fmt/354,Acrobat PDF/A - Portable Document Format,1b,application/pdf,Page Description,extension match pdf; byte match at [[0 8] [1742681 44] [1742731 78]] (signature 1/2),,,,2,1438,2/1438.PDF
2/1439.PDF,10702084,2026-03-02T12:48:39Z,,76f4ce154f780c3c4be00e0a22764974,pronom,fmt/354,Acrobat PDF/A - Portable Document Format,1b,application/pdf,Page Description,extension match pdf; byte match at [[0 8] [10698105 44] [10698155 78]] (signature 1/2),,,,2,1439,2/1439.PDF
2/1440.PDF,3844045,2026-03-02T12:48:39Z,,d8b5aeb5dc281b2f6679acaba836775f,pronom,fmt/354,Acrobat PDF/A - Portable Document Format,1b,application/pdf,Page Description,extension match pdf; byte match at [[0 8] [3840251 44] [3840301 78]] (signature 1/2),,,,2,1440,2/1440.PDF
2/1441.PDF,10250099,2026-03-02T12:48:39Z,,8d0f9ccd429206f22557ebe218b38a1c,pronom,fmt/354,Acrobat PDF/A - Portable Document Format,1b,application/pdf,Page Description,extension match pdf; byte match at [[0 8] [10246241 44] [10246291 78]] (signature 1/2),,,,2,1441,2/1441.PDF
2/1442.PDF,3992785,2026-03-02T12:48:39Z,,04c581c00490a1e144b5190c83eaefb3,pronom,fmt/354,Acrobat PDF/A - Portable Document Format,1b,application/pdf,Page Description,extension match pdf; byte match at [[0 8] [3988927 44] [3988977 78]] (signature 1/2),,,,2,1442,2/1442.PDF
2/1443.PDF,3914011,2026-03-02T12:48:39Z,,e8263553233df56f10fc24d23e5ec6eb,pronom,fmt/354,Acrobat PDF/A - Portable Document Format,1b,application/pdf,Page Description,extension match pdf; byte match at [[0 8] [3910153 44] [3910203 78]] (signature 1/2),,,,2,1443,2/1443.PDF
2/1444.PDF,6835775,2026-03-02T12:48:40Z,,9763d0717ea9146809ad1fd4b412fe9d,pronom,fmt/354,Acrobat PDF/A - Portable Document Format,1b,application/pdf,Page Description,extension match pdf; byte match at [[0 8] [6831796 44] [6831846 78]] (signature 1/2),,,,2,1444,2/1444.PDF
2/1445.PDF,2361062,2026-03-02T12:48:40Z,,d33051b9c4cccb0e6a160b268f3bc58e,pronom,fmt/354,Acrobat PDF/A - Portable Document Format,1b,application/pdf,Page Description,extension match pdf; byte match at [[0 8] [2357268 44] [2357318 78]] (signature 1/2),,,,2,1445,2/1445.PDF
2/1446.PDF,2457332,2026-03-02T12:48:40Z,,d4818843f199341151ee37e1f28e45ad,pronom,fmt/354,Acrobat PDF/A - Portable Document Format,1b,application/pdf,Page Description,extension match pdf; byte match at [[0 8] [2453538 44] [2453588 78]] (signature 1/2),,,,2,1446,2/1446.PDF
2/1447.PDF,1781741,2026-03-02T12:48:40Z,,62a9582ec89dbf8d8fe28a1da9adfebd,pronom,fmt/354,Acrobat PDF/A - Portable Document Format,1b,application/pdf,Page Description,extension match pdf; byte match at [[0 8] [1777947 44] [1777997 78]] (signature 1/2),,,,2,1447,2/1447.PDF
2/1448.PDF,25734290,2026-03-02T12:48:40Z,,8e46dbffac1577e2c74256c0beaf34ea,pronom,fmt/354,Acrobat PDF/A - Portable Document Format,1b,application/pdf,Page Description,extension match pdf; byte match at [[0 8] [25728627 44] [25728677 78]] (signature 1/2),,,,2,1448,2/1448.PDF
2/1449.PDF,5467024,2026-03-02T12:48:40Z,,9153c244b4301abadb090cb0fec2a438,pronom,fmt/354,Acrobat PDF/A - Portable Document Format,1b,application/pdf,Page Description,extension match pdf; byte match at [[0 8] [5463230 44] [5463280 78]] (signature 1/2),,,,2,1449,2/1449.PDF
2/1450.PDF,1590189,2026-03-02T12:48:40Z,,1c7a5c3fb4186275907ab62a35119b0e,pronom,fmt/354,Acrobat PDF/A - Portable Document Format,1b,application/pdf,Page Description,extension match pdf; byte match at [[0 8] [1586395 44] [1586445 78]] (signature 1/2),,,,2,1450,2/1450.PDF
2/1451.PDF,3366312,2026-03-02T12:48:40Z,,ca489ee284504a9387378fe97561b702,pronom,fmt/354,Acrobat PDF/A - Portable Document Format,1b,application/pdf,Page Description,extension match pdf; byte match at [[0 8] [3362454 44] [3362504 78]] (signature 1/2),,,,2,1451,2/1451.PDF
2/1452.PDF,7937119,2026-03-02T12:48:40Z,,09ad2d72e87feee6aacb6b68f94e6804,pronom,fmt/354,Acrobat PDF/A - Portable Document Format,1b,application/pdf,Page Description,extension match pdf; byte match at [[0 8] [7933200 44] [7933250 78]] (signature 1/2),,,,2,1452,2/1452.PDF
2/1453.PDF,2419545,2026-03-02T12:48:40Z,,04bd8f64636dd69d3c9a66542226e2cb,pronom,fmt/354,Acrobat PDF/A - Portable Document Format,1b,application/pdf,Page Description,extension match pdf; byte match at [[0 8] [2415751 44] [2415801 78]] (signature 1/2),,,,2,1453,2/1453.PDF
2/1454.PDF,2784673,2026-03-02T12:48:40Z,,27cbe192300d522a18deaecd429be616,pronom,fmt/354,Acrobat PDF/A - Portable Document Format,1b,application/pdf,Page Description,extension match pdf; byte match at [[0 8] [2780754 44] [2780804 78]] (signature 1/2),,,,2,1454,2/1454.PDF
2/1455.PDF,4734998,2026-03-02T12:48:40Z,,8d07766c94d8cae25ef56e9789f09f14,pronom,fmt/354,Acrobat PDF/A - Portable Document Format,1b,application/pdf,Page Description,extension match pdf; byte match at [[0 8] [4731140 44] [4731190 78]] (signature 1/2),,,,2,1455,2/1455.PDF
2/1456.PDF,10670928,2026-03-02T12:48:40Z,,04aa0fef0c3b3f4786b859fd06a05410,pronom,fmt/354,Acrobat PDF/A - Portable Document Format,1b,application/pdf,Page Description,extension match pdf; byte match at [[0 8] [10667134 44] [10667184 78]] (signature 1/2),,,,2,1456,2/1456.PDF
2/1457.PDF,514352,2026-03-02T12:48:40Z,,d6dd681f93c1e57aa704cc001bfb06c9,pronom,fmt/354,Acrobat PDF/A - Portable Document Format,1b,application/pdf,Page Description,extension match pdf; byte match at [[0 8] [510618 44] [510668 78]] (signature 1/2),,,,2,1457,2/1457.PDF
2/1458.PDF,1519901,2026-03-02T12:48:40Z,,ef7a5e5efc5e64a67abf16b8c6773650,pronom,fmt/354,Acrobat PDF/A - Portable Document Format,1b,application/pdf,Page Description,extension match pdf; byte match at [[0 8] [1516107 44] [1516157 78]] (signature 1/2),,,,2,1458,2/1458.PDF
2/1459.PDF,1144148,2026-03-02T12:48:40Z,,89fdcab0f30bcc920c6aca292775d948,pronom,fmt/354,Acrobat PDF/A - Portable Document Format,1b,application/pdf,Page Description,extension match pdf; byte match at [[0 8] [1140354 44] [1140404 78]] (signature 1/2),,,,2,1459,2/1459.PDF
2/1460.PDF,28404297,2026-03-02T12:48:40Z,,b47c373213bde60f83b7bb3f0383a8ef,pronom,fmt/354,Acrobat PDF/A - Portable Document Format,1b,application/pdf,Page Description,extension match pdf; byte match at [[0 8] [28399118 44] [28399168 78]] (signature 1/2),,,,2,1460,2/1460.PDF
2/1461.PDF,3660005,2026-03-02T12:48:40Z,,bf2ae977fe40be41153a33c4c9fb40a7,pronom,fmt/354,Acrobat PDF/A - Portable Document Format,1b,application/pdf,Page Description,extension match pdf; byte match at [[0 8] [3656211 44] [3656261 78]] (signature 1/2),,,,2,1461,2/1461.PDF
2/1462.PDF,1574811,2026-03-02T12:48:40Z,,c451c7b72bbfce0b5f2ca0e4ac854bb1,pronom,fmt/354,Acrobat PDF/A - Portable Document Format,1b,application/pdf,Page Description,extension match pdf; byte match at [[0 8] [1571017 44] [1571067 78]] (signature 1/2),,,,2,1462,2/1462.PDF
2/1463.PDF,5693976,2026-03-02T12:48:40Z,,b022bed7e1a3441c0ce871af657ff06b,pronom,fmt/354,Acrobat PDF/A - Portable Document Format,1b,application/pdf,Page Description,extension match pdf; byte match at [[0 8] [5690057 44] [5690107 78]] (signature 1/2),,,,2,1463,2/1463.PDF
2/1464.PDF,3970948,2026-03-02T12:48:40Z,,1bfc3eff119ef8d8261d3d67c55c194b,pronom,fmt/354,Acrobat PDF/A - Portable Document Format,1b,application/pdf,Page Description,extension match pdf; byte match at [[0 8] [3967154 44] [3967204 78]] (signature 1/2),,,,2,1464,2/1464.PDF
2/1465.PDF,7160689,2026-03-02T12:48:40Z,,bd7ab9906867334fabe4d7cbd9f3a6f8,pronom,fmt/354,Acrobat PDF/A - Portable Document Format,1b,application/pdf,Page Description,extension match pdf; byte match at [[0 8] [7156831 44] [7156881 78]] (signature 1/2),,,,2,1465,2/1465.PDF
2/1466.PDF,488982,2026-03-02T12:48:40Z,,dc0108cd8bfac927c6a6081f94bc9e50,pronom,fmt/354,Acrobat PDF/A - Portable Document Format,1b,application/pdf,Page Description,extension match pdf; byte match at [[0 8] [485248 44] [485298 78]] (signature 1/2),,,,2,1466,2/1466.PDF
2/1467.PDF,3435801,2026-03-02T12:48:40Z,,dffca39234a1a62e6b45bc00c3c91b6a,pronom,fmt/354,Acrobat PDF/A - Portable Document Format,1b,application/pdf,Page Description,extension match pdf; byte match at [[0 8] [3431943 44] [3431993 78]] (signature 1/2),,,,2,1467,2/1467.PDF
2/1468.PDF,5520538,2026-03-02T12:48:40Z,,e8cc5c2152747a04e2d6fa7d249cee72,pronom,fmt/354,Acrobat PDF/A - Portable Document Format,1b,application/pdf,Page Description,extension match pdf; byte match at [[0 8] [5516619 44] [5516669 78]] (signature 1/2),,,,2,1468,2/1468.PDF
2/1469.PDF,2558314,2026-03-02T12:48:40Z,,7275290bfe8153571fe5e334c020561d,pronom,fmt/354,Acrobat PDF/A - Portable Document Format,1b,application/pdf,Page Description,extension match pdf; byte match at [[0 8] [2554520 44] [2554570 78]] (signature 1/2),,,,2,1469,2/1469.PDF
2/1470.PDF,4892431,2026-03-02T12:48:40Z,,6172a769205c1479d5a8afb477797104,pronom,fmt/354,Acrobat PDF/A - Portable Document Format,1b,application/pdf,Page Description,extension match pdf; byte match at [[0 8] [4888573 44] [4888623 78]] (signature 1/2),,,,2,1470,2/1470.PDF
2/1471.PDF,14487605,2026-03-02T12:48:41Z,,9b459a7a4647ccf068e89b4bd65fc8bc,pronom,fmt/354,Acrobat PDF/A - Portable Document Format,1b,application/pdf,Page Description,extension match pdf; byte match at [[0 8] [14483086 44] [14483136 78]] (signature 1/2),,,,2,1471,2/1471.PDF
2/1472.PDF,2272408,2026-03-02T12:48:41Z,,e1c7d52bb2e77a982a27ce9332928ac7,pronom,fmt/354,Acrobat PDF/A - Portable Document Format,1b,application/pdf,Page Description,extension match pdf; byte match at [[0 8] [2268550 44] [2268600 78]] (signature 1/2),,,,2,1472,2/1472.PDF
2/1473.PDF,3600686,2026-03-02T12:48:41Z,,fa0c9b3d85558ea0344d9294ed6c3659,pronom,fmt/354,Acrobat PDF/A - Portable Document Format,1b,application/pdf,Page Description,extension match pdf; byte match at [[0 8] [3596892 44] [3596942 78]] (signature 1/2),,,,2,1473,2/1473.PDF
2/1474.PDF,3438913,2026-03-02T12:48:41Z,,c62275c1022f62a646f3a59eb294edb6,pronom,fmt/354,Acrobat PDF/A - Portable Document Format,1b,application/pdf,Page Description,extension match pdf; byte match at [[0 8] [3435055 44] [3435105 78]] (signature 1/2),,,,2,1474,2/1474.PDF
2/1475.PDF,8581904,2026-03-02T12:48:41Z,,79906bb421f33f12ae8f92ef7797718c,pronom,fmt/354,Acrobat PDF/A - Portable Document Format,1b,application/pdf,Page Description,extension match pdf; byte match at [[0 8] [8577745 44] [8577795 78]] (signature 1/2),,,,2,1475,2/1475.PDF
2/1476.PDF,10046107,2026-03-02T12:48:41Z,,67651d0a9ff0b2a21b19426c43e7d1fc,pronom,fmt/354,Acrobat PDF/A - Portable Document Format,1b,application/pdf,Page Description,extension match pdf; byte match at [[0 8] [10042128 44] [10042178 78]] (signature 1/2),,,,2,1476,2/1476.PDF
2/1477.PDF,2113577,2026-03-02T12:48:41Z,,2fd823adc568bcafb1340f6d698be5e8,pronom,fmt/354,Acrobat PDF/A - Portable Document Format,1b,application/pdf,Page Description,extension match pdf; byte match at [[0 8] [2109783 44] [2109833 78]] (signature 1/2),,,,2,1477,2/1477.PDF
2/1478.PDF,489811,2026-03-02T12:48:41Z,,483b15a86db0c68af907953580cc3b30,pronom,fmt/354,Acrobat PDF/A - Portable Document Format,1b,application/pdf,Page Description,extension match pdf; byte match at [[0 8] [486077 44] [486127 78]] (signature 1/2),,,,2,1478,2/1478.PDF
2/1479.PDF,2766227,2026-03-02T12:48:41Z,,c1815b66a304707ad3637e250b569d92,pronom,fmt/354,Acrobat PDF/A - Portable Document Format,1b,application/pdf,Page Description,extension match pdf; byte match at [[0 8] [2762433 44] [2762483 78]] (signature 1/2),,,,2,1479,2/1479.PDF
2/1480.PDF,6051156,2026-03-02T12:48:41Z,,3116fc79fd0c308af7a1df0d49b23990,pronom,fmt/354,Acrobat PDF/A - Portable Document Format,1b,application/pdf,Page Description,extension match pdf; byte match at [[0 8] [6047362 44] [6047412 78]] (signature 1/2),,,,2,1480,2/1480.PDF
2/1481.PDF,5588929,2026-03-02T12:48:41Z,,e67bace44e3b8f681f27728ae681f849,pronom,fmt/354,Acrobat PDF/A - Portable Document Format,1b,application/pdf,Page Description,extension match pdf; byte match at [[0 8] [5585135 44] [5585185 78]] (signature 1/2),,,,2,1481,2/1481.PDF
2/1482.PDF,5052870,2026-03-02T12:48:41Z,,d8ebb53ae8a11c50dbbceacae1f85525,pronom,fmt/354,Acrobat PDF/A - Portable Document Format,1b,application/pdf,Page Description,extension match pdf; byte match at [[0 8] [5049012 44] [5049062 78]] (signature 1/2),,,,2,1482,2/1482.PDF
2/1483.PDF,2143659,2026-03-02T12:48:41Z,,9990cea76bc8170195aa0d668ac36e63,pronom,fmt/354,Acrobat PDF/A - Portable Document Format,1b,application/pdf,Page Description,extension match pdf; byte match at [[0 8] [2139801 44] [2139851 78]] (signature 1/2),,,,2,1483,2/1483.PDF
2/1484.PDF,10116471,2026-03-02T12:48:41Z,,142643de55c229f6b7914b494ff111c2,pronom,fmt/354,Acrobat PDF/A - Portable Document Format,1b,application/pdf,Page Description,extension match pdf; byte match at [[0 8] [10112492 44] [10112542 78]] (signature 1/2),,,,2,1484,2/1484.PDF
2/1485.PDF,1142060,2026-03-02T12:48:41Z,,c7040c97a4d31c514d27e94c0e460c29,pronom,fmt/354,Acrobat PDF/A - Portable Document Format,1b,application/pdf,Page Description,extension match pdf; byte match at [[0 8] [1138266 44] [1138316 78]] (signature 1/2),,,,2,1485,2/1485.PDF
2/1486.PDF,3470472,2026-03-02T12:48:41Z,,a912af89f285227f324a033ff70e0f8f,pronom,fmt/354,Acrobat PDF/A - Portable Document Format,1b,application/pdf,Page Description,extension match pdf; byte match at [[0 8] [3466433 44] [3466483 78]] (signature 1/2),,,,2,1486,2/1486.PDF
2/1487.PDF,3761508,2026-03-02T12:48:41Z,,929a7e3e980420bd225aa4db2c7ab35e,pronom,fmt/354,Acrobat PDF/A - Portable Document Format,1b,application/pdf,Page Description,extension match pdf; byte match at [[0 8] [3757650 44] [3757700 78]] (signature 1/2),,,,2,1487,2/1487.PDF
2/1488.PDF,4111247,2026-03-02T12:48:41Z,,4916d8174a35735a6a23dd39d7f941c5,pronom,fmt/354,Acrobat PDF/A - Portable Document Format,1b,application/pdf,Page Description,extension match pdf; byte match at [[0 8] [4107453 44] [4107503 78]] (signature 1/2),,,,2,1488,2/1488.PDF
2/1489.PDF,2300183,2026-03-02T12:48:41Z,,cd428ee05aef2274a50f3d0e2a929e31,pronom,fmt/354,Acrobat PDF/A - Portable Document Format,1b,application/pdf,Page Description,extension match pdf; byte match at [[0 8] [2296389 44] [2296439 78]] (signature 1/2),,,,2,1489,2/1489.PDF
2/1490.PDF,4880552,2026-03-02T12:48:41Z,,b85c616d2929a12fd594f916f5209c9d,pronom,fmt/354,Acrobat PDF/A - Portable Document Format,1b,application/pdf,Page Description,extension match pdf; byte match at [[0 8] [4876694 44] [4876744 78]] (signature 1/2),,,,2,1490,2/1490.PDF
2/1491.PDF,7094701,2026-03-02T12:48:41Z,,5d2a7d86e11331b66944c193467e96ca,pronom,fmt/354,Acrobat PDF/A - Portable Document Format,1b,application/pdf,Page Description,extension match pdf; byte match at [[0 8] [7090602 44] [7090652 78]] (signature 1/2),,,,2,1491,2/1491.PDF
2/1492.PDF,2432011,2026-03-02T12:48:41Z,,7858a17c7ce7e969ba6d4a8881b09e59,pronom,fmt/354,Acrobat PDF/A - Portable Document Format,1b,application/pdf,Page Description,extension match pdf; byte match at [[0 8] [2428217 44] [2428267 78]] (signature 1/2),,,,2,1492,2/1492.PDF
2/1493.PDF,7057987,2026-03-02T12:48:41Z,,1fc3b72d3ed5fba95dcb954088c6922d,pronom,fmt/354,Acrobat PDF/A - Portable Document Format,1b,application/pdf,Page Description,extension match pdf; byte match at [[0 8] [7053948 44] [7053998 78]] (signature 1/2),,,,2,1493,2/1493.PDF
2/1494.PDF,5856161,2026-03-02T12:48:41Z,,6ebd24cd12b424c65c7d86ae8fdfbef5,pronom,fmt/354,Acrobat PDF/A - Portable Document Format,1b,application/pdf,Page Description,extension match pdf; byte match at [[0 8] [5852303 44] [5852353 78]] (signature 1/2),,,,2,1494,2/1494.PDF
2/1495.PDF,4080484,2026-03-02T12:48:41Z,,fb3e49e1fd77837c69b70e7413025a26,pronom,fmt/354,Acrobat PDF/A - Portable Document Format,1b,application/pdf,Page Description,extension match pdf; byte match at [[0 8] [4076626 44] [4076676 78]] (signature 1/2),,,,2,1495,2/1495.PDF
2/1496.PDF,4437283,2026-03-02T12:48:41Z,,bf965419ba65073ded4c170bc43e9434,pronom,fmt/354,Acrobat PDF/A - Portable Document Format,1b,application/pdf,Page Description,extension match pdf; byte match at [[0 8] [4433304 44] [4433354 78]] (signature 1/2),,,,2,1496,2/1496.PDF
2/1497.PDF,2160456,2026-03-02T12:48:41Z,,baed019e661d3a95b391a3fbc4e74533,pronom,fmt/354,Acrobat PDF/A - Portable Document Format,1b,application/pdf,Page Description,extension match pdf; byte match at [[0 8] [2156662 44] [2156712 78]] (signature 1/2),,,,2,1497,2/1497.PDF
2/1498.PDF,5129723,2026-03-02T12:48:41Z,,f68a0d7074041d7f365bb1a709e8a2b2,pronom,fmt/354,Acrobat PDF/A - Portable Document Format,1b,application/pdf,Page Description,extension match pdf; byte match at [[0 8] [5125865 44] [5125915 78]] (signature 1/2),,,,2,1498,2/1498.PDF
2/1499.PDF,6012184,2026-03-02T12:48:41Z,,11ddb61bd9c50fd08b43dd1f56e89c83,pronom,fmt/354,Acrobat PDF/A - Portable Document Format,1b,application/pdf,Page Description,extension match pdf; byte match at [[0 8] [6008265 44] [6008315 78]] (signature 1/2),,,,2,1499,2/1499.PDF
2/1500.PDF,13058286,2026-03-02T12:48:42Z,,fa22eae4ba0cf002779af863094bd018,pronom,fmt/354,Acrobat PDF/A - Portable Document Format,1b,application/pdf,Page Description,extension match pdf; byte match at [[0 8] [13053947 44] [13053997 78]] (signature 1/2),,,,2,1500,2/1500.PDF
2/1501.PDF,5293360,2026-03-02T12:48:42Z,,165e3137e32070ef14967444be4ab57d,pronom,fmt/354,Acrobat PDF/A - Portable Document Format,1b,application/pdf,Page Description,extension match pdf; byte match at [[0 8] [5289502 44] [5289552 78]] (signature 1/2),,,,2,1501,2/1501.PDF
2/1502.PDF,5207083,2026-03-02T12:48:42Z,,05fec171a2e01dec82db59a4b5c5d1e7,pronom,fmt/354,Acrobat PDF/A - Portable Document Format,1b,application/pdf,Page Description,extension match pdf; byte match at [[0 8] [5203289 44] [5203339 78]] (signature 1/2),,,,2,1502,2/1502.PDF
2/1503.PDF,10921766,2026-03-02T12:48:42Z,,b1d8f49b5f06ab0f38e32c4fd940bc9f,pronom,fmt/354,Acrobat PDF/A - Portable Document Format,1b,application/pdf,Page Description,extension match pdf; byte match at [[0 8] [10917487 44] [10917537 78]] (signature 1/2),,,,2,1503,2/1503.PDF
2/1504.PDF,11312456,2026-03-02T12:48:42Z,,4fb017740a95932180212ec05ceeee46,pronom,fmt/354,Acrobat PDF/A - Portable Document Format,1b,application/pdf,Page Description,extension match pdf; byte match at [[0 8] [11308117 44] [11308167 78]] (signature 1/2),,,,2,1504,2/1504.PDF
2/1505.PDF,2262933,2026-03-02T12:48:42Z,,479a94f4a0f3e10950067be615b9c327,pronom,fmt/354,Acrobat PDF/A - Portable Document Format,1b,application/pdf,Page Description,extension match pdf; byte match at [[0 8] [2259139 44] [2259189 78]] (signature 1/2),,,,2,1505,2/1505.PDF
2/1506.PDF,1031179,2026-03-02T12:48:42Z,,c4310a4413bc8e3399cde14a60f02463,pronom,fmt/354,Acrobat PDF/A - Portable Document Format,1b,application/pdf,Page Description,extension match pdf; byte match at [[0 8] [1027385 44] [1027435 78]] (signature 1/2),,,,2,1506,2/1506.PDF
2/1507.PDF,9653738,2026-03-02T12:48:42Z,,cd28fb518cce5d8a574f2db9956a7738,pronom,fmt/354,Acrobat PDF/A - Portable Document Format,1b,application/pdf,Page Description,extension match pdf; byte match at [[0 8] [9649759 44] [9649809 78]] (signature 1/2),,,,2,1507,2/1507.PDF
2/1508.PDF,7071027,2026-03-02T12:48:42Z,,5a959ee309d67cd218de179adb922e0e,pronom,fmt/354,Acrobat PDF/A - Portable Document Format,1b,application/pdf,Page Description,extension match pdf; byte match at [[0 8] [7067108 44] [7067158 78]] (signature 1/2),,,,2,1508,2/1508.PDF
2/1509.PDF,13079616,2026-03-02T12:48:42Z,,04e7a0ad52af5b358ec3fd8af2c74a38,pronom,fmt/354,Acrobat PDF/A - Portable Document Format,1b,application/pdf,Page Description,extension match pdf; byte match at [[0 8] [13075397 44] [13075447 78]] (signature 1/2),,,,2,1509,2/1509.PDF
2/1510.PDF,510474,2026-03-02T12:48:42Z,,c289f3f9a62b84c688f71ccb3c35883c,pronom,fmt/354,Acrobat PDF/A - Portable Document Format,1b,application/pdf,Page Description,extension match pdf; byte match at [[0 8] [506740 44] [506790 78]] (signature 1/2),,,,2,1510,2/1510.PDF
2/1511.PDF,4696904,2026-03-02T12:48:42Z,,51972ecb7b11b4dccf71a071430fc6ca,pronom,fmt/354,Acrobat PDF/A - Portable Document Format,1b,application/pdf,Page Description,extension match pdf; byte match at [[0 8] [4692985 44] [4693035 78]] (signature 1/2),,,,2,1511,2/1511.PDF
2/1512.PDF,3751103,2026-03-02T12:48:42Z,,0d2b061bd2eba6396dffe726d1677519,pronom,fmt/354,Acrobat PDF/A - Portable Document Format,1b,application/pdf,Page Description,extension match pdf; byte match at [[0 8] [3747245 44] [3747295 78]] (signature 1/2),,,,2,1512,2/1512.PDF
2/1513.PDF,3240954,2026-03-02T12:48:42Z,,d65e0392674efa3a05651832d3c6631a,pronom,fmt/354,Acrobat PDF/A - Portable Document Format,1b,application/pdf,Page Description,extension match pdf; byte match at [[0 8] [3237096 44] [3237146 78]] (signature 1/2),,,,2,1513,2/1513.PDF
2/1514.PDF,1899892,2026-03-02T12:48:42Z,,8ddc2b59ead81facc6e9e9d8c079bdbf,pronom,fmt/354,Acrobat PDF/A - Portable Document Format,1b,application/pdf,Page Description,extension match pdf; byte match at [[0 8] [1896098 44] [1896148 78]] (signature 1/2),,,,2,1514,2/1514.PDF
2/1515.PDF,3929929,2026-03-02T12:48:42Z,,490247f2094ba9cd5b2a2090b2c6f810,pronom,fmt/354,Acrobat PDF/A - Portable Document Format,1b,application/pdf,Page Description,extension match pdf; byte match at [[0 8] [3926135 44] [3926185 78]] (signature 1/2),,,,2,1515,2/1515.PDF
2/1516.PDF,1819840,2026-03-02T12:48:42Z,,e2fcb31e9fc0f9e2b9245d4d12f9c659,pronom,fmt/354,Acrobat PDF/A - Portable Document Format,1b,application/pdf,Page Description,extension match pdf; byte match at [[0 8] [1815982 44] [1816032 78]] (signature 1/2),,,,2,1516,2/1516.PDF
2/1517.PDF,5670389,2026-03-02T12:48:42Z,,c7de7a4b790fee3247c1672e92bd4138,pronom,fmt/354,Acrobat PDF/A - Portable Document Format,1b,application/pdf,Page Description,extension match pdf; byte match at [[0 8] [5666470 44] [5666520 78]] (signature 1/2),,,,2,1517,2/1517.PDF
2/1518.PDF,1625093,2026-03-02T12:48:42Z,,42eeb86db8b7686153e580b946be0470,pronom,fmt/354,Acrobat PDF/A - Portable Document Format,1b,application/pdf,Page Description,extension match pdf; byte match at [[0 8] [1621299 44] [1621349 78]] (signature 1/2),,,,2,1518,2/1518.PDF
2/1519.PDF,1723179,2026-03-02T12:48:42Z,,77b5ff7490dcd98b591f13b691ebf75b,pronom,fmt/354,Acrobat PDF/A - Portable Document Format,1b,application/pdf,Page Description,extension match pdf; byte match at [[0 8] [1719321 44] [1719371 78]] (signature 1/2),,,,2,1519,2/1519.PDF
2/1520.PDF,9052290,2026-03-02T12:48:42Z,,85779f501204124733f1b9256f31c1cc,pronom,fmt/354,Acrobat PDF/A - Portable Document Format,1b,application/pdf,Page Description,extension match pdf; byte match at [[0 8] [9048131 44] [9048181 78]] (signature 1/2),,,,2,1520,2/1520.PDF
2/1521.PDF,2683033,2026-03-02T12:48:42Z,,46177f03943a918477bb988989088f23,pronom,fmt/354,Acrobat PDF/A - Portable Document Format,1b,application/pdf,Page Description,extension match pdf; byte match at [[0 8] [2679239 44] [2679289 78]] (signature 1/2),,,,2,1521,2/1521.PDF
2/1522.PDF,3331249,2026-03-02T12:48:42Z,,037a4c8c9f9746650160c5caeb668333,pronom,fmt/354,Acrobat PDF/A - Portable Document Format,1b,application/pdf,Page Description,extension match pdf; byte match at [[0 8] [3327391 44] [3327441 78]] (signature 1/2),,,,2,1522,2/1522.PDF
2/1523.PDF,3207036,2026-03-02T12:48:43Z,,5a94c9022572a59bdd7046847aa3191a,pronom,fmt/354,Acrobat PDF/A - Portable Document Format,1b,application/pdf,Page Description,extension match pdf; byte match at [[0 8] [3203242 44] [3203292 78]] (signature 1/2),,,,2,1523,2/1523.PDF
2/1524.PDF,3631411,2026-03-02T12:48:43Z,,047cccb8b873e3243044003b45a35768,pronom,fmt/354,Acrobat PDF/A - Portable Document Format,1b,application/pdf,Page Description,extension match pdf; byte match at [[0 8] [3627617 44] [3627667 78]] (signature 1/2),,,,2,1524,2/1524.PDF
2/1525.PDF,10456004,2026-03-02T12:48:43Z,,116964f1781ad901a4e199e0bebda9bd,pronom,fmt/354,Acrobat PDF/A - Portable Document Format,1b,application/pdf,Page Description,extension match pdf; byte match at [[0 8] [10451785 44] [10451835 78]] (signature 1/2),,,,2,1525,2/1525.PDF
2/1526.PDF,1475532,2026-03-02T12:48:43Z,,ca984fd55fe9c6c685816eb11cac6fbc,pronom,fmt/354,Acrobat PDF/A - Portable Document Format,1b,application/pdf,Page Description,extension match pdf; byte match at [[0 8] [1471738 44] [1471788 78]] (signature 1/2),,,,2,1526,2/1526.PDF
2/1527.PDF,908812,2026-03-02T12:48:43Z,,ef30777ccaf6cd1144118ef11be5fafe,pronom,fmt/354,Acrobat PDF/A - Portable Document Format,1b,application/pdf,Page Description,extension match pdf; byte match at [[0 8] [905018 44] [905068 78]] (signature 1/2),,,,2,1527,2/1527.PDF
2/1528.PDF,2223711,2026-03-02T12:48:43Z,,6771779ab886335324d4c2cd26876bf8,pronom,fmt/354,Acrobat PDF/A - Portable Document Format,1b,application/pdf,Page Description,extension match pdf; byte match at [[0 8] [2219917 44] [2219967 78]] (signature 1/2),,,,2,1528,2/1528.PDF
2/1529.PDF,3998399,2026-03-02T12:48:43Z,,3923683f9cd43aafaa377a3471eb9b77,pronom,fmt/354,Acrobat PDF/A - Portable Document Format,1b,application/pdf,Page Description,extension match pdf; byte match at [[0 8] [3994480 44] [3994530 78]] (signature 1/2),,,,2,1529,2/1529.PDF
2/1530.PDF,2121014,2026-03-02T12:48:43Z,,0805daef1a8e92fdca2e487f372dd5f7,pronom,fmt/354,Acrobat PDF/A - Portable Document Format,1b,application/pdf,Page Description,extension match pdf; byte match at [[0 8] [2117220 44] [2117270 78]] (signature 1/2),,,,2,1530,2/1530.PDF
2/1531.PDF,7743772,2026-03-02T12:48:43Z,,55079f6a29f79dc56d62f7e6a25bc003,pronom,fmt/354,Acrobat PDF/A - Portable Document Format,1b,application/pdf,Page Description,extension match pdf; byte match at [[0 8] [7739433 44] [7739483 78]] (signature 1/2),,,,2,1531,2/1531.PDF
2/1532.PDF,5667267,2026-03-02T12:48:43Z,,704e6f0af69ab5d37be6752fa7a3754d,pronom,fmt/354,Acrobat PDF/A - Portable Document Format,1b,application/pdf,Page Description,extension match pdf; byte match at [[0 8] [5663533 44] [5663583 78]] (signature 1/2),,,,2,1532,2/1532.PDF
2/1533.PDF,8229845,2026-03-02T12:48:43Z,,98fef6e2c6c44812d2deb2b42d934bcc,pronom,fmt/354,Acrobat PDF/A - Portable Document Format,1b,application/pdf,Page Description,extension match pdf; byte match at [[0 8] [8225446 44] [8225496 78]] (signature 1/2),,,,2,1533,2/1533.PDF
2/1534.PDF,2548081,2026-03-02T12:48:43Z,,cad310fe46fc67ca2aaf89c0e636d0a6,pronom,fmt/354,Acrobat PDF/A - Portable Document Format,1b,application/pdf,Page Description,extension match pdf; byte match at [[0 8] [2544287 44] [2544337 78]] (signature 1/2),,,,2,1534,2/1534.PDF
2/1535.PDF,3669010,2026-03-02T12:48:43Z,,7610fe0f82e06ca00731349775e97181,pronom,fmt/354,Acrobat PDF/A - Portable Document Format,1b,application/pdf,Page Description,extension match pdf; byte match at [[0 8] [3665216 44] [3665266 78]] (signature 1/2),,,,2,1535,2/1535.PDF
2/1536.PDF,1606862,2026-03-02T12:48:43Z,,061dd259099258a84c83affd0daed047,pronom,fmt/354,Acrobat PDF/A - Portable Document Format,1b,application/pdf,Page Description,extension match pdf; byte match at [[0 8] [1603068 44] [1603118 78]] (signature 1/2),,,,2,1536,2/1536.PDF
2/1537.PDF,1547738,2026-03-02T12:48:43Z,,fda17ed3e72697857bd5d74f4ad719ae,pronom,fmt/354,Acrobat PDF/A - Portable Document Format,1b,application/pdf,Page Description,extension match pdf; byte match at [[0 8] [1543944 44] [1543994 78]] (signature 1/2),,,,2,1537,2/1537.PDF
2/1538.PDF,8355027,2026-03-02T12:48:43Z,,5a52ef1128f5ee2320d346ea2ea5a226,pronom,fmt/354,Acrobat PDF/A - Portable Document Format,1b,application/pdf,Page Description,extension match pdf; byte match at [[0 8] [8350868 44] [8350918 78]] (signature 1/2),,,,2,1538,2/1538.PDF
2/1539.PDF,772987,2026-03-02T12:48:43Z,,fbbe871898eeed0a5e8769ce63d6a72b,pronom,fmt/354,Acrobat PDF/A - Portable Document Format,1b,application/pdf,Page Description,extension match pdf; byte match at [[0 8] [769193 44] [769243 78]] (signature 1/2),,,,2,1539,2/1539.PDF
2/1540.PDF,11508223,2026-03-02T12:48:43Z,,adc82fae2c0b2c91ff94de56d39472b5,pronom,fmt/354,Acrobat PDF/A - Portable Document Format,1b,application/pdf,Page Description,extension match pdf; byte match at [[0 8] [11504304 44] [11504354 78]] (signature 1/2),,,,2,1540,2/1540.PDF
2/1541.PDF,15104863,2026-03-02T12:48:43Z,,255a53b6b016ae7409f504634571720e,pronom,fmt/354,Acrobat PDF/A - Portable Document Format,1b,application/pdf,Page Description,extension match pdf; byte match at [[0 8] [15100464 44] [15100514 78]] (signature 1/2),,,,2,1541,2/1541.PDF
2/1542.PDF,2426247,2026-03-02T12:48:43Z,,cc06e5ec7f0e819d2e79b4790da25602,pronom,fmt/354,Acrobat PDF/A - Portable Document Format,1b,application/pdf,Page Description,extension match pdf; byte match at [[0 8] [2422453 44] [2422503 78]] (signature 1/2),,,,2,1542,2/1542.PDF
2/1543.PDF,6303991,2026-03-02T12:48:43Z,,205d848ba70070eddb475e8b93cbf888,pronom,fmt/354,Acrobat PDF/A - Portable Document Format,1b,application/pdf,Page Description,extension match pdf; byte match at [[0 8] [6300072 44] [6300122 78]] (signature 1/2),,,,2,1543,2/1543.PDF
2/1544.PDF,7857328,2026-03-02T12:48:43Z,,05afa293e0b5bbfeb4a7720c7e73d1e9,pronom,fmt/354,Acrobat PDF/A - Portable Document Format,1b,application/pdf,Page Description,extension match pdf; byte match at [[0 8] [7853109 44] [7853159 78]] (signature 1/2),,,,2,1544,2/1544.PDF
2/1545.PDF,2923042,2026-03-02T12:48:43Z,,7f7a64fdfdeeda30f98ab348e751b721,pronom,fmt/354,Acrobat PDF/A - Portable Document Format,1b,application/pdf,Page Description,extension match pdf; byte match at [[0 8] [2919123 44] [2919173 78]] (signature 1/2),,,,2,1545,2/1545.PDF
2/1546.PDF,7333541,2026-03-02T12:48:43Z,,ed6224773d3200a8247eacf724e1ac1b,pronom,fmt/354,Acrobat PDF/A - Portable Document Format,1b,application/pdf,Page Description,extension match pdf; byte match at [[0 8] [7329262 44] [7329312 78]] (signature 1/2),,,,2,1546,2/1546.PDF
2/1547.PDF,1603569,2026-03-02T12:48:43Z,,0ed61d45bbb3b36164a63ef1ccb425e3,pronom,fmt/354,Acrobat PDF/A - Portable Document Format,1b,application/pdf,Page Description,extension match pdf; byte match at [[0 8] [1599775 44] [1599825 78]] (signature 1/2),,,,2,1547,2/1547.PDF
2/1548.PDF,11495825,2026-03-02T12:48:43Z,,266855980dbc9e57854787d4880207ca,pronom,fmt/354,Acrobat PDF/A - Portable Document Format,1b,application/pdf,Page Description,extension match pdf; byte match at [[0 8] [11491306 44] [11491356 78]] (signature 1/2),,,,2,1548,2/1548.PDF
2/1549.PDF,6193593,2026-03-02T12:48:43Z,,e3747688f404038b3673cd4bdee446df,pronom,fmt/354,Acrobat PDF/A - Portable Document Format,1b,application/pdf,Page Description,extension match pdf; byte match at [[0 8] [6189799 44] [6189849 78]] (signature 1/2),,,,2,1549,2/1549.PDF
2/1550.PDF,22895703,2026-03-02T12:48:44Z,,7a4194cbe0ebd8e02fbcdceed147e8e9,pronom,fmt/354,Acrobat PDF/A - Portable Document Format,1b,application/pdf,Page Description,extension match pdf; byte match at [[0 8] [22890404 44] [22890454 78]] (signature 1/2),,,,2,1550,2/1550.PDF
2/1551.PDF,2898852,2026-03-02T12:48:44Z,,e4cf36e116124c09e95ad387f5c8401b,pronom,fmt/354,Acrobat PDF/A - Portable Document Format,1b,application/pdf,Page Description,extension match pdf; byte match at [[0 8] [2895058 44] [2895108 78]] (signature 1/2),,,,2,1551,2/1551.PDF
2/1552.PDF,2299896,2026-03-02T12:48:44Z,,e1544d8ce19fea41d5ec6af428381c24,pronom,fmt/354,Acrobat PDF/A - Portable Document Format,1b,application/pdf,Page Description,extension match pdf; byte match at [[0 8] [2296038 44] [2296088 78]] (signature 1/2),,,,2,1552,2/1552.PDF
