filename,filesize,modified,errors,md5,namespace,id,format,version,mime,class,basis,warning,ImageWidth,ImageHeight,TOEGANG_NUMMER,INVNUMMER,FILE_PATH
"8 - Langbroek, 1908-1949/8_680/8_680_0001.jpg",786209,2026-03-02T13:03:16Z,,e129976806954aacca19065d3f27e944,pronom,fmt/43,JPEG File Interchange Format,1.01,image/jpeg,Image (Raster),extension match jpg; byte match at [[0 14] [786207 2]],,2529,4069,8,680,"8 - Langbroek, 1908-1949/8_680/8_680_0001.jpg"
"8 - Langbroek, 1908-1949/8_680/8_680_0002.jpg",876160,2026-03-02T13:03:16Z,,943d12d320aeb55f0a335498b5452dbd,pronom,fmt/43,JPEG File Interchange Format,1.01,image/jpeg,Image (Raster),extension match jpg; byte match at [[0 14] [876158 2]],,2680,4230,8,680,"8 - Langbroek, 1908-1949/8_680/8_680_0002.jpg"
"8 - Langbroek, 1908-1949/8_680/8_680_0003.jpg",2627410,2026-03-02T13:03:16Z,,282425d1e24ba76d3cf3eba6a4bb786d,pronom,fmt/43,JPEG File Interchange Format,1.01,image/jpeg,Image (Raster),extension match jpg; byte match at [[0 14] [2627408 2]],,7316,3757,8,680,"8 - Langbroek, 1908-1949/8_680/8_680_0003.jpg"
"8 - Langbroek, 1908-1949/8_681/8_681_0001.jpg",905790,2026-03-02T13:03:16Z,,9913b56fa5351dbd00de3aee8debfdf2,pronom,fmt/43,JPEG File Interchange Format,1.01,image/jpeg,Image (Raster),extension match jpg; byte match at [[0 14] [905788 2]],,2607,4030,8,681,"8 - Langbroek, 1908-1949/8_681/8_681_0001.jpg"
"8 - Langbroek, 1908-1949/8_681/8_681_0002.jpg",786415,2026-03-02T13:03:16Z,,731c565927a3e263c49f395c0862c321,pronom,fmt/43,JPEG File Interchange Format,1.01,image/jpeg,Image (Raster),extension match jpg; byte match at [[0 14] [786413 2]],,2510,4041,8,681,"8 - Langbroek, 1908-1949/8_681/8_681_0002.jpg"
"8 - Langbroek, 1908-1949/8_681/8_681_0003.jpg",1483642,2026-03-02T13:03:16Z,,e598a9d19f8a937934dbd953f2c41d3b,pronom,fmt/43,JPEG File Interchange Format,1.01,image/jpeg,Image (Raster),extension match jpg; byte match at [[0 14] [1483640 2]],,4900,4040,8,681,"8 - Langbroek, 1908-1949/8_681/8_681_0003.jpg"
"8 - Langbroek, 1908-1949/8_681/8_681_0004.jpg",736314,2026-03-02T13:03:16Z,,6888dbd1f1228989910b40dbf8abae72,pronom,fmt/43,JPEG File Interchange Format,1.01,image/jpeg,Image (Raster),extension match jpg; byte match at [[0 14] [736312 2]],,2508,4035,8,681,"8 - Langbroek, 1908-1949/8_681/8_681_0004.jpg"
"8 - Langbroek, 1908-1949/8_681/8_681_0005.jpg",829965,2026-03-02T13:03:16Z,,1feb03ac3ada3802215d1eb008960153,pronom,fmt/43,JPEG File Interchange Format,1.01,image/jpeg,Image (Raster),extension match jpg; byte match at [[0 14] [829963 2]],,2502,4040,8,681,"8 - Langbroek, 1908-1949/8_681/8_681_0005.jpg"
"8 - Langbroek, 1908-1949/8_681/8_681_0006.jpg",1311308,2026-03-02T13:03:16Z,,7cb705f622343990dcd7032561ea9ca0,pronom,fmt/43,JPEG File Interchange Format,1.01,image/jpeg,Image (Raster),extension match jpg; byte match at [[0 14] [1311306 2]],,4883,4042,8,681,"8 - Langbroek, 1908-1949/8_681/8_681_0006.jpg"
"8 - Langbroek, 1908-1949/8_681/8_681_0007.jpg",714525,2026-03-02T13:03:16Z,,f76da24f775f119b0bd1fd9ae8f3dc37,pronom,fmt/43,JPEG File Interchange Format,1.01,image/jpeg,Image (Raster),extension match jpg; byte match at [[0 14] [714523 2]],,2500,4030,8,681,"8 - Langbroek, 1908-1949/8_681/8_681_0007.jpg"
"8 - Langbroek, 1908-1949/8_681/8_681_0008.jpg",3625380,2026-03-02T13:03:16Z,,19a65880a536c9d42803b79514fba62d,pronom,fmt/43,JPEG File Interchange Format,1.01,image/jpeg,Image (Raster),extension match jpg; byte match at [[0 14] [3625378 2]],,7151,4840,8,681,"8 - Langbroek, 1908-1949/8_681/8_681_0008.jpg"
"8 - Langbroek, 1908-1949/8_681/8_681_0009.jpg",2037195,2026-03-02T13:03:16Z,,385c4801834792908139bc098c005084,pronom,fmt/43,JPEG File Interchange Format,1.01,image/jpeg,Image (Raster),extension match jpg; byte match at [[0 14] [2037193 2]],,7141,4832,8,681,"8 - Langbroek, 1908-1949/8_681/8_681_0009.jpg"
"8 - Langbroek, 1908-1949/8_681/8_681_0010.jpg",6843080,2026-03-02T13:03:17Z,,012e55797ee14c19a7ea600ef5d6401f,pronom,fmt/43,JPEG File Interchange Format,1.01,image/jpeg,Image (Raster),extension match jpg; byte match at [[0 14] [6843078 2]],,8273,5882,8,681,"8 - Langbroek, 1908-1949/8_681/8_681_0010.jpg"
"8 - Langbroek, 1908-1949/8_681/8_681_0011.jpg",3449039,2026-03-02T13:03:17Z,,6d3dee322b65079b9143fc897632ab00,pronom,fmt/43,JPEG File Interchange Format,1.01,image/jpeg,Image (Raster),extension match jpg; byte match at [[0 14] [3449037 2]],,8272,5887,8,681,"8 - Langbroek, 1908-1949/8_681/8_681_0011.jpg"
"8 - Langbroek, 1908-1949/8_682/8_682_0001.jpg",482728,2026-03-02T13:03:17Z,,40548e1d4866354ae8f5ecc71fa385c0,pronom,fmt/43,JPEG File Interchange Format,1.01,image/jpeg,Image (Raster),extension match jpg; byte match at [[0 14] [482726 2]],,2596,2085,8,682,"8 - Langbroek, 1908-1949/8_682/8_682_0001.jpg"
"8 - Langbroek, 1908-1949/8_682/8_682_0002.jpg",776249,2026-03-02T13:03:17Z,,42758d746465c1d44441eebe75a08f97,pronom,fmt/43,JPEG File Interchange Format,1.01,image/jpeg,Image (Raster),extension match jpg; byte match at [[0 14] [776247 2]],,2630,3192,8,682,"8 - Langbroek, 1908-1949/8_682/8_682_0002.jpg"
"8 - Langbroek, 1908-1949/8_682/8_682_0003.jpg",983938,2026-03-02T13:03:17Z,,688f54cf4dee1ca45a285793ed168ed6,pronom,fmt/43,JPEG File Interchange Format,1.01,image/jpeg,Image (Raster),extension match jpg; byte match at [[0 14] [983936 2]],,3380,4126,8,682,"8 - Langbroek, 1908-1949/8_682/8_682_0003.jpg"
"8 - Langbroek, 1908-1949/8_683/8_683_0001.jpg",540786,2026-03-02T13:03:17Z,,39ff4eb5d754c942a9de50c7bbd6f46c,pronom,fmt/43,JPEG File Interchange Format,1.01,image/jpeg,Image (Raster),extension match jpg; byte match at [[0 14] [540784 2]],,2602,2146,8,683,"8 - Langbroek, 1908-1949/8_683/8_683_0001.jpg"
"8 - Langbroek, 1908-1949/8_683/8_683_0002.jpg",698502,2026-03-02T13:03:17Z,,1b7d2ce4306cfcf542b9e1fe2e90c1a4,pronom,fmt/43,JPEG File Interchange Format,1.01,image/jpeg,Image (Raster),extension match jpg; byte match at [[0 14] [698500 2]],,2593,3603,8,683,"8 - Langbroek, 1908-1949/8_683/8_683_0002.jpg"
"8 - Langbroek, 1908-1949/8_684/8_684_0001.jpg",1200045,2026-03-02T13:03:17Z,,a28b3f6a3ea0470867743bd528bcb7e6,pronom,fmt/43,JPEG File Interchange Format,1.01,image/jpeg,Image (Raster),extension match jpg; byte match at [[0 14] [1200043 2]],,2560,3600,8,684,"8 - Langbroek, 1908-1949/8_684/8_684_0001.jpg"
"8 - Langbroek, 1908-1949/8_684/8_684_0002.jpg",779622,2026-03-02T13:03:17Z,,a2efee8a58770ec278ca7712d392e36e,pronom,fmt/43,JPEG File Interchange Format,1.01,image/jpeg,Image (Raster),extension match jpg; byte match at [[0 14] [779620 2]],,3240,2530,8,684,"8 - Langbroek, 1908-1949/8_684/8_684_0002.jpg"
"8 - Langbroek, 1908-1949/8_684/8_684_0003.jpg",750884,2026-03-02T13:03:17Z,,b3c11e07eeae0a0f1271de0280282dee,pronom,fmt/43,JPEG File Interchange Format,1.01,image/jpeg,Image (Raster),extension match jpg; byte match at [[0 14] [750882 2]],,2560,3600,8,684,"8 - Langbroek, 1908-1949/8_684/8_684_0003.jpg"
"8 - Langbroek, 1908-1949/8_685/8_685_0001.jpg",533610,2026-03-02T13:03:17Z,,e52cfde30552afd3a96bd0968c8f0c74,pronom,fmt/43,JPEG File Interchange Format,1.01,image/jpeg,Image (Raster),extension match jpg; byte match at [[0 14] [533608 2]],,2510,2220,8,685,"8 - Langbroek, 1908-1949/8_685/8_685_0001.jpg"
"8 - Langbroek, 1908-1949/8_685/8_685_0002.jpg",836726,2026-03-02T13:03:17Z,,c38bca2a697cf8eb8f3dfc2cd9d45234,pronom,fmt/43,JPEG File Interchange Format,1.01,image/jpeg,Image (Raster),extension match jpg; byte match at [[0 14] [836724 2]],,2586,3622,8,685,"8 - Langbroek, 1908-1949/8_685/8_685_0002.jpg"
"8 - Langbroek, 1908-1949/8_685/8_685_0003.jpg",1457348,2026-03-02T13:03:17Z,,ac6b03d4a06de6d4d00f3be6ee8c62e7,pronom,fmt/43,JPEG File Interchange Format,1.01,image/jpeg,Image (Raster),extension match jpg; byte match at [[0 14] [1457346 2]],,4324,2560,8,685,"8 - Langbroek, 1908-1949/8_685/8_685_0003.jpg"
"8 - Langbroek, 1908-1949/8_685/8_685_0004.jpg",1478816,2026-03-02T13:03:17Z,,95c73197f07a11b5be11b8c87035f93f,pronom,fmt/43,JPEG File Interchange Format,1.01,image/jpeg,Image (Raster),extension match jpg; byte match at [[0 14] [1478814 2]],,2560,4322,8,685,"8 - Langbroek, 1908-1949/8_685/8_685_0004.jpg"
"8 - Langbroek, 1908-1949/8_686/8_686_0001.jpg",881369,2026-03-02T13:03:17Z,,4327e5aa0d160b73546bfe4399ec94cd,pronom,fmt/43,JPEG File Interchange Format,1.01,image/jpeg,Image (Raster),extension match jpg; byte match at [[0 14] [881367 2]],,2560,3592,8,686,"8 - Langbroek, 1908-1949/8_686/8_686_0001.jpg"
"8 - Langbroek, 1908-1949/8_686/8_686_0002.jpg",671022,2026-03-02T13:03:17Z,,c2eeb52b93d830a821d0972e405f84ff,pronom,fmt/43,JPEG File Interchange Format,1.01,image/jpeg,Image (Raster),extension match jpg; byte match at [[0 14] [671020 2]],,2588,3614,8,686,"8 - Langbroek, 1908-1949/8_686/8_686_0002.jpg"
"8 - Langbroek, 1908-1949/8_686/8_686_0003.jpg",704430,2026-03-02T13:03:17Z,,430a238d8f5136eba876d49d210b0672,pronom,fmt/43,JPEG File Interchange Format,1.01,image/jpeg,Image (Raster),extension match jpg; byte match at [[0 14] [704428 2]],,2719,3359,8,686,"8 - Langbroek, 1908-1949/8_686/8_686_0003.jpg"
"8 - Langbroek, 1908-1949/8_686/8_686_0004.jpg",787100,2026-03-02T13:03:17Z,,86248b9496e8aaf5335081cfccc7d0b1,pronom,fmt/43,JPEG File Interchange Format,1.01,image/jpeg,Image (Raster),extension match jpg; byte match at [[0 14] [787098 2]],,2726,3362,8,686,"8 - Langbroek, 1908-1949/8_686/8_686_0004.jpg"
"8 - Langbroek, 1908-1949/8_687/8_687_0001.jpg",881076,2026-03-02T13:03:17Z,,cbe507f65c778a2ff8595502ed7265b9,pronom,fmt/43,JPEG File Interchange Format,1.01,image/jpeg,Image (Raster),extension match jpg; byte match at [[0 14] [881074 2]],,2577,3614,8,687,"8 - Langbroek, 1908-1949/8_687/8_687_0001.jpg"
"8 - Langbroek, 1908-1949/8_687/8_687_0002.jpg",558399,2026-03-02T13:03:17Z,,289051902e42258484bdd5316181d3da,pronom,fmt/43,JPEG File Interchange Format,1.01,image/jpeg,Image (Raster),extension match jpg; byte match at [[0 14] [558397 2]],,1876,2629,8,687,"8 - Langbroek, 1908-1949/8_687/8_687_0002.jpg"
"8 - Langbroek, 1908-1949/8_688/8_688_0001.jpg",696685,2026-03-02T13:03:17Z,,93e25f947baa6fbf5053ceef470ba93b,pronom,fmt/43,JPEG File Interchange Format,1.01,image/jpeg,Image (Raster),extension match jpg; byte match at [[0 14] [696683 2]],,2673,3379,8,688,"8 - Langbroek, 1908-1949/8_688/8_688_0001.jpg"
"8 - Langbroek, 1908-1949/8_688/8_688_0002.jpg",826500,2026-03-02T13:03:17Z,,56f87d2b1a3154cb4d50f29486bf9077,pronom,fmt/43,JPEG File Interchange Format,1.01,image/jpeg,Image (Raster),extension match jpg; byte match at [[0 14] [826498 2]],,2655,3194,8,688,"8 - Langbroek, 1908-1949/8_688/8_688_0002.jpg"
"8 - Langbroek, 1908-1949/8_688/8_688_0003.jpg",2110624,2026-03-02T13:03:17Z,,5d1e16d556b9e46f935419557cd3b80d,pronom,fmt/43,JPEG File Interchange Format,1.01,image/jpeg,Image (Raster),extension match jpg; byte match at [[0 14] [2110622 2]],,5010,3821,8,688,"8 - Langbroek, 1908-1949/8_688/8_688_0003.jpg"
"8 - Langbroek, 1908-1949/8_689/8_689_0001.jpg",790978,2026-03-02T13:03:17Z,,fe89ccafe1ed7266509fa526780e4971,pronom,fmt/43,JPEG File Interchange Format,1.01,image/jpeg,Image (Raster),extension match jpg; byte match at [[0 14] [790976 2]],,2530,4040,8,689,"8 - Langbroek, 1908-1949/8_689/8_689_0001.jpg"
"8 - Langbroek, 1908-1949/8_689/8_689_0002.jpg",3968333,2026-03-02T13:03:17Z,,24f797171cd4f72cf86ffd6d74789440,pronom,fmt/43,JPEG File Interchange Format,1.01,image/jpeg,Image (Raster),extension match jpg; byte match at [[0 14] [3968331 2]],,6761,5240,8,689,"8 - Langbroek, 1908-1949/8_689/8_689_0002.jpg"
"8 - Langbroek, 1908-1949/8_689/8_689_0003.jpg",4013001,2026-03-02T13:03:17Z,,fcfcf3fc6c7c81922b65bac0ed644e88,pronom,fmt/43,JPEG File Interchange Format,1.01,image/jpeg,Image (Raster),extension match jpg; byte match at [[0 14] [4012999 2]],,6730,5239,8,689,"8 - Langbroek, 1908-1949/8_689/8_689_0003.jpg"
"8 - Langbroek, 1908-1949/8_689/8_689_0004.jpg",1637603,2026-03-02T13:03:17Z,,0af4ebd2175545e07229e8ff658e0601,pronom,fmt/43,JPEG File Interchange Format,1.01,image/jpeg,Image (Raster),extension match jpg; byte match at [[0 14] [1637601 2]],,6730,5230,8,689,"8 - Langbroek, 1908-1949/8_689/8_689_0004.jpg"
"8 - Langbroek, 1908-1949/8_690/8_690_0001.jpg",846039,2026-03-02T13:03:17Z,,589ad7404f9e389808c0d5731c89525a,pronom,fmt/43,JPEG File Interchange Format,1.01,image/jpeg,Image (Raster),extension match jpg; byte match at [[0 14] [846037 2]],,2609,3909,8,690,"8 - Langbroek, 1908-1949/8_690/8_690_0001.jpg"
"8 - Langbroek, 1908-1949/8_690/8_690_0002.jpg",606590,2026-03-02T13:03:17Z,,ad88b9aca125976bc401e3fcf42e2cf7,pronom,fmt/43,JPEG File Interchange Format,1.01,image/jpeg,Image (Raster),extension match jpg; byte match at [[0 14] [606588 2]],,2611,3907,8,690,"8 - Langbroek, 1908-1949/8_690/8_690_0002.jpg"
"8 - Langbroek, 1908-1949/8_690/8_690_0003.jpg",768291,2026-03-02T13:03:17Z,,4cdd8d996bdfdb646077da9c7d863669,pronom,fmt/43,JPEG File Interchange Format,1.01,image/jpeg,Image (Raster),extension match jpg; byte match at [[0 14] [768289 2]],,2618,4111,8,690,"8 - Langbroek, 1908-1949/8_690/8_690_0003.jpg"
"8 - Langbroek, 1908-1949/8_690/8_690_0004.jpg",756144,2026-03-02T13:03:17Z,,9238e6598f0f83ba87277494e759f869,pronom,fmt/43,JPEG File Interchange Format,1.01,image/jpeg,Image (Raster),extension match jpg; byte match at [[0 14] [756142 2]],,2493,4030,8,690,"8 - Langbroek, 1908-1949/8_690/8_690_0004.jpg"
"8 - Langbroek, 1908-1949/8_691/8_691_0001.jpg",766930,2026-03-02T13:03:17Z,,1b04631e28e3d7f143568c473eab35d0,pronom,fmt/43,JPEG File Interchange Format,1.01,image/jpeg,Image (Raster),extension match jpg; byte match at [[0 14] [766928 2]],,2586,3603,8,691,"8 - Langbroek, 1908-1949/8_691/8_691_0001.jpg"
"8 - Langbroek, 1908-1949/8_691/8_691_0002.jpg",542020,2026-03-02T13:03:17Z,,0a8dbfcb657ff5447f17fc2d55a7d8ef,pronom,fmt/43,JPEG File Interchange Format,1.01,image/jpeg,Image (Raster),extension match jpg; byte match at [[0 14] [542018 2]],,3180,2600,8,691,"8 - Langbroek, 1908-1949/8_691/8_691_0002.jpg"
"8 - Langbroek, 1908-1949/8_691/8_691_0003.jpg",671978,2026-03-02T13:03:17Z,,fa43107af99ddbad2a21f74af8bcec7e,pronom,fmt/43,JPEG File Interchange Format,1.01,image/jpeg,Image (Raster),extension match jpg; byte match at [[0 14] [671976 2]],,2573,3616,8,691,"8 - Langbroek, 1908-1949/8_691/8_691_0003.jpg"
"8 - Langbroek, 1908-1949/8_692/8_692_0001.jpg",726525,2026-03-02T13:03:17Z,,0c96c1dae643cfd03a750eb118f1f7a5,pronom,fmt/43,JPEG File Interchange Format,1.01,image/jpeg,Image (Raster),extension match jpg; byte match at [[0 14] [726523 2]],,2580,3610,8,692,"8 - Langbroek, 1908-1949/8_692/8_692_0001.jpg"
"8 - Langbroek, 1908-1949/8_692/8_692_0002.jpg",691050,2026-03-02T13:03:17Z,,9fc16828fe9a38c4327e50d9ea83ad95,pronom,fmt/43,JPEG File Interchange Format,1.01,image/jpeg,Image (Raster),extension match jpg; byte match at [[0 14] [691048 2]],,2580,3600,8,692,"8 - Langbroek, 1908-1949/8_692/8_692_0002.jpg"
"8 - Langbroek, 1908-1949/8_692/8_692_0003.jpg",745049,2026-03-02T13:03:17Z,,53880e1b443b3397a32c442ad8b96dfa,pronom,fmt/43,JPEG File Interchange Format,1.01,image/jpeg,Image (Raster),extension match jpg; byte match at [[0 14] [745047 2]],,3841,2995,8,692,"8 - Langbroek, 1908-1949/8_692/8_692_0003.jpg"
"8 - Langbroek, 1908-1949/8_693/8_693_0001.jpg",908562,2026-03-02T13:03:17Z,,51787da6b7b7c092fc12b2b3a510587e,pronom,fmt/43,JPEG File Interchange Format,1.01,image/jpeg,Image (Raster),extension match jpg; byte match at [[0 14] [908560 2]],,2578,3616,8,693,"8 - Langbroek, 1908-1949/8_693/8_693_0001.jpg"
"8 - Langbroek, 1908-1949/8_693/8_693_0002.jpg",735644,2026-03-02T13:03:17Z,,9ed3083348e62b4e7ee0e7938a835995,pronom,fmt/43,JPEG File Interchange Format,1.01,image/jpeg,Image (Raster),extension match jpg; byte match at [[0 14] [735642 2]],,2610,3642,8,693,"8 - Langbroek, 1908-1949/8_693/8_693_0002.jpg"
"8 - Langbroek, 1908-1949/8_693/8_693_0003.jpg",723716,2026-03-02T13:03:17Z,,cb865eca4c8e8e80f4a425ab7067c6e2,pronom,fmt/43,JPEG File Interchange Format,1.01,image/jpeg,Image (Raster),extension match jpg; byte match at [[0 14] [723714 2]],,2612,3641,8,693,"8 - Langbroek, 1908-1949/8_693/8_693_0003.jpg"
"8 - Langbroek, 1908-1949/8_693/8_693_0004.jpg",3535386,2026-03-02T13:03:17Z,,ee152cb379160f6b2be07f9a78d86fc2,pronom,fmt/43,JPEG File Interchange Format,1.01,image/jpeg,Image (Raster),extension match jpg; byte match at [[0 14] [3535384 2]],,8280,5189,8,693,"8 - Langbroek, 1908-1949/8_693/8_693_0004.jpg"
"8 - Langbroek, 1908-1949/8_694/8_694_0001.jpg",965674,2026-03-02T13:03:17Z,,9a36ce2e673408f7724546302b76dbed,pronom,fmt/43,JPEG File Interchange Format,1.01,image/jpeg,Image (Raster),extension match jpg; byte match at [[0 14] [965672 2]],,2567,3614,8,694,"8 - Langbroek, 1908-1949/8_694/8_694_0001.jpg"
"8 - Langbroek, 1908-1949/8_694/8_694_0002.jpg",705923,2026-03-02T13:03:17Z,,840781ad41d8ada01aa57fbb286d4ead,pronom,fmt/43,JPEG File Interchange Format,1.01,image/jpeg,Image (Raster),extension match jpg; byte match at [[0 14] [705921 2]],,2581,3095,8,694,"8 - Langbroek, 1908-1949/8_694/8_694_0002.jpg"
"8 - Langbroek, 1908-1949/8_694/8_694_0003.jpg",3943567,2026-03-02T13:03:17Z,,47b40d31c3fb63dd51be9689a800e64b,pronom,fmt/43,JPEG File Interchange Format,1.01,image/jpeg,Image (Raster),extension match jpg; byte match at [[0 14] [3943565 2]],,6337,4746,8,694,"8 - Langbroek, 1908-1949/8_694/8_694_0003.jpg"
"8 - Langbroek, 1908-1949/8_694/8_694_0004.jpg",1649983,2026-03-02T13:03:17Z,,d6aa9d770252afd8be7d7e337f2d7dac,pronom,fmt/43,JPEG File Interchange Format,1.01,image/jpeg,Image (Raster),extension match jpg; byte match at [[0 14] [1649981 2]],,6336,4745,8,694,"8 - Langbroek, 1908-1949/8_694/8_694_0004.jpg"
"8 - Langbroek, 1908-1949/8_695/8_695_0001.jpg",857147,2026-03-02T13:03:17Z,,92c7eb9d3fa6f963c9b5928528fbdf00,pronom,fmt/43,JPEG File Interchange Format,1.01,image/jpeg,Image (Raster),extension match jpg; byte match at [[0 14] [857145 2]],,2577,3610,8,695,"8 - Langbroek, 1908-1949/8_695/8_695_0001.jpg"
"8 - Langbroek, 1908-1949/8_695/8_695_0002.jpg",1020913,2026-03-02T13:03:17Z,,efde3edb9755c1365a27b5b76d260948,pronom,fmt/43,JPEG File Interchange Format,1.01,image/jpeg,Image (Raster),extension match jpg; byte match at [[0 14] [1020911 2]],,3009,3032,8,695,"8 - Langbroek, 1908-1949/8_695/8_695_0002.jpg"
"8 - Langbroek, 1908-1949/8_695/8_695_0003.jpg",721291,2026-03-02T13:03:17Z,,03383cf0c4434104808a00694c0ba70b,pronom,fmt/43,JPEG File Interchange Format,1.01,image/jpeg,Image (Raster),extension match jpg; byte match at [[0 14] [721289 2]],,2580,3080,8,695,"8 - Langbroek, 1908-1949/8_695/8_695_0003.jpg"
"8 - Langbroek, 1908-1949/8_696/8_696_0001.jpg",451571,2026-03-02T13:03:17Z,,e17a691c86b17a8dc126cb17c9998dc0,pronom,fmt/43,JPEG File Interchange Format,1.01,image/jpeg,Image (Raster),extension match jpg; byte match at [[0 14] [451569 2]],,2093,2140,8,696,"8 - Langbroek, 1908-1949/8_696/8_696_0001.jpg"
"8 - Langbroek, 1908-1949/8_696/8_696_0002.jpg",3879094,2026-03-02T13:03:17Z,,76de9a397bdaac61038cc104224a2462,pronom,fmt/43,JPEG File Interchange Format,1.01,image/jpeg,Image (Raster),extension match jpg; byte match at [[0 14] [3879092 2]],,7466,8783,8,696,"8 - Langbroek, 1908-1949/8_696/8_696_0002.jpg"
"8 - Langbroek, 1908-1949/8_697/8_697_0001.jpg",485435,2026-03-02T13:03:18Z,,0de26790a6a8548ffeae61652879a214,pronom,fmt/43,JPEG File Interchange Format,1.01,image/jpeg,Image (Raster),extension match jpg; byte match at [[0 14] [485433 2]],,2536,2016,8,697,"8 - Langbroek, 1908-1949/8_697/8_697_0001.jpg"
"8 - Langbroek, 1908-1949/8_697/8_697_0002.jpg",1856317,2026-03-02T13:03:18Z,,f5dcedceb519ebb8f313e3a28166cc21,pronom,fmt/43,JPEG File Interchange Format,1.01,image/jpeg,Image (Raster),extension match jpg; byte match at [[0 14] [1856315 2]],,5683,3434,8,697,"8 - Langbroek, 1908-1949/8_697/8_697_0002.jpg"
"8 - Langbroek, 1908-1949/8_698/8_698_0001.jpg",1302163,2026-03-02T13:03:18Z,,7ae9f6e57fc2b39f0d58f1278f9af7f5,pronom,fmt/43,JPEG File Interchange Format,1.01,image/jpeg,Image (Raster),extension match jpg; byte match at [[0 14] [1302161 2]],,2602,3987,8,698,"8 - Langbroek, 1908-1949/8_698/8_698_0001.jpg"
"8 - Langbroek, 1908-1949/8_698/8_698_0002.jpg",938568,2026-03-02T13:03:18Z,,4fcf59187e1c15b91a8c98b79dcc7999,pronom,fmt/43,JPEG File Interchange Format,1.01,image/jpeg,Image (Raster),extension match jpg; byte match at [[0 14] [938566 2]],,3815,2312,8,698,"8 - Langbroek, 1908-1949/8_698/8_698_0002.jpg"
"8 - Langbroek, 1908-1949/8_698/8_698_0003.jpg",714168,2026-03-02T13:03:18Z,,20974eb5b06efdfd491d64c8f3c94444,pronom,fmt/43,JPEG File Interchange Format,1.01,image/jpeg,Image (Raster),extension match jpg; byte match at [[0 14] [714166 2]],,2674,3374,8,698,"8 - Langbroek, 1908-1949/8_698/8_698_0003.jpg"
"8 - Langbroek, 1908-1949/8_698/8_698_0004.jpg",2373112,2026-03-02T13:03:18Z,,fdc5d967d7e7724f95bf74918591987e,pronom,fmt/43,JPEG File Interchange Format,1.01,image/jpeg,Image (Raster),extension match jpg; byte match at [[0 14] [2373110 2]],,5257,3911,8,698,"8 - Langbroek, 1908-1949/8_698/8_698_0004.jpg"
"8 - Langbroek, 1908-1949/8_698/8_698_0005.jpg",767824,2026-03-02T13:03:18Z,,15816bbf90f953d218831b9c00febea6,pronom,fmt/43,JPEG File Interchange Format,1.01,image/jpeg,Image (Raster),extension match jpg; byte match at [[0 14] [767822 2]],,2675,3374,8,698,"8 - Langbroek, 1908-1949/8_698/8_698_0005.jpg"
"8 - Langbroek, 1908-1949/8_699/8_699_0001.jpg",975280,2026-03-02T13:03:18Z,,fa3a0c112f112ff07f93fd3d1a1a09e9,pronom,fmt/43,JPEG File Interchange Format,1.01,image/jpeg,Image (Raster),extension match jpg; byte match at [[0 14] [975278 2]],,2579,3625,8,699,"8 - Langbroek, 1908-1949/8_699/8_699_0001.jpg"
"8 - Langbroek, 1908-1949/8_699/8_699_0002.jpg",1012153,2026-03-02T13:03:18Z,,6d23bf5ddc02246f0730a335eb4ae55c,pronom,fmt/43,JPEG File Interchange Format,1.01,image/jpeg,Image (Raster),extension match jpg; byte match at [[0 14] [1012151 2]],,2617,3640,8,699,"8 - Langbroek, 1908-1949/8_699/8_699_0002.jpg"
"8 - Langbroek, 1908-1949/8_699/8_699_0003.jpg",824857,2026-03-02T13:03:18Z,,b2b815ee328dca0674c69e583c72619e,pronom,fmt/43,JPEG File Interchange Format,1.01,image/jpeg,Image (Raster),extension match jpg; byte match at [[0 14] [824855 2]],,2610,3640,8,699,"8 - Langbroek, 1908-1949/8_699/8_699_0003.jpg"
"8 - Langbroek, 1908-1949/8_699/8_699_0004.jpg",3831459,2026-03-02T13:03:18Z,,90a4fad1220704b501cb6cb5c056a063,pronom,fmt/43,JPEG File Interchange Format,1.01,image/jpeg,Image (Raster),extension match jpg; byte match at [[0 14] [3831457 2]],,6310,4050,8,699,"8 - Langbroek, 1908-1949/8_699/8_699_0004.jpg"
"8 - Langbroek, 1908-1949/8_700/8_700_0001.jpg",921997,2026-03-02T13:03:18Z,,f72eb82ebe876bb18e3b58430a271711,pronom,fmt/43,JPEG File Interchange Format,1.01,image/jpeg,Image (Raster),extension match jpg; byte match at [[0 14] [921995 2]],,2581,3599,8,700,"8 - Langbroek, 1908-1949/8_700/8_700_0001.jpg"
"8 - Langbroek, 1908-1949/8_700/8_700_0002.jpg",4277459,2026-03-02T13:03:18Z,,39578a361ffac87b95173a06ab2d351a,pronom,fmt/43,JPEG File Interchange Format,1.01,image/jpeg,Image (Raster),extension match jpg; byte match at [[0 14] [4277457 2]],,7190,4750,8,700,"8 - Langbroek, 1908-1949/8_700/8_700_0002.jpg"
"8 - Langbroek, 1908-1949/8_700/8_700_0003.jpg",1047868,2026-03-02T13:03:18Z,,bd1bfe25c66fcd7e12e17c20491d3e97,pronom,fmt/43,JPEG File Interchange Format,1.01,image/jpeg,Image (Raster),extension match jpg; byte match at [[0 14] [1047866 2]],,2600,3636,8,700,"8 - Langbroek, 1908-1949/8_700/8_700_0003.jpg"
"8 - Langbroek, 1908-1949/8_700/8_700_0004.jpg",816224,2026-03-02T13:03:18Z,,23fd23ac829ac36110064c65b6db45d0,pronom,fmt/43,JPEG File Interchange Format,1.01,image/jpeg,Image (Raster),extension match jpg; byte match at [[0 14] [816222 2]],,2601,3638,8,700,"8 - Langbroek, 1908-1949/8_700/8_700_0004.jpg"
"8 - Langbroek, 1908-1949/8_700/8_700_0005.jpg",611098,2026-03-02T13:03:18Z,,4d7797475fb2d8ead01490692b0a82b7,pronom,fmt/43,JPEG File Interchange Format,1.01,image/jpeg,Image (Raster),extension match jpg; byte match at [[0 14] [611096 2]],,2638,2702,8,700,"8 - Langbroek, 1908-1949/8_700/8_700_0005.jpg"
"8 - Langbroek, 1908-1949/8_701/8_701_0001.jpg",824803,2026-03-02T13:03:18Z,,33cbeacf176781e14f6ac4df1e761ce1,pronom,fmt/43,JPEG File Interchange Format,1.01,image/jpeg,Image (Raster),extension match jpg; byte match at [[0 14] [824801 2]],,2541,4072,8,701,"8 - Langbroek, 1908-1949/8_701/8_701_0001.jpg"
"8 - Langbroek, 1908-1949/8_701/8_701_0002.jpg",3215253,2026-03-02T13:03:18Z,,0f029245e534b21ce1f158802306c82d,pronom,fmt/43,JPEG File Interchange Format,1.01,image/jpeg,Image (Raster),extension match jpg; byte match at [[0 14] [3215251 2]],,6391,4928,8,701,"8 - Langbroek, 1908-1949/8_701/8_701_0002.jpg"
"8 - Langbroek, 1908-1949/8_701/8_701_0003.jpg",395755,2026-03-02T13:03:18Z,,23074a684cb8c19fe546615b9ad7444b,pronom,fmt/43,JPEG File Interchange Format,1.01,image/jpeg,Image (Raster),extension match jpg; byte match at [[0 14] [395753 2]],,1732,2651,8,701,"8 - Langbroek, 1908-1949/8_701/8_701_0003.jpg"
"8 - Langbroek, 1908-1949/8_702/8_702_0001.jpg",946626,2026-03-02T13:03:18Z,,d76cb97857d285c32699c6722296fa4d,pronom,fmt/43,JPEG File Interchange Format,1.01,image/jpeg,Image (Raster),extension match jpg; byte match at [[0 14] [946624 2]],,2590,3610,8,702,"8 - Langbroek, 1908-1949/8_702/8_702_0001.jpg"
"8 - Langbroek, 1908-1949/8_702/8_702_0002.jpg",675490,2026-03-02T13:03:18Z,,baddd9099f6dfa99d4799aa529a09c96,pronom,fmt/43,JPEG File Interchange Format,1.01,image/jpeg,Image (Raster),extension match jpg; byte match at [[0 14] [675488 2]],,2569,3599,8,702,"8 - Langbroek, 1908-1949/8_702/8_702_0002.jpg"
"8 - Langbroek, 1908-1949/8_702/8_702_0003.jpg",688743,2026-03-02T13:03:18Z,,5f7941ad8fc836cc513dad3cadde5475,pronom,fmt/43,JPEG File Interchange Format,1.01,image/jpeg,Image (Raster),extension match jpg; byte match at [[0 14] [688741 2]],,2560,3600,8,702,"8 - Langbroek, 1908-1949/8_702/8_702_0003.jpg"
"8 - Langbroek, 1908-1949/8_702/8_702_0004.jpg",981232,2026-03-02T13:03:18Z,,efa23ca1501e1c1971088302512b3b7a,pronom,fmt/43,JPEG File Interchange Format,1.01,image/jpeg,Image (Raster),extension match jpg; byte match at [[0 14] [981230 2]],,2613,3634,8,702,"8 - Langbroek, 1908-1949/8_702/8_702_0004.jpg"
"8 - Langbroek, 1908-1949/8_702/8_702_0005.jpg",1025896,2026-03-02T13:03:18Z,,c01ac5dd99f56753257f67188a2352b7,pronom,fmt/43,JPEG File Interchange Format,1.01,image/jpeg,Image (Raster),extension match jpg; byte match at [[0 14] [1025894 2]],,2609,3629,8,702,"8 - Langbroek, 1908-1949/8_702/8_702_0005.jpg"
"8 - Langbroek, 1908-1949/8_702/8_702_0006.jpg",1046450,2026-03-02T13:03:18Z,,36ffa5a70f006f8021f5e23b961cb1dd,pronom,fmt/43,JPEG File Interchange Format,1.01,image/jpeg,Image (Raster),extension match jpg; byte match at [[0 14] [1046448 2]],,2610,3632,8,702,"8 - Langbroek, 1908-1949/8_702/8_702_0006.jpg"
"8 - Langbroek, 1908-1949/8_702/8_702_0007.jpg",1047988,2026-03-02T13:03:18Z,,9b2f797785f723aa8a4dc62adc340218,pronom,fmt/43,JPEG File Interchange Format,1.01,image/jpeg,Image (Raster),extension match jpg; byte match at [[0 14] [1047986 2]],,2607,3633,8,702,"8 - Langbroek, 1908-1949/8_702/8_702_0007.jpg"
"8 - Langbroek, 1908-1949/8_702/8_702_0008.jpg",1090623,2026-03-02T13:03:18Z,,575395ddd552144d4bf8dbe2ff529fd1,pronom,fmt/43,JPEG File Interchange Format,1.01,image/jpeg,Image (Raster),extension match jpg; byte match at [[0 14] [1090621 2]],,2608,3636,8,702,"8 - Langbroek, 1908-1949/8_702/8_702_0008.jpg"
"8 - Langbroek, 1908-1949/8_702/8_702_0009.jpg",1066477,2026-03-02T13:03:18Z,,8542f69c5aa27ba9520a6a1c1983ea43,pronom,fmt/43,JPEG File Interchange Format,1.01,image/jpeg,Image (Raster),extension match jpg; byte match at [[0 14] [1066475 2]],,2609,3634,8,702,"8 - Langbroek, 1908-1949/8_702/8_702_0009.jpg"
"8 - Langbroek, 1908-1949/8_702/8_702_0010.jpg",999251,2026-03-02T13:03:18Z,,f65f5947dd0733119ac200fadf67f851,pronom,fmt/43,JPEG File Interchange Format,1.01,image/jpeg,Image (Raster),extension match jpg; byte match at [[0 14] [999249 2]],,2599,3629,8,702,"8 - Langbroek, 1908-1949/8_702/8_702_0010.jpg"
"8 - Langbroek, 1908-1949/8_702/8_702_0011.jpg",1033599,2026-03-02T13:03:18Z,,6e88c395374833dbf8acc87e9c655e19,pronom,fmt/43,JPEG File Interchange Format,1.01,image/jpeg,Image (Raster),extension match jpg; byte match at [[0 14] [1033597 2]],,2613,3633,8,702,"8 - Langbroek, 1908-1949/8_702/8_702_0011.jpg"
"8 - Langbroek, 1908-1949/8_702/8_702_0012.jpg",1183609,2026-03-02T13:03:18Z,,881b254f40cd54985b60cf7958b29884,pronom,fmt/43,JPEG File Interchange Format,1.01,image/jpeg,Image (Raster),extension match jpg; byte match at [[0 14] [1183607 2]],,2611,3641,8,702,"8 - Langbroek, 1908-1949/8_702/8_702_0012.jpg"
"8 - Langbroek, 1908-1949/8_702/8_702_0013.jpg",878303,2026-03-02T13:03:18Z,,9f15a28d204de604cad59029796626d0,pronom,fmt/43,JPEG File Interchange Format,1.01,image/jpeg,Image (Raster),extension match jpg; byte match at [[0 14] [878301 2]],,2611,3638,8,702,"8 - Langbroek, 1908-1949/8_702/8_702_0013.jpg"
"8 - Langbroek, 1908-1949/8_702/8_702_0014.jpg",4609850,2026-03-02T13:03:18Z,,7ce33661abf21e319a25182fdeda4ef2,pronom,fmt/43,JPEG File Interchange Format,1.01,image/jpeg,Image (Raster),extension match jpg; byte match at [[0 14] [4609848 2]],,7094,5248,8,702,"8 - Langbroek, 1908-1949/8_702/8_702_0014.jpg"
"8 - Langbroek, 1908-1949/8_703/8_703_0001.jpg",818601,2026-03-02T13:03:18Z,,b2c1988dbba11d2dd54f89f13be57af6,pronom,fmt/43,JPEG File Interchange Format,1.01,image/jpeg,Image (Raster),extension match jpg; byte match at [[0 14] [818599 2]],,2580,3620,8,703,"8 - Langbroek, 1908-1949/8_703/8_703_0001.jpg"
"8 - Langbroek, 1908-1949/8_703/8_703_0002.jpg",689842,2026-03-02T13:03:18Z,,b2e02b00d7f0900a9277fb49a8511b89,pronom,fmt/43,JPEG File Interchange Format,1.01,image/jpeg,Image (Raster),extension match jpg; byte match at [[0 14] [689840 2]],,2666,3362,8,703,"8 - Langbroek, 1908-1949/8_703/8_703_0002.jpg"
"8 - Langbroek, 1908-1949/8_703/8_703_0003.jpg",1340201,2026-03-02T13:03:18Z,,c99643a91c00e73a90ea697f53ba7ff6,pronom,fmt/43,JPEG File Interchange Format,1.01,image/jpeg,Image (Raster),extension match jpg; byte match at [[0 14] [1340199 2]],,4220,2681,8,703,"8 - Langbroek, 1908-1949/8_703/8_703_0003.jpg"
"8 - Langbroek, 1908-1949/8_703/8_703_0004.jpg",637100,2026-03-02T13:03:18Z,,a2d6c376702cb40e6a304595f777dd78,pronom,fmt/43,JPEG File Interchange Format,1.01,image/jpeg,Image (Raster),extension match jpg; byte match at [[0 14] [637098 2]],,4207,2681,8,703,"8 - Langbroek, 1908-1949/8_703/8_703_0004.jpg"
"8 - Langbroek, 1908-1949/8_704/8_704_0001.jpg",687415,2026-03-02T13:03:18Z,,ca80874503d23fa16874590930877efc,pronom,fmt/43,JPEG File Interchange Format,1.01,image/jpeg,Image (Raster),extension match jpg; byte match at [[0 14] [687413 2]],,2646,2893,8,704,"8 - Langbroek, 1908-1949/8_704/8_704_0001.jpg"
"8 - Langbroek, 1908-1949/8_704/8_704_0002.jpg",540490,2026-03-02T13:03:18Z,,1324175528b53c85bc0f34ee65a1878b,pronom,fmt/43,JPEG File Interchange Format,1.01,image/jpeg,Image (Raster),extension match jpg; byte match at [[0 14] [540488 2]],,2610,2080,8,704,"8 - Langbroek, 1908-1949/8_704/8_704_0002.jpg"
"8 - Langbroek, 1908-1949/8_704/8_704_0003.jpg",1857405,2026-03-02T13:03:18Z,,1f40d2d9794c76b9151952e4075a745a,pronom,fmt/43,JPEG File Interchange Format,1.01,image/jpeg,Image (Raster),extension match jpg; byte match at [[0 14] [1857403 2]],,4188,4340,8,704,"8 - Langbroek, 1908-1949/8_704/8_704_0003.jpg"
"8 - Langbroek, 1908-1949/8_705/8_705_0001.jpg",498303,2026-03-02T13:03:18Z,,2ecc3a83f8c237dc774702155ea4b483,pronom,fmt/43,JPEG File Interchange Format,1.01,image/jpeg,Image (Raster),extension match jpg; byte match at [[0 14] [498301 2]],,2617,2607,8,705,"8 - Langbroek, 1908-1949/8_705/8_705_0001.jpg"
"8 - Langbroek, 1908-1949/8_705/8_705_0002.jpg",937702,2026-03-02T13:03:18Z,,12c071468eca45be0cbeeddac6583b08,pronom,fmt/43,JPEG File Interchange Format,1.01,image/jpeg,Image (Raster),extension match jpg; byte match at [[0 14] [937700 2]],,2590,3593,8,705,"8 - Langbroek, 1908-1949/8_705/8_705_0002.jpg"
"8 - Langbroek, 1908-1949/8_705/8_705_0003.jpg",3183301,2026-03-02T13:03:18Z,,5b82e7e2d7927150dda29eeb263e6a84,pronom,fmt/43,JPEG File Interchange Format,1.01,image/jpeg,Image (Raster),extension match jpg; byte match at [[0 14] [3183299 2]],,7919,5436,8,705,"8 - Langbroek, 1908-1949/8_705/8_705_0003.jpg"
"8 - Langbroek, 1908-1949/8_706/8_706_0001.jpg",465397,2026-03-02T13:03:18Z,,72bf06a75f64927f1f31d54a0e6f3204,pronom,fmt/43,JPEG File Interchange Format,1.01,image/jpeg,Image (Raster),extension match jpg; byte match at [[0 14] [465395 2]],,2489,2639,8,706,"8 - Langbroek, 1908-1949/8_706/8_706_0001.jpg"
"8 - Langbroek, 1908-1949/8_706/8_706_0002.jpg",1512722,2026-03-02T13:03:18Z,,8ecd5b7000a715e7eda78b5081ddaa6e,pronom,fmt/43,JPEG File Interchange Format,1.01,image/jpeg,Image (Raster),extension match jpg; byte match at [[0 14] [1512720 2]],,4609,3089,8,706,"8 - Langbroek, 1908-1949/8_706/8_706_0002.jpg"
"8 - Langbroek, 1908-1949/8_707/8_707_0001.jpg",560272,2026-03-02T13:03:18Z,,02d7931117ed84ba207a3af25dac6fc7,pronom,fmt/43,JPEG File Interchange Format,1.01,image/jpeg,Image (Raster),extension match jpg; byte match at [[0 14] [560270 2]],,2587,2082,8,707,"8 - Langbroek, 1908-1949/8_707/8_707_0001.jpg"
"8 - Langbroek, 1908-1949/8_707/8_707_0002.jpg",944031,2026-03-02T13:03:18Z,,269e93339f98c50152a64a0c5f941551,pronom,fmt/43,JPEG File Interchange Format,1.01,image/jpeg,Image (Raster),extension match jpg; byte match at [[0 14] [944029 2]],,2633,4177,8,707,"8 - Langbroek, 1908-1949/8_707/8_707_0002.jpg"
"8 - Langbroek, 1908-1949/8_707/8_707_0003.jpg",1096910,2026-03-02T13:03:19Z,,0090287beedd14e16a3b607977441c73,pronom,fmt/43,JPEG File Interchange Format,1.01,image/jpeg,Image (Raster),extension match jpg; byte match at [[0 14] [1096908 2]],,2628,4173,8,707,"8 - Langbroek, 1908-1949/8_707/8_707_0003.jpg"
"8 - Langbroek, 1908-1949/8_707/8_707_0004.jpg",3302286,2026-03-02T13:03:19Z,,86510caaa20551f11296e422482c92e6,pronom,fmt/43,JPEG File Interchange Format,1.01,image/jpeg,Image (Raster),extension match jpg; byte match at [[0 14] [3302284 2]],,7729,5875,8,707,"8 - Langbroek, 1908-1949/8_707/8_707_0004.jpg"
"8 - Langbroek, 1908-1949/8_708/8_708_0001.jpg",951147,2026-03-02T13:03:19Z,,2c668580c852273f604a516d6afa7d69,pronom,fmt/43,JPEG File Interchange Format,1.01,image/jpeg,Image (Raster),extension match jpg; byte match at [[0 14] [951145 2]],,2580,3590,8,708,"8 - Langbroek, 1908-1949/8_708/8_708_0001.jpg"
"8 - Langbroek, 1908-1949/8_708/8_708_0002.jpg",775719,2026-03-02T13:03:19Z,,fbef7cfe737219b822ed738f7ffb885b,pronom,fmt/43,JPEG File Interchange Format,1.01,image/jpeg,Image (Raster),extension match jpg; byte match at [[0 14] [775717 2]],,2600,4040,8,708,"8 - Langbroek, 1908-1949/8_708/8_708_0002.jpg"
"8 - Langbroek, 1908-1949/8_708/8_708_0003.jpg",843450,2026-03-02T13:03:19Z,,e52266064f4b08f1b883a9064bba920b,pronom,fmt/43,JPEG File Interchange Format,1.01,image/jpeg,Image (Raster),extension match jpg; byte match at [[0 14] [843448 2]],,2592,4051,8,708,"8 - Langbroek, 1908-1949/8_708/8_708_0003.jpg"
"8 - Langbroek, 1908-1949/8_708/8_708_0004.jpg",3589526,2026-03-02T13:03:19Z,,b51f7011f2c19963b9602220c72827b9,pronom,fmt/43,JPEG File Interchange Format,1.01,image/jpeg,Image (Raster),extension match jpg; byte match at [[0 14] [3589524 2]],,6561,5641,8,708,"8 - Langbroek, 1908-1949/8_708/8_708_0004.jpg"
"8 - Langbroek, 1908-1949/8_709/8_709_0001.jpg",807062,2026-03-02T13:03:19Z,,621dac0510caadbfce0d95201c97d201,pronom,fmt/43,JPEG File Interchange Format,1.01,image/jpeg,Image (Raster),extension match jpg; byte match at [[0 14] [807060 2]],,2581,3592,8,709,"8 - Langbroek, 1908-1949/8_709/8_709_0001.jpg"
"8 - Langbroek, 1908-1949/8_709/8_709_0002.jpg",744294,2026-03-02T13:03:19Z,,334ef04cf516258aef81cb5a950731f0,pronom,fmt/43,JPEG File Interchange Format,1.01,image/jpeg,Image (Raster),extension match jpg; byte match at [[0 14] [744292 2]],,2591,3811,8,709,"8 - Langbroek, 1908-1949/8_709/8_709_0002.jpg"
"8 - Langbroek, 1908-1949/8_709/8_709_0003.jpg",808339,2026-03-02T13:03:19Z,,213260ed75cc6087f0ba62e9ec107893,pronom,fmt/43,JPEG File Interchange Format,1.01,image/jpeg,Image (Raster),extension match jpg; byte match at [[0 14] [808337 2]],,2597,3813,8,709,"8 - Langbroek, 1908-1949/8_709/8_709_0003.jpg"
"8 - Langbroek, 1908-1949/8_709/8_709_0004.jpg",1462902,2026-03-02T13:03:19Z,,67d4fb93f71e221aac517191b80faf53,pronom,fmt/43,JPEG File Interchange Format,1.01,image/jpeg,Image (Raster),extension match jpg; byte match at [[0 14] [1462900 2]],,3751,3523,8,709,"8 - Langbroek, 1908-1949/8_709/8_709_0004.jpg"
"8 - Langbroek, 1908-1949/8_710/8_710_0001.jpg",861125,2026-03-02T13:03:19Z,,2119848f4bc71ab96a8be1fa05422e15,pronom,fmt/43,JPEG File Interchange Format,1.01,image/jpeg,Image (Raster),extension match jpg; byte match at [[0 14] [861123 2]],,2559,3609,8,710,"8 - Langbroek, 1908-1949/8_710/8_710_0001.jpg"
"8 - Langbroek, 1908-1949/8_710/8_710_0002.jpg",1037953,2026-03-02T13:03:19Z,,12bb2b3f8ab06cd47361c7f325dafdce,pronom,fmt/43,JPEG File Interchange Format,1.01,image/jpeg,Image (Raster),extension match jpg; byte match at [[0 14] [1037951 2]],,2684,4136,8,710,"8 - Langbroek, 1908-1949/8_710/8_710_0002.jpg"
"8 - Langbroek, 1908-1949/8_710/8_710_0003.jpg",938057,2026-03-02T13:03:19Z,,59ae39ec0d256084f374a0ad0d153cf7,pronom,fmt/43,JPEG File Interchange Format,1.01,image/jpeg,Image (Raster),extension match jpg; byte match at [[0 14] [938055 2]],,2680,4134,8,710,"8 - Langbroek, 1908-1949/8_710/8_710_0003.jpg"
"8 - Langbroek, 1908-1949/8_710/8_710_0004.jpg",3771432,2026-03-02T13:03:19Z,,2334b1c76ed70a5ba7739e5da76143ec,pronom,fmt/43,JPEG File Interchange Format,1.01,image/jpeg,Image (Raster),extension match jpg; byte match at [[0 14] [3771430 2]],,9071,3502,8,710,"8 - Langbroek, 1908-1949/8_710/8_710_0004.jpg"
"8 - Langbroek, 1908-1949/8_710/8_710_0005.jpg",563918,2026-03-02T13:03:19Z,,ca9117329cacac9ce20d646e73ead091,pronom,fmt/43,JPEG File Interchange Format,1.01,image/jpeg,Image (Raster),extension match jpg; byte match at [[0 14] [563916 2]],,2615,3168,8,710,"8 - Langbroek, 1908-1949/8_710/8_710_0005.jpg"
"8 - Langbroek, 1908-1949/8_711/8_711_0001.jpg",744177,2026-03-02T13:03:19Z,,3ca6f04da23d00204ed1c4a8d77c63f1,pronom,fmt/43,JPEG File Interchange Format,1.01,image/jpeg,Image (Raster),extension match jpg; byte match at [[0 14] [744175 2]],,2490,4030,8,711,"8 - Langbroek, 1908-1949/8_711/8_711_0001.jpg"
"8 - Langbroek, 1908-1949/8_711/8_711_0002.jpg",461542,2026-03-02T13:03:19Z,,49ddeaea99bdba31d309924d2a9824a6,pronom,fmt/43,JPEG File Interchange Format,1.01,image/jpeg,Image (Raster),extension match jpg; byte match at [[0 14] [461540 2]],,2839,2215,8,711,"8 - Langbroek, 1908-1949/8_711/8_711_0002.jpg"
"8 - Langbroek, 1908-1949/8_711/8_711_0003.jpg",670820,2026-03-02T13:03:19Z,,a72efff310fa069e23cdf64182dae9c6,pronom,fmt/43,JPEG File Interchange Format,1.01,image/jpeg,Image (Raster),extension match jpg; byte match at [[0 14] [670818 2]],,3681,2683,8,711,"8 - Langbroek, 1908-1949/8_711/8_711_0003.jpg"
"8 - Langbroek, 1908-1949/8_711/8_711_0004.jpg",767705,2026-03-02T13:03:19Z,,a13be59a34d80b91661a38d99483604b,pronom,fmt/43,JPEG File Interchange Format,1.01,image/jpeg,Image (Raster),extension match jpg; byte match at [[0 14] [767703 2]],,2524,4063,8,711,"8 - Langbroek, 1908-1949/8_711/8_711_0004.jpg"
"8 - Langbroek, 1908-1949/8_711/8_711_0005.jpg",834992,2026-03-02T13:03:19Z,,91789d36f0555cc653d6b6656dc8567b,pronom,fmt/43,JPEG File Interchange Format,1.01,image/jpeg,Image (Raster),extension match jpg; byte match at [[0 14] [834990 2]],,2723,3345,8,711,"8 - Langbroek, 1908-1949/8_711/8_711_0005.jpg"
"8 - Langbroek, 1908-1949/8_711/8_711_0006.jpg",713523,2026-03-02T13:03:19Z,,f053c269052ac88d1fa03de5021b0ed1,pronom,fmt/43,JPEG File Interchange Format,1.01,image/jpeg,Image (Raster),extension match jpg; byte match at [[0 14] [713521 2]],,2543,4074,8,711,"8 - Langbroek, 1908-1949/8_711/8_711_0006.jpg"
"8 - Langbroek, 1908-1949/8_711/8_711_0007.jpg",737373,2026-03-02T13:03:19Z,,e403fdd085b9f784ee5544be473c7a8a,pronom,fmt/43,JPEG File Interchange Format,1.01,image/jpeg,Image (Raster),extension match jpg; byte match at [[0 14] [737371 2]],,2671,3383,8,711,"8 - Langbroek, 1908-1949/8_711/8_711_0007.jpg"
"8 - Langbroek, 1908-1949/8_711/8_711_0008.jpg",856311,2026-03-02T13:03:19Z,,9d49a0dc487f22337f99f0b201e45a75,pronom,fmt/43,JPEG File Interchange Format,1.01,image/jpeg,Image (Raster),extension match jpg; byte match at [[0 14] [856309 2]],,2599,3169,8,711,"8 - Langbroek, 1908-1949/8_711/8_711_0008.jpg"
"8 - Langbroek, 1908-1949/8_711/8_711_0009.jpg",724069,2026-03-02T13:03:19Z,,d934bdb195c16c3b56fd2ff6fb6cd06c,pronom,fmt/43,JPEG File Interchange Format,1.01,image/jpeg,Image (Raster),extension match jpg; byte match at [[0 14] [724067 2]],,2672,3383,8,711,"8 - Langbroek, 1908-1949/8_711/8_711_0009.jpg"
"8 - Langbroek, 1908-1949/8_711/8_711_0010.jpg",812037,2026-03-02T13:03:19Z,,732b9e0185bc2e0f7f1107b6ad0a01a5,pronom,fmt/43,JPEG File Interchange Format,1.01,image/jpeg,Image (Raster),extension match jpg; byte match at [[0 14] [812035 2]],,2583,3179,8,711,"8 - Langbroek, 1908-1949/8_711/8_711_0010.jpg"
"8 - Langbroek, 1908-1949/8_711/8_711_0011.jpg",745781,2026-03-02T13:03:19Z,,ada66c78593514514aef60d8407a694e,pronom,fmt/43,JPEG File Interchange Format,1.01,image/jpeg,Image (Raster),extension match jpg; byte match at [[0 14] [745779 2]],,2671,3385,8,711,"8 - Langbroek, 1908-1949/8_711/8_711_0011.jpg"
"8 - Langbroek, 1908-1949/8_711/8_711_0012.jpg",367742,2026-03-02T13:03:19Z,,ca9a5ffb92852bf2c140f6eb2f3c6108,pronom,fmt/43,JPEG File Interchange Format,1.01,image/jpeg,Image (Raster),extension match jpg; byte match at [[0 14] [367740 2]],,1790,2560,8,711,"8 - Langbroek, 1908-1949/8_711/8_711_0012.jpg"
"8 - Langbroek, 1908-1949/8_711/8_711_0013.jpg",340815,2026-03-02T13:03:19Z,,59cea6b91b723bb937d13c0a663f3965,pronom,fmt/43,JPEG File Interchange Format,1.01,image/jpeg,Image (Raster),extension match jpg; byte match at [[0 14] [340813 2]],,1790,2560,8,711,"8 - Langbroek, 1908-1949/8_711/8_711_0013.jpg"
"8 - Langbroek, 1908-1949/8_711/8_711_0014.jpg",813555,2026-03-02T13:03:19Z,,faf8dd7d887db1a329a6a84f1a498de1,pronom,fmt/43,JPEG File Interchange Format,1.01,image/jpeg,Image (Raster),extension match jpg; byte match at [[0 14] [813553 2]],,2568,3616,8,711,"8 - Langbroek, 1908-1949/8_711/8_711_0014.jpg"
"8 - Langbroek, 1908-1949/8_711/8_711_0015.jpg",416102,2026-03-02T13:03:19Z,,fe09a8624e1bfeb61e795142b1a4655c,pronom,fmt/43,JPEG File Interchange Format,1.01,image/jpeg,Image (Raster),extension match jpg; byte match at [[0 14] [416100 2]],,2663,1778,8,711,"8 - Langbroek, 1908-1949/8_711/8_711_0015.jpg"
"8 - Langbroek, 1908-1949/8_711/8_711_0016.jpg",903604,2026-03-02T13:03:19Z,,5b003e30923881f8e62e6498cce3f17b,pronom,fmt/43,JPEG File Interchange Format,1.01,image/jpeg,Image (Raster),extension match jpg; byte match at [[0 14] [903602 2]],,2550,3620,8,711,"8 - Langbroek, 1908-1949/8_711/8_711_0016.jpg"
"8 - Langbroek, 1908-1949/8_711/8_711_0017.jpg",946642,2026-03-02T13:03:19Z,,208f2ba8e52a36b22a259062e93227dd,pronom,fmt/43,JPEG File Interchange Format,1.01,image/jpeg,Image (Raster),extension match jpg; byte match at [[0 14] [946640 2]],,3239,3919,8,711,"8 - Langbroek, 1908-1949/8_711/8_711_0017.jpg"
"8 - Langbroek, 1908-1949/8_711/8_711_0018.jpg",854707,2026-03-02T13:03:19Z,,677f89631db5e29d69385d5adfd6b23c,pronom,fmt/43,JPEG File Interchange Format,1.01,image/jpeg,Image (Raster),extension match jpg; byte match at [[0 14] [854705 2]],,2569,3609,8,711,"8 - Langbroek, 1908-1949/8_711/8_711_0018.jpg"
"8 - Langbroek, 1908-1949/8_711/8_711_0019.jpg",205810,2026-03-02T13:03:19Z,,cfd2e1913efa9ef1cb2351403055e32c,pronom,fmt/43,JPEG File Interchange Format,1.01,image/jpeg,Image (Raster),extension match jpg; byte match at [[0 14] [205808 2]],,1440,1710,8,711,"8 - Langbroek, 1908-1949/8_711/8_711_0019.jpg"
"8 - Langbroek, 1908-1949/8_711/8_711_0020.jpg",867415,2026-03-02T13:03:19Z,,a5585004375e1d185981ffb1969b9ff3,pronom,fmt/43,JPEG File Interchange Format,1.01,image/jpeg,Image (Raster),extension match jpg; byte match at [[0 14] [867413 2]],,2569,3610,8,711,"8 - Langbroek, 1908-1949/8_711/8_711_0020.jpg"
"8 - Langbroek, 1908-1949/8_711/8_711_0021.jpg",403016,2026-03-02T13:03:19Z,,bd3cccb334a467c19cce722a3f7b35d7,pronom,fmt/43,JPEG File Interchange Format,1.01,image/jpeg,Image (Raster),extension match jpg; byte match at [[0 14] [403014 2]],,1780,2570,8,711,"8 - Langbroek, 1908-1949/8_711/8_711_0021.jpg"
"8 - Langbroek, 1908-1949/8_712/8_712_0001.jpg",849153,2026-03-02T13:03:19Z,,c64aff9b0a88efddaf800ccf34b93bde,pronom,fmt/43,JPEG File Interchange Format,1.01,image/jpeg,Image (Raster),extension match jpg; byte match at [[0 14] [849151 2]],,2579,3599,8,712,"8 - Langbroek, 1908-1949/8_712/8_712_0001.jpg"
"8 - Langbroek, 1908-1949/8_713/8_713_0001.jpg",1031464,2026-03-02T13:03:19Z,,1a1a3f5d3ff458339f8298f3f3fa55a7,pronom,fmt/43,JPEG File Interchange Format,1.01,image/jpeg,Image (Raster),extension match jpg; byte match at [[0 14] [1031462 2]],,2579,3599,8,713,"8 - Langbroek, 1908-1949/8_713/8_713_0001.jpg"
"8 - Langbroek, 1908-1949/8_713/8_713_0002.jpg",781161,2026-03-02T13:03:19Z,,6bc3bc8a20195f52ab6291a60fa4627c,pronom,fmt/43,JPEG File Interchange Format,1.01,image/jpeg,Image (Raster),extension match jpg; byte match at [[0 14] [781159 2]],,2631,3158,8,713,"8 - Langbroek, 1908-1949/8_713/8_713_0002.jpg"
"8 - Langbroek, 1908-1949/8_713/8_713_0003.jpg",785085,2026-03-02T13:03:19Z,,a0c3781dfd21808d448027f226dc2fc7,pronom,fmt/43,JPEG File Interchange Format,1.01,image/jpeg,Image (Raster),extension match jpg; byte match at [[0 14] [785083 2]],,2634,3163,8,713,"8 - Langbroek, 1908-1949/8_713/8_713_0003.jpg"
"8 - Langbroek, 1908-1949/8_714/8_714_0001.jpg",897114,2026-03-02T13:03:19Z,,977f1094d2e5b44ac0fba2adae4fe154,pronom,fmt/43,JPEG File Interchange Format,1.01,image/jpeg,Image (Raster),extension match jpg; byte match at [[0 14] [897112 2]],,2580,3610,8,714,"8 - Langbroek, 1908-1949/8_714/8_714_0001.jpg"
"8 - Langbroek, 1908-1949/8_714/8_714_0002.jpg",671360,2026-03-02T13:03:19Z,,7b9dd00d092ddd571db646529ce5ca20,pronom,fmt/43,JPEG File Interchange Format,1.01,image/jpeg,Image (Raster),extension match jpg; byte match at [[0 14] [671358 2]],,2687,3643,8,714,"8 - Langbroek, 1908-1949/8_714/8_714_0002.jpg"
"8 - Langbroek, 1908-1949/8_714/8_714_0003.jpg",945492,2026-03-02T13:03:19Z,,730e5f276b3a45d4bde88623b5655ca4,pronom,fmt/43,JPEG File Interchange Format,1.01,image/jpeg,Image (Raster),extension match jpg; byte match at [[0 14] [945490 2]],,4220,2392,8,714,"8 - Langbroek, 1908-1949/8_714/8_714_0003.jpg"
"8 - Langbroek, 1908-1949/8_715/8_715_0001.jpg",920313,2026-03-02T13:03:19Z,,80863a91491749c4ee2f2c2327890664,pronom,fmt/43,JPEG File Interchange Format,1.01,image/jpeg,Image (Raster),extension match jpg; byte match at [[0 14] [920311 2]],,2574,3613,8,715,"8 - Langbroek, 1908-1949/8_715/8_715_0001.jpg"
"8 - Langbroek, 1908-1949/8_715/8_715_0002.jpg",2201718,2026-03-02T13:03:19Z,,6bd2e547c010ff1b87ec20f79dc12dde,pronom,fmt/43,JPEG File Interchange Format,1.01,image/jpeg,Image (Raster),extension match jpg; byte match at [[0 14] [2201716 2]],,4942,4560,8,715,"8 - Langbroek, 1908-1949/8_715/8_715_0002.jpg"
"8 - Langbroek, 1908-1949/8_715/8_715_0003.jpg",1349340,2026-03-02T13:03:19Z,,14108241ee26ca15b3b46cb70a798ec2,pronom,fmt/43,JPEG File Interchange Format,1.01,image/jpeg,Image (Raster),extension match jpg; byte match at [[0 14] [1349338 2]],,4946,4565,8,715,"8 - Langbroek, 1908-1949/8_715/8_715_0003.jpg"
"8 - Langbroek, 1908-1949/8_715/8_715_0004.jpg",747433,2026-03-02T13:03:19Z,,d4a27c1a4938e65bbfb2a471be1730da,pronom,fmt/43,JPEG File Interchange Format,1.01,image/jpeg,Image (Raster),extension match jpg; byte match at [[0 14] [747431 2]],,2449,3329,8,715,"8 - Langbroek, 1908-1949/8_715/8_715_0004.jpg"
"8 - Langbroek, 1908-1949/8_715/8_715_0005.jpg",678850,2026-03-02T13:03:19Z,,f74bf9ec07db5c8ea104e2ebb6a80b47,pronom,fmt/43,JPEG File Interchange Format,1.01,image/jpeg,Image (Raster),extension match jpg; byte match at [[0 14] [678848 2]],,2450,3330,8,715,"8 - Langbroek, 1908-1949/8_715/8_715_0005.jpg"
"8 - Langbroek, 1908-1949/8_715/8_715_0006.jpg",2903996,2026-03-02T13:03:19Z,,e67b75184ceefaa4188ceda934ed417e,pronom,fmt/43,JPEG File Interchange Format,1.01,image/jpeg,Image (Raster),extension match jpg; byte match at [[0 14] [2903994 2]],,4941,4408,8,715,"8 - Langbroek, 1908-1949/8_715/8_715_0006.jpg"
"8 - Langbroek, 1908-1949/8_715/8_715_0007.jpg",1392020,2026-03-02T13:03:19Z,,0456123e6476dda477acde32ede73a20,pronom,fmt/43,JPEG File Interchange Format,1.01,image/jpeg,Image (Raster),extension match jpg; byte match at [[0 14] [1392018 2]],,4419,4941,8,715,"8 - Langbroek, 1908-1949/8_715/8_715_0007.jpg"
"8 - Langbroek, 1908-1949/8_715/8_715_0008.jpg",468340,2026-03-02T13:03:19Z,,390381917d47be370f4f1b41e88e913b,pronom,fmt/43,JPEG File Interchange Format,1.01,image/jpeg,Image (Raster),extension match jpg; byte match at [[0 14] [468338 2]],,1860,2610,8,715,"8 - Langbroek, 1908-1949/8_715/8_715_0008.jpg"
"8 - Langbroek, 1908-1949/8_715/8_715_0009.jpg",483913,2026-03-02T13:03:19Z,,9022016aefe88208f01b6e0f3c77d338,pronom,fmt/43,JPEG File Interchange Format,1.01,image/jpeg,Image (Raster),extension match jpg; byte match at [[0 14] [483911 2]],,1869,2600,8,715,"8 - Langbroek, 1908-1949/8_715/8_715_0009.jpg"
"8 - Langbroek, 1908-1949/8_715/8_715_0010.jpg",1218019,2026-03-02T13:03:19Z,,5e6424bf276d5c24dae5034e6ba00735,pronom,fmt/43,JPEG File Interchange Format,1.01,image/jpeg,Image (Raster),extension match jpg; byte match at [[0 14] [1218017 2]],,2592,3622,8,715,"8 - Langbroek, 1908-1949/8_715/8_715_0010.jpg"
"8 - Langbroek, 1908-1949/8_715/8_715_0011.jpg",947227,2026-03-02T13:03:19Z,,a9b5067639cfc73e16912ed731a8f8f8,pronom,fmt/43,JPEG File Interchange Format,1.01,image/jpeg,Image (Raster),extension match jpg; byte match at [[0 14] [947225 2]],,2588,3629,8,715,"8 - Langbroek, 1908-1949/8_715/8_715_0011.jpg"
"8 - Langbroek, 1908-1949/8_715/8_715_0012.jpg",696961,2026-03-02T13:03:19Z,,4437b5b3b6979412c5df2f6f207507ac,pronom,fmt/43,JPEG File Interchange Format,1.01,image/jpeg,Image (Raster),extension match jpg; byte match at [[0 14] [696959 2]],,2449,3333,8,715,"8 - Langbroek, 1908-1949/8_715/8_715_0012.jpg"
"8 - Langbroek, 1908-1949/8_715/8_715_0013.jpg",909106,2026-03-02T13:03:20Z,,be82351cad1ee226ec4ac9e2c677bebd,pronom,fmt/43,JPEG File Interchange Format,1.01,image/jpeg,Image (Raster),extension match jpg; byte match at [[0 14] [909104 2]],,2559,3599,8,715,"8 - Langbroek, 1908-1949/8_715/8_715_0013.jpg"
"8 - Langbroek, 1908-1949/8_715/8_715_0014.jpg",2884161,2026-03-02T13:03:20Z,,263e45a805540893b7ca63f109763765,pronom,fmt/43,JPEG File Interchange Format,1.01,image/jpeg,Image (Raster),extension match jpg; byte match at [[0 14] [2884159 2]],,4910,4420,8,715,"8 - Langbroek, 1908-1949/8_715/8_715_0014.jpg"
"8 - Langbroek, 1908-1949/8_715/8_715_0015.jpg",1464497,2026-03-02T13:03:20Z,,b87390c2fa8a5e1474384777179ec674,pronom,fmt/43,JPEG File Interchange Format,1.01,image/jpeg,Image (Raster),extension match jpg; byte match at [[0 14] [1464495 2]],,4903,4448,8,715,"8 - Langbroek, 1908-1949/8_715/8_715_0015.jpg"
"8 - Langbroek, 1908-1949/8_716/8_716_0001.jpg",917786,2026-03-02T13:03:20Z,,a7bd33492556d3acf3c67c09986c4bf6,pronom,fmt/43,JPEG File Interchange Format,1.01,image/jpeg,Image (Raster),extension match jpg; byte match at [[0 14] [917784 2]],,2573,3627,8,716,"8 - Langbroek, 1908-1949/8_716/8_716_0001.jpg"
"8 - Langbroek, 1908-1949/8_716/8_716_0002.jpg",747719,2026-03-02T13:03:20Z,,4314df9cd8cbd24842ed910da263ea02,pronom,fmt/43,JPEG File Interchange Format,1.01,image/jpeg,Image (Raster),extension match jpg; byte match at [[0 14] [747717 2]],,2570,3130,8,716,"8 - Langbroek, 1908-1949/8_716/8_716_0002.jpg"
"8 - Langbroek, 1908-1949/8_716/8_716_0003.jpg",657060,2026-03-02T13:03:20Z,,e7e683d7d74051f53df3c99f453e08fc,pronom,fmt/43,JPEG File Interchange Format,1.01,image/jpeg,Image (Raster),extension match jpg; byte match at [[0 14] [657058 2]],,2604,3426,8,716,"8 - Langbroek, 1908-1949/8_716/8_716_0003.jpg"
"8 - Langbroek, 1908-1949/8_716/8_716_0004.jpg",3406040,2026-03-02T13:03:20Z,,2d02623299f9192ec274a90aeb6c7acf,pronom,fmt/43,JPEG File Interchange Format,1.01,image/jpeg,Image (Raster),extension match jpg; byte match at [[0 14] [3406038 2]],,7181,5074,8,716,"8 - Langbroek, 1908-1949/8_716/8_716_0004.jpg"
"8 - Langbroek, 1908-1949/8_717/8_717_0001.jpg",866366,2026-03-02T13:03:20Z,,320b2cbe8108e9d93f809540db0486b3,pronom,fmt/43,JPEG File Interchange Format,1.01,image/jpeg,Image (Raster),extension match jpg; byte match at [[0 14] [866364 2]],,2570,3610,8,717,"8 - Langbroek, 1908-1949/8_717/8_717_0001.jpg"
"8 - Langbroek, 1908-1949/8_717/8_717_0002.jpg",656358,2026-03-02T13:03:20Z,,e86ba79d6ad8a4e9fc1a19ad08570e6c,pronom,fmt/43,JPEG File Interchange Format,1.01,image/jpeg,Image (Raster),extension match jpg; byte match at [[0 14] [656356 2]],,2578,3172,8,717,"8 - Langbroek, 1908-1949/8_717/8_717_0002.jpg"
"8 - Langbroek, 1908-1949/8_717/8_717_0003.jpg",900822,2026-03-02T13:03:20Z,,f2352455512e42ea84934ff962c4cd22,pronom,fmt/43,JPEG File Interchange Format,1.01,image/jpeg,Image (Raster),extension match jpg; byte match at [[0 14] [900820 2]],,3080,2390,8,717,"8 - Langbroek, 1908-1949/8_717/8_717_0003.jpg"
"8 - Langbroek, 1908-1949/8_718/8_718_0001.jpg",923371,2026-03-02T13:03:20Z,,63fddea1c3965ee99d6ad2e41bf4ea12,pronom,fmt/43,JPEG File Interchange Format,1.01,image/jpeg,Image (Raster),extension match jpg; byte match at [[0 14] [923369 2]],,2603,3655,8,718,"8 - Langbroek, 1908-1949/8_718/8_718_0001.jpg"
"8 - Langbroek, 1908-1949/8_718/8_718_0002.jpg",776454,2026-03-02T13:03:20Z,,86177647376cf53f7bbfaa149d593433,pronom,fmt/43,JPEG File Interchange Format,1.01,image/jpeg,Image (Raster),extension match jpg; byte match at [[0 14] [776452 2]],,2460,3350,8,718,"8 - Langbroek, 1908-1949/8_718/8_718_0002.jpg"
"8 - Langbroek, 1908-1949/8_718/8_718_0003.jpg",1688974,2026-03-02T13:03:20Z,,ff01092d05fa52d34fb4299d9dc6a97b,pronom,fmt/43,JPEG File Interchange Format,1.01,image/jpeg,Image (Raster),extension match jpg; byte match at [[0 14] [1688972 2]],,5130,4380,8,718,"8 - Langbroek, 1908-1949/8_718/8_718_0003.jpg"
"8 - Langbroek, 1908-1949/8_718/8_718_0004.jpg",1805516,2026-03-02T13:03:20Z,,d13ad4dd6805290603c609b2bbbcbf00,pronom,fmt/43,JPEG File Interchange Format,1.01,image/jpeg,Image (Raster),extension match jpg; byte match at [[0 14] [1805514 2]],,3875,4073,8,718,"8 - Langbroek, 1908-1949/8_718/8_718_0004.jpg"
"8 - Langbroek, 1908-1949/8_719/8_719_0001.jpg",973659,2026-03-02T13:03:20Z,,3bcd85b17734e8a4a0e061894f531d62,pronom,fmt/43,JPEG File Interchange Format,1.01,image/jpeg,Image (Raster),extension match jpg; byte match at [[0 14] [973657 2]],,2582,3622,8,719,"8 - Langbroek, 1908-1949/8_719/8_719_0001.jpg"
"8 - Langbroek, 1908-1949/8_719/8_719_0002.jpg",833009,2026-03-02T13:03:20Z,,8b6ea574c6156d69d9027f07352cff6b,pronom,fmt/43,JPEG File Interchange Format,1.01,image/jpeg,Image (Raster),extension match jpg; byte match at [[0 14] [833007 2]],,2569,3609,8,719,"8 - Langbroek, 1908-1949/8_719/8_719_0002.jpg"
"8 - Langbroek, 1908-1949/8_719/8_719_0003.jpg",2566849,2026-03-02T13:03:20Z,,09638f3b3a3a9ad8c6edf333eb1283a1,pronom,fmt/43,JPEG File Interchange Format,1.01,image/jpeg,Image (Raster),extension match jpg; byte match at [[0 14] [2566847 2]],,6074,4389,8,719,"8 - Langbroek, 1908-1949/8_719/8_719_0003.jpg"
"8 - Langbroek, 1908-1949/8_719/8_719_0004.jpg",1584356,2026-03-02T13:03:20Z,,cbec4f317e4a11ff6cfa0bff1ac863f6,pronom,fmt/43,JPEG File Interchange Format,1.01,image/jpeg,Image (Raster),extension match jpg; byte match at [[0 14] [1584354 2]],,6079,4389,8,719,"8 - Langbroek, 1908-1949/8_719/8_719_0004.jpg"
"8 - Langbroek, 1908-1949/8_720/8_720_0001.jpg",3929456,2026-03-02T13:03:20Z,,6ce4ee8cdb4e074681684460146167f3,pronom,fmt/43,JPEG File Interchange Format,1.01,image/jpeg,Image (Raster),extension match jpg; byte match at [[0 14] [3929454 2]],,8882,5539,8,720,"8 - Langbroek, 1908-1949/8_720/8_720_0001.jpg"
"8 - Langbroek, 1908-1949/8_720/8_720_0002.jpg",3328128,2026-03-02T13:03:20Z,,84b9cb09b1dc9164d8c0b43d1da58dd5,pronom,fmt/43,JPEG File Interchange Format,1.01,image/jpeg,Image (Raster),extension match jpg; byte match at [[0 14] [3328126 2]],,8887,5538,8,720,"8 - Langbroek, 1908-1949/8_720/8_720_0002.jpg"
"8 - Langbroek, 1908-1949/8_721/8_721_0001.jpg",827648,2026-03-02T13:03:20Z,,d664b0eba1139d32b33e0efedff2d335,pronom,fmt/43,JPEG File Interchange Format,1.01,image/jpeg,Image (Raster),extension match jpg; byte match at [[0 14] [827646 2]],,2577,3611,8,721,"8 - Langbroek, 1908-1949/8_721/8_721_0001.jpg"
"8 - Langbroek, 1908-1949/8_721/8_721_0002.jpg",819083,2026-03-02T13:03:20Z,,06a65591c156f8683bce614dd59e1f58,pronom,fmt/43,JPEG File Interchange Format,1.01,image/jpeg,Image (Raster),extension match jpg; byte match at [[0 14] [819081 2]],,2600,3150,8,721,"8 - Langbroek, 1908-1949/8_721/8_721_0002.jpg"
"8 - Langbroek, 1908-1949/8_722/8_722_0001.jpg",867629,2026-03-02T13:03:20Z,,4e6c530eefea5b57d5640be5febe303b,pronom,fmt/43,JPEG File Interchange Format,1.01,image/jpeg,Image (Raster),extension match jpg; byte match at [[0 14] [867627 2]],,2559,3609,8,722,"8 - Langbroek, 1908-1949/8_722/8_722_0001.jpg"
"8 - Langbroek, 1908-1949/8_722/8_722_0002.jpg",692690,2026-03-02T13:03:20Z,,63ac8efaa03661a5235e5ab8c5851d4d,pronom,fmt/43,JPEG File Interchange Format,1.01,image/jpeg,Image (Raster),extension match jpg; byte match at [[0 14] [692688 2]],,2574,3624,8,722,"8 - Langbroek, 1908-1949/8_722/8_722_0002.jpg"
"8 - Langbroek, 1908-1949/8_722/8_722_0003.jpg",3210754,2026-03-02T13:03:20Z,,4afd79714c03c57fe7ec01a835e88cfe,pronom,fmt/43,JPEG File Interchange Format,1.01,image/jpeg,Image (Raster),extension match jpg; byte match at [[0 14] [3210752 2]],,6179,4689,8,722,"8 - Langbroek, 1908-1949/8_722/8_722_0003.jpg"
"8 - Langbroek, 1908-1949/8_722/8_722_0004.jpg",638273,2026-03-02T13:03:20Z,,f9c9de9ea693bf5b42726d776c0fc285,pronom,fmt/43,JPEG File Interchange Format,1.01,image/jpeg,Image (Raster),extension match jpg; byte match at [[0 14] [638271 2]],,2572,3175,8,722,"8 - Langbroek, 1908-1949/8_722/8_722_0004.jpg"
"8 - Langbroek, 1908-1949/8_722/8_722_0005.jpg",3042222,2026-03-02T13:03:20Z,,cdf793658f3937e2ed1e92c41aeaa0d4,pronom,fmt/43,JPEG File Interchange Format,1.01,image/jpeg,Image (Raster),extension match jpg; byte match at [[0 14] [3042220 2]],,6300,4140,8,722,"8 - Langbroek, 1908-1949/8_722/8_722_0005.jpg"
"8 - Langbroek, 1908-1949/8_723/8_723_0001.jpg",853296,2026-03-02T13:03:20Z,,ed46e995ba6a2d5011d39ed74fac942d,pronom,fmt/43,JPEG File Interchange Format,1.01,image/jpeg,Image (Raster),extension match jpg; byte match at [[0 14] [853294 2]],,2573,3614,8,723,"8 - Langbroek, 1908-1949/8_723/8_723_0001.jpg"
"8 - Langbroek, 1908-1949/8_723/8_723_0002.jpg",737841,2026-03-02T13:03:20Z,,8a738e172a8c2e3ecd3e55eb53a1f636,pronom,fmt/43,JPEG File Interchange Format,1.01,image/jpeg,Image (Raster),extension match jpg; byte match at [[0 14] [737839 2]],,2628,3203,8,723,"8 - Langbroek, 1908-1949/8_723/8_723_0002.jpg"
"8 - Langbroek, 1908-1949/8_723/8_723_0003.jpg",3548207,2026-03-02T13:03:20Z,,537461e424979b3dd6937e007c60ce0b,pronom,fmt/43,JPEG File Interchange Format,1.01,image/jpeg,Image (Raster),extension match jpg; byte match at [[0 14] [3548205 2]],,6164,3892,8,723,"8 - Langbroek, 1908-1949/8_723/8_723_0003.jpg"
"8 - Langbroek, 1908-1949/8_724/8_724_0001.jpg",942394,2026-03-02T13:03:20Z,,958bdd69d23644926c1b695d508790ec,pronom,fmt/43,JPEG File Interchange Format,1.01,image/jpeg,Image (Raster),extension match jpg; byte match at [[0 14] [942392 2]],,2576,3604,8,724,"8 - Langbroek, 1908-1949/8_724/8_724_0001.jpg"
"8 - Langbroek, 1908-1949/8_724/8_724_0002.jpg",3661372,2026-03-02T13:03:20Z,,ea9c6bd39b13c4527cf739b6a7b08e6b,pronom,fmt/43,JPEG File Interchange Format,1.01,image/jpeg,Image (Raster),extension match jpg; byte match at [[0 14] [3661370 2]],,6251,4103,8,724,"8 - Langbroek, 1908-1949/8_724/8_724_0002.jpg"
"8 - Langbroek, 1908-1949/8_724/8_724_0003.jpg",1351849,2026-03-02T13:03:20Z,,32a3bb95e95b73a6a1f2c8a2c84058ba,pronom,fmt/43,JPEG File Interchange Format,1.01,image/jpeg,Image (Raster),extension match jpg; byte match at [[0 14] [1351847 2]],,6250,4100,8,724,"8 - Langbroek, 1908-1949/8_724/8_724_0003.jpg"
"8 - Langbroek, 1908-1949/8_724/8_724_0004.jpg",785938,2026-03-02T13:03:20Z,,952576b06ca3ece00bbb9a97a376901d,pronom,fmt/43,JPEG File Interchange Format,1.01,image/jpeg,Image (Raster),extension match jpg; byte match at [[0 14] [785936 2]],,2620,3230,8,724,"8 - Langbroek, 1908-1949/8_724/8_724_0004.jpg"
"8 - Langbroek, 1908-1949/8_725/8_725_0001.jpg",5005110,2026-03-02T13:03:20Z,,cb57dad27952a9d11279a1aff3660476,pronom,fmt/43,JPEG File Interchange Format,1.01,image/jpeg,Image (Raster),extension match jpg; byte match at [[0 14] [5005108 2]],,5834,6380,8,725,"8 - Langbroek, 1908-1949/8_725/8_725_0001.jpg"
"8 - Langbroek, 1908-1949/8_725/8_725_0002.jpg",1546884,2026-03-02T13:03:21Z,,d691c9800368a4c0eadb47753e061aff,pronom,fmt/43,JPEG File Interchange Format,1.01,image/jpeg,Image (Raster),extension match jpg; byte match at [[0 14] [1546882 2]],,5825,6374,8,725,"8 - Langbroek, 1908-1949/8_725/8_725_0002.jpg"
"8 - Langbroek, 1908-1949/8_725/8_725_0003.jpg",417360,2026-03-02T13:03:21Z,,c1ab3d510a05ed032aaef6dfb5b5f19f,pronom,fmt/43,JPEG File Interchange Format,1.01,image/jpeg,Image (Raster),extension match jpg; byte match at [[0 14] [417358 2]],,1735,2663,8,725,"8 - Langbroek, 1908-1949/8_725/8_725_0003.jpg"
"8 - Langbroek, 1908-1949/8_725/8_725_0004.jpg",725784,2026-03-02T13:03:21Z,,ebca5972683301e282793c8258280859,pronom,fmt/43,JPEG File Interchange Format,1.01,image/jpeg,Image (Raster),extension match jpg; byte match at [[0 14] [725782 2]],,2533,4065,8,725,"8 - Langbroek, 1908-1949/8_725/8_725_0004.jpg"
"8 - Langbroek, 1908-1949/8_726/8_726_0001.jpg",736380,2026-03-02T13:03:21Z,,31e24e15776dec14523db4d706e7e41c,pronom,fmt/43,JPEG File Interchange Format,1.01,image/jpeg,Image (Raster),extension match jpg; byte match at [[0 14] [736378 2]],,2675,3380,8,726,"8 - Langbroek, 1908-1949/8_726/8_726_0001.jpg"
"8 - Langbroek, 1908-1949/8_726/8_726_0002.jpg",620334,2026-03-02T13:03:21Z,,404952cd7f159b820ea666604f76c671,pronom,fmt/43,JPEG File Interchange Format,1.01,image/jpeg,Image (Raster),extension match jpg; byte match at [[0 14] [620332 2]],,3169,2149,8,726,"8 - Langbroek, 1908-1949/8_726/8_726_0002.jpg"
"8 - Langbroek, 1908-1949/8_726/8_726_0003.jpg",2950696,2026-03-02T13:03:21Z,,aa1d6bb37b6f273d2f92171ba69a7ee1,pronom,fmt/43,JPEG File Interchange Format,1.01,image/jpeg,Image (Raster),extension match jpg; byte match at [[0 14] [2950694 2]],,5099,5499,8,726,"8 - Langbroek, 1908-1949/8_726/8_726_0003.jpg"
"8 - Langbroek, 1908-1949/8_727/8_727_0001.jpg",706087,2026-03-02T13:03:21Z,,e1a8c37d1d18ef00ef492702aef791fb,pronom,fmt/43,JPEG File Interchange Format,1.01,image/jpeg,Image (Raster),extension match jpg; byte match at [[0 14] [706085 2]],,2680,3375,8,727,"8 - Langbroek, 1908-1949/8_727/8_727_0001.jpg"
"8 - Langbroek, 1908-1949/8_727/8_727_0002.jpg",599761,2026-03-02T13:03:21Z,,6b1798d3341c7c866a761ed3ef1f8a2a,pronom,fmt/43,JPEG File Interchange Format,1.01,image/jpeg,Image (Raster),extension match jpg; byte match at [[0 14] [599759 2]],,2128,2704,8,727,"8 - Langbroek, 1908-1949/8_727/8_727_0002.jpg"
"8 - Langbroek, 1908-1949/8_728/8_728_0001.jpg",531086,2026-03-02T13:03:21Z,,5cc0000cbc7f62adc927c2cf3901409d,pronom,fmt/43,JPEG File Interchange Format,1.01,image/jpeg,Image (Raster),extension match jpg; byte match at [[0 14] [531084 2]],,2618,2074,8,728,"8 - Langbroek, 1908-1949/8_728/8_728_0001.jpg"
"8 - Langbroek, 1908-1949/8_728/8_728_0002.jpg",618044,2026-03-02T13:03:21Z,,52f5e1af965061e4832353263bab43a1,pronom,fmt/43,JPEG File Interchange Format,1.01,image/jpeg,Image (Raster),extension match jpg; byte match at [[0 14] [618042 2]],,2134,3110,8,728,"8 - Langbroek, 1908-1949/8_728/8_728_0002.jpg"
"8 - Langbroek, 1908-1949/8_728/8_728_0003.jpg",3434623,2026-03-02T13:03:21Z,,9442920c0eb736f35aafb123d95718dc,pronom,fmt/43,JPEG File Interchange Format,1.01,image/jpeg,Image (Raster),extension match jpg; byte match at [[0 14] [3434621 2]],,5802,5010,8,728,"8 - Langbroek, 1908-1949/8_728/8_728_0003.jpg"
"8 - Langbroek, 1908-1949/8_729/8_729_0001.jpg",542696,2026-03-02T13:03:21Z,,ae8b29fb4af3a847b0643f96ed415c7d,pronom,fmt/43,JPEG File Interchange Format,1.01,image/jpeg,Image (Raster),extension match jpg; byte match at [[0 14] [542694 2]],,2614,2098,8,729,"8 - Langbroek, 1908-1949/8_729/8_729_0001.jpg"
"8 - Langbroek, 1908-1949/8_729/8_729_0002.jpg",780266,2026-03-02T13:03:21Z,,7a7e2ae318b39a022eb8aa0a602bc4df,pronom,fmt/43,JPEG File Interchange Format,1.01,image/jpeg,Image (Raster),extension match jpg; byte match at [[0 14] [780264 2]],,2670,3210,8,729,"8 - Langbroek, 1908-1949/8_729/8_729_0002.jpg"
"8 - Langbroek, 1908-1949/8_729/8_729_0003.jpg",3429141,2026-03-02T13:03:21Z,,d144ebd9a1589c01dc00c0d22ce82e68,pronom,fmt/43,JPEG File Interchange Format,1.01,image/jpeg,Image (Raster),extension match jpg; byte match at [[0 14] [3429139 2]],,6253,3949,8,729,"8 - Langbroek, 1908-1949/8_729/8_729_0003.jpg"
"8 - Langbroek, 1908-1949/8_730/8_730_0001.jpg",949462,2026-03-02T13:03:21Z,,86016dc31f6b068860321280ab2bdc76,pronom,fmt/43,JPEG File Interchange Format,1.01,image/jpeg,Image (Raster),extension match jpg; byte match at [[0 14] [949460 2]],,2566,3617,8,730,"8 - Langbroek, 1908-1949/8_730/8_730_0001.jpg"
"8 - Langbroek, 1908-1949/8_730/8_730_0002.jpg",895868,2026-03-02T13:03:21Z,,6c34012e643c721c53ceb64dd50213ee,pronom,fmt/43,JPEG File Interchange Format,1.01,image/jpeg,Image (Raster),extension match jpg; byte match at [[0 14] [895866 2]],,2640,3230,8,730,"8 - Langbroek, 1908-1949/8_730/8_730_0002.jpg"
"8 - Langbroek, 1908-1949/8_730/8_730_0003.jpg",3298894,2026-03-02T13:03:21Z,,0c390d7e6b1506f7a9573ffd17b46940,pronom,fmt/43,JPEG File Interchange Format,1.01,image/jpeg,Image (Raster),extension match jpg; byte match at [[0 14] [3298892 2]],,6140,4600,8,730,"8 - Langbroek, 1908-1949/8_730/8_730_0003.jpg"
"8 - Langbroek, 1908-1949/8_731/8_731_0001.jpg",874551,2026-03-02T13:03:21Z,,571e247d00018e35fff64050b99c4cbb,pronom,fmt/43,JPEG File Interchange Format,1.01,image/jpeg,Image (Raster),extension match jpg; byte match at [[0 14] [874549 2]],,2575,3614,8,731,"8 - Langbroek, 1908-1949/8_731/8_731_0001.jpg"
"8 - Langbroek, 1908-1949/8_731/8_731_0002.jpg",857640,2026-03-02T13:03:21Z,,384499c0bb7d7bfb63d6d5f187c0b58e,pronom,fmt/43,JPEG File Interchange Format,1.01,image/jpeg,Image (Raster),extension match jpg; byte match at [[0 14] [857638 2]],,2647,3118,8,731,"8 - Langbroek, 1908-1949/8_731/8_731_0002.jpg"
"8 - Langbroek, 1908-1949/8_731/8_731_0003.jpg",3574284,2026-03-02T13:03:21Z,,b938b2d52dc5ba6c139337512c3e27d1,pronom,fmt/43,JPEG File Interchange Format,1.01,image/jpeg,Image (Raster),extension match jpg; byte match at [[0 14] [3574282 2]],,5933,5170,8,731,"8 - Langbroek, 1908-1949/8_731/8_731_0003.jpg"
"8 - Langbroek, 1908-1949/8_731/8_731_0004.jpg",1622075,2026-03-02T13:03:21Z,,0c8afe34fcde17c16f9df878618d3e45,pronom,fmt/43,JPEG File Interchange Format,1.01,image/jpeg,Image (Raster),extension match jpg; byte match at [[0 14] [1622073 2]],,5929,5169,8,731,"8 - Langbroek, 1908-1949/8_731/8_731_0004.jpg"
"8 - Langbroek, 1908-1949/8_732/8_732_0001.jpg",1014760,2026-03-02T13:03:21Z,,5c725033fe7e4a585985f162e64219f8,pronom,fmt/43,JPEG File Interchange Format,1.01,image/jpeg,Image (Raster),extension match jpg; byte match at [[0 14] [1014758 2]],,2564,3611,8,732,"8 - Langbroek, 1908-1949/8_732/8_732_0001.jpg"
"8 - Langbroek, 1908-1949/8_732/8_732_0002.jpg",1505363,2026-03-02T13:03:21Z,,df392a8b4dcd1761a31fe9b087f75dae,pronom,fmt/43,JPEG File Interchange Format,1.01,image/jpeg,Image (Raster),extension match jpg; byte match at [[0 14] [1505361 2]],,4706,3231,8,732,"8 - Langbroek, 1908-1949/8_732/8_732_0002.jpg"
"8 - Langbroek, 1908-1949/8_732/8_732_0003.jpg",414347,2026-03-02T13:03:21Z,,0bdc850c22ccf720f17eb82bc42f4352,pronom,fmt/43,JPEG File Interchange Format,1.01,image/jpeg,Image (Raster),extension match jpg; byte match at [[0 14] [414345 2]],,2649,2129,8,732,"8 - Langbroek, 1908-1949/8_732/8_732_0003.jpg"
"8 - Langbroek, 1908-1949/8_732/8_732_0004.jpg",734874,2026-03-02T13:03:21Z,,852ec9d5c2cb5b62bf1b3a2e11127ff0,pronom,fmt/43,JPEG File Interchange Format,1.01,image/jpeg,Image (Raster),extension match jpg; byte match at [[0 14] [734872 2]],,2457,4003,8,732,"8 - Langbroek, 1908-1949/8_732/8_732_0004.jpg"
"8 - Langbroek, 1908-1949/8_733/8_733_0001.jpg",895439,2026-03-02T13:03:21Z,,3def6949d524b37a70f1d980781202cd,pronom,fmt/43,JPEG File Interchange Format,1.01,image/jpeg,Image (Raster),extension match jpg; byte match at [[0 14] [895437 2]],,2577,3602,8,733,"8 - Langbroek, 1908-1949/8_733/8_733_0001.jpg"
"8 - Langbroek, 1908-1949/8_733/8_733_0002.jpg",1014819,2026-03-02T13:03:21Z,,274cc010be7c6d3ce73e0e1884a56d9e,pronom,fmt/43,JPEG File Interchange Format,1.01,image/jpeg,Image (Raster),extension match jpg; byte match at [[0 14] [1014817 2]],,2608,3636,8,733,"8 - Langbroek, 1908-1949/8_733/8_733_0002.jpg"
"8 - Langbroek, 1908-1949/8_733/8_733_0003.jpg",784353,2026-03-02T13:03:21Z,,79ded428c720ac0a478d3695ca598464,pronom,fmt/43,JPEG File Interchange Format,1.01,image/jpeg,Image (Raster),extension match jpg; byte match at [[0 14] [784351 2]],,2599,3629,8,733,"8 - Langbroek, 1908-1949/8_733/8_733_0003.jpg"
"8 - Langbroek, 1908-1949/8_733/8_733_0004.jpg",421997,2026-03-02T13:03:21Z,,a4f03d54b7d14ed651e09a3d2900f987,pronom,fmt/43,JPEG File Interchange Format,1.01,image/jpeg,Image (Raster),extension match jpg; byte match at [[0 14] [421995 2]],,2689,1809,8,733,"8 - Langbroek, 1908-1949/8_733/8_733_0004.jpg"
"8 - Langbroek, 1908-1949/8_733/8_733_0005.jpg",3908985,2026-03-02T13:03:21Z,,b9a10ae583028356a845a26a95b5769b,pronom,fmt/43,JPEG File Interchange Format,1.01,image/jpeg,Image (Raster),extension match jpg; byte match at [[0 14] [3908983 2]],,8260,4326,8,733,"8 - Langbroek, 1908-1949/8_733/8_733_0005.jpg"
"8 - Langbroek, 1908-1949/8_734/8_734_0001.jpg",938077,2026-03-02T13:03:21Z,,0c3763b902d21989122093abf50e57d0,pronom,fmt/43,JPEG File Interchange Format,1.01,image/jpeg,Image (Raster),extension match jpg; byte match at [[0 14] [938075 2]],,2559,3580,8,734,"8 - Langbroek, 1908-1949/8_734/8_734_0001.jpg"
"8 - Langbroek, 1908-1949/8_734/8_734_0002.jpg",867614,2026-03-02T13:03:21Z,,80dd97bc8d432c37aad5fc8a2e094995,pronom,fmt/43,JPEG File Interchange Format,1.01,image/jpeg,Image (Raster),extension match jpg; byte match at [[0 14] [867612 2]],,2638,3236,8,734,"8 - Langbroek, 1908-1949/8_734/8_734_0002.jpg"
"8 - Langbroek, 1908-1949/8_734/8_734_0003.jpg",3933506,2026-03-02T13:03:21Z,,c09a504914aca9fb37a8cdf8a17ccae9,pronom,fmt/43,JPEG File Interchange Format,1.01,image/jpeg,Image (Raster),extension match jpg; byte match at [[0 14] [3933504 2]],,6273,4694,8,734,"8 - Langbroek, 1908-1949/8_734/8_734_0003.jpg"
"8 - Langbroek, 1908-1949/8_735/8_735_0001.jpg",8755588,2026-03-02T13:03:21Z,,7ece3b67ce507692087e706ebedb3219,pronom,fmt/43,JPEG File Interchange Format,1.01,image/jpeg,Image (Raster),extension match jpg; byte match at [[0 14] [8755586 2]],,10291,7171,8,735,"8 - Langbroek, 1908-1949/8_735/8_735_0001.jpg"
"8 - Langbroek, 1908-1949/8_735/8_735_0002.jpg",9016680,2026-03-02T13:03:21Z,,4f7367fef72301d48ff2f57ec90c8700,pronom,fmt/43,JPEG File Interchange Format,1.01,image/jpeg,Image (Raster),extension match jpg; byte match at [[0 14] [9016678 2]],,10635,7167,8,735,"8 - Langbroek, 1908-1949/8_735/8_735_0002.jpg"
"8 - Langbroek, 1908-1949/8_735/8_735_0003.jpg",529010,2026-03-02T13:03:21Z,,3ede9a7ee23ce25e6c53afe7e5b79db5,pronom,fmt/43,JPEG File Interchange Format,1.01,image/jpeg,Image (Raster),extension match jpg; byte match at [[0 14] [529008 2]],,2600,2060,8,735,"8 - Langbroek, 1908-1949/8_735/8_735_0003.jpg"
"8 - Langbroek, 1908-1949/8_735/8_735_0004.jpg",464415,2026-03-02T13:03:21Z,,ab78daa5323426b0cfbdc9f0979b8f0b,pronom,fmt/43,JPEG File Interchange Format,1.01,image/jpeg,Image (Raster),extension match jpg; byte match at [[0 14] [464413 2]],,2710,1780,8,735,"8 - Langbroek, 1908-1949/8_735/8_735_0004.jpg"
"8 - Langbroek, 1908-1949/8_736/8_736_0001.jpg",1051229,2026-03-02T13:03:21Z,,3ede0c91ebd367fde2617b2fed93d204,pronom,fmt/43,JPEG File Interchange Format,1.01,image/jpeg,Image (Raster),extension match jpg; byte match at [[0 14] [1051227 2]],,2587,3630,8,736,"8 - Langbroek, 1908-1949/8_736/8_736_0001.jpg"
"8 - Langbroek, 1908-1949/8_736/8_736_0002.jpg",715174,2026-03-02T13:03:21Z,,d806b28090b3fbae30c76713688635e2,pronom,fmt/43,JPEG File Interchange Format,1.01,image/jpeg,Image (Raster),extension match jpg; byte match at [[0 14] [715172 2]],,2770,3540,8,736,"8 - Langbroek, 1908-1949/8_736/8_736_0002.jpg"
"8 - Langbroek, 1908-1949/8_736/8_736_0003.jpg",1106016,2026-03-02T13:03:22Z,,fa9c7b63fc99dc988f7e5d0a13e9a445,pronom,fmt/43,JPEG File Interchange Format,1.01,image/jpeg,Image (Raster),extension match jpg; byte match at [[0 14] [1106014 2]],,2670,3380,8,736,"8 - Langbroek, 1908-1949/8_736/8_736_0003.jpg"
"8 - Langbroek, 1908-1949/8_736/8_736_0004.jpg",2612599,2026-03-02T13:03:22Z,,e38a078ae5acce9fcc35ae8661c1a4a3,pronom,fmt/43,JPEG File Interchange Format,1.01,image/jpeg,Image (Raster),extension match jpg; byte match at [[0 14] [2612597 2]],,8426,4293,8,736,"8 - Langbroek, 1908-1949/8_736/8_736_0004.jpg"
"8 - Langbroek, 1908-1949/8_736/8_736_0005.jpg",1957825,2026-03-02T13:03:22Z,,929024354be57c1f6221882e6025e634,pronom,fmt/43,JPEG File Interchange Format,1.01,image/jpeg,Image (Raster),extension match jpg; byte match at [[0 14] [1957823 2]],,8424,4299,8,736,"8 - Langbroek, 1908-1949/8_736/8_736_0005.jpg"
"8 - Langbroek, 1908-1949/8_737/8_737_0001.jpg",885984,2026-03-02T13:03:22Z,,f8e1c0e66688443d8c7dbd43dbaace3e,pronom,fmt/43,JPEG File Interchange Format,1.01,image/jpeg,Image (Raster),extension match jpg; byte match at [[0 14] [885982 2]],,2580,3610,8,737,"8 - Langbroek, 1908-1949/8_737/8_737_0001.jpg"
"8 - Langbroek, 1908-1949/8_737/8_737_0002.jpg",655791,2026-03-02T13:03:22Z,,24ad38be0f520aabab668cf9d62ad969,pronom,fmt/43,JPEG File Interchange Format,1.01,image/jpeg,Image (Raster),extension match jpg; byte match at [[0 14] [655789 2]],,2777,3404,8,737,"8 - Langbroek, 1908-1949/8_737/8_737_0002.jpg"
"8 - Langbroek, 1908-1949/8_737/8_737_0003.jpg",10665165,2026-03-02T13:03:22Z,,c4d4709cb2bc72df5db8d4e27162fc48,pronom,fmt/43,JPEG File Interchange Format,1.01,image/jpeg,Image (Raster),extension match jpg; byte match at [[0 14] [10665163 2]],,9522,7070,8,737,"8 - Langbroek, 1908-1949/8_737/8_737_0003.jpg"
"8 - Langbroek, 1908-1949/8_738/8_738_0001.jpg",873196,2026-03-02T13:03:22Z,,d7e723efa4dc44f64099d481fd6fe5bc,pronom,fmt/43,JPEG File Interchange Format,1.01,image/jpeg,Image (Raster),extension match jpg; byte match at [[0 14] [873194 2]],,2589,3599,8,738,"8 - Langbroek, 1908-1949/8_738/8_738_0001.jpg"
"8 - Langbroek, 1908-1949/8_738/8_738_0002.jpg",650796,2026-03-02T13:03:22Z,,7d6397013aa23e6c883164bd02b7a8b7,pronom,fmt/43,JPEG File Interchange Format,1.01,image/jpeg,Image (Raster),extension match jpg; byte match at [[0 14] [650794 2]],,2689,3389,8,738,"8 - Langbroek, 1908-1949/8_738/8_738_0002.jpg"
"8 - Langbroek, 1908-1949/8_738/8_738_0003.jpg",3431644,2026-03-02T13:03:22Z,,a087db5891c09d86a8beb0b2723c3dd8,pronom,fmt/43,JPEG File Interchange Format,1.01,image/jpeg,Image (Raster),extension match jpg; byte match at [[0 14] [3431642 2]],,7014,4567,8,738,"8 - Langbroek, 1908-1949/8_738/8_738_0003.jpg"
"8 - Langbroek, 1908-1949/8_738/8_738_0004.jpg",1384984,2026-03-02T13:03:22Z,,01bea8c03e158db6844827d821df7dd7,pronom,fmt/43,JPEG File Interchange Format,1.01,image/jpeg,Image (Raster),extension match jpg; byte match at [[0 14] [1384982 2]],,7005,4567,8,738,"8 - Langbroek, 1908-1949/8_738/8_738_0004.jpg"
"8 - Langbroek, 1908-1949/8_739/8_739_0001.jpg",857359,2026-03-02T13:03:22Z,,1525fef2a595e97c27cead05515556f3,pronom,fmt/43,JPEG File Interchange Format,1.01,image/jpeg,Image (Raster),extension match jpg; byte match at [[0 14] [857357 2]],,2593,3648,8,739,"8 - Langbroek, 1908-1949/8_739/8_739_0001.jpg"
"8 - Langbroek, 1908-1949/8_739/8_739_0002.jpg",773784,2026-03-02T13:03:22Z,,af37c0806df9450eddf724d83c218dbc,pronom,fmt/43,JPEG File Interchange Format,1.01,image/jpeg,Image (Raster),extension match jpg; byte match at [[0 14] [773782 2]],,2608,3184,8,739,"8 - Langbroek, 1908-1949/8_739/8_739_0002.jpg"
"8 - Langbroek, 1908-1949/8_739/8_739_0003.jpg",710653,2026-03-02T13:03:22Z,,4d451ae90a7f582ef2bb4d3fb147aecf,pronom,fmt/43,JPEG File Interchange Format,1.01,image/jpeg,Image (Raster),extension match jpg; byte match at [[0 14] [710651 2]],,2664,3411,8,739,"8 - Langbroek, 1908-1949/8_739/8_739_0003.jpg"
"8 - Langbroek, 1908-1949/8_739/8_739_0004.jpg",4738439,2026-03-02T13:03:22Z,,dcfc76889e2512387fe00bc2e3aa726d,pronom,fmt/43,JPEG File Interchange Format,1.01,image/jpeg,Image (Raster),extension match jpg; byte match at [[0 14] [4738437 2]],,7413,4940,8,739,"8 - Langbroek, 1908-1949/8_739/8_739_0004.jpg"
"8 - Langbroek, 1908-1949/8_739/8_739_0005.jpg",1622776,2026-03-02T13:03:22Z,,1a32c5c9a950a4301c6b476b95a7be92,pronom,fmt/43,JPEG File Interchange Format,1.01,image/jpeg,Image (Raster),extension match jpg; byte match at [[0 14] [1622774 2]],,7410,4931,8,739,"8 - Langbroek, 1908-1949/8_739/8_739_0005.jpg"
"8 - Langbroek, 1908-1949/8_740/8_740_0001.jpg",406947,2026-03-02T13:03:22Z,,ad094034d8655a5f084ed0478b30c821,pronom,fmt/43,JPEG File Interchange Format,1.01,image/jpeg,Image (Raster),extension match jpg; byte match at [[0 14] [406945 2]],,2689,1739,8,740,"8 - Langbroek, 1908-1949/8_740/8_740_0001.jpg"
"8 - Langbroek, 1908-1949/8_740/8_740_0002.jpg",845032,2026-03-02T13:03:22Z,,6546bac99ecd3ba7917348e363351f09,pronom,fmt/43,JPEG File Interchange Format,1.01,image/jpeg,Image (Raster),extension match jpg; byte match at [[0 14] [845030 2]],,2591,3622,8,740,"8 - Langbroek, 1908-1949/8_740/8_740_0002.jpg"
"8 - Langbroek, 1908-1949/8_740/8_740_0003.jpg",2086365,2026-03-02T13:03:22Z,,f53147a840f3986bb7bf45c1a542c1cc,pronom,fmt/43,JPEG File Interchange Format,1.01,image/jpeg,Image (Raster),extension match jpg; byte match at [[0 14] [2086363 2]],,7761,3889,8,740,"8 - Langbroek, 1908-1949/8_740/8_740_0003.jpg"
"8 - Langbroek, 1908-1949/8_740/8_740_0004.jpg",1974546,2026-03-02T13:03:22Z,,a46b24a635afc4ee7ac8d74cc9ec0736,pronom,fmt/43,JPEG File Interchange Format,1.01,image/jpeg,Image (Raster),extension match jpg; byte match at [[0 14] [1974544 2]],,3889,7760,8,740,"8 - Langbroek, 1908-1949/8_740/8_740_0004.jpg"
"8 - Langbroek, 1908-1949/8_740/8_740_0005.jpg",3133576,2026-03-02T13:03:22Z,,70fd0adbbb44262d28fe31faf868b853,pronom,fmt/43,JPEG File Interchange Format,1.01,image/jpeg,Image (Raster),extension match jpg; byte match at [[0 14] [3133574 2]],,8671,3761,8,740,"8 - Langbroek, 1908-1949/8_740/8_740_0005.jpg"
"8 - Langbroek, 1908-1949/8_740/8_740_0006.jpg",2045977,2026-03-02T13:03:22Z,,3b2c956e2ca1bffef718fb05a421539f,pronom,fmt/43,JPEG File Interchange Format,1.01,image/jpeg,Image (Raster),extension match jpg; byte match at [[0 14] [2045975 2]],,8669,3753,8,740,"8 - Langbroek, 1908-1949/8_740/8_740_0006.jpg"
"8 - Langbroek, 1908-1949/8_741/8_741_0001.jpg",943751,2026-03-02T13:03:22Z,,0ecd79ffc5eed01c3edb43ac4e2f36c0,pronom,fmt/43,JPEG File Interchange Format,1.01,image/jpeg,Image (Raster),extension match jpg; byte match at [[0 14] [943749 2]],,2576,3586,8,741,"8 - Langbroek, 1908-1949/8_741/8_741_0001.jpg"
"8 - Langbroek, 1908-1949/8_741/8_741_0002.jpg",994877,2026-03-02T13:03:22Z,,8fe2e7afdecd9592937284819f03b5a1,pronom,fmt/43,JPEG File Interchange Format,1.01,image/jpeg,Image (Raster),extension match jpg; byte match at [[0 14] [994875 2]],,2509,3579,8,741,"8 - Langbroek, 1908-1949/8_741/8_741_0002.jpg"
"8 - Langbroek, 1908-1949/8_741/8_741_0003.jpg",4014846,2026-03-02T13:03:22Z,,f95f86002a01bed1723fcb0b1ba8416d,pronom,fmt/43,JPEG File Interchange Format,1.01,image/jpeg,Image (Raster),extension match jpg; byte match at [[0 14] [4014844 2]],,6469,4639,8,741,"8 - Langbroek, 1908-1949/8_741/8_741_0003.jpg"
"8 - Langbroek, 1908-1949/8_742/8_742_0001.jpg",7496713,2026-03-02T13:03:22Z,,132a47f709ec87e3a1246d76d0740d78,pronom,fmt/43,JPEG File Interchange Format,1.01,image/jpeg,Image (Raster),extension match jpg; byte match at [[0 14] [7496711 2]],,9726,5821,8,742,"8 - Langbroek, 1908-1949/8_742/8_742_0001.jpg"
"8 - Langbroek, 1908-1949/8_742/8_742_0002.jpg",2245858,2026-03-02T13:03:22Z,,f6dc80b2b29cdac82ad12655ddbbb221,pronom,fmt/43,JPEG File Interchange Format,1.01,image/jpeg,Image (Raster),extension match jpg; byte match at [[0 14] [2245856 2]],,9716,5822,8,742,"8 - Langbroek, 1908-1949/8_742/8_742_0002.jpg"
"8 - Langbroek, 1908-1949/8_742/8_742_0003.jpg",778021,2026-03-02T13:03:22Z,,a1fb27004926995c3ed766835188f772,pronom,fmt/43,JPEG File Interchange Format,1.01,image/jpeg,Image (Raster),extension match jpg; byte match at [[0 14] [778019 2]],,2237,2530,8,742,"8 - Langbroek, 1908-1949/8_742/8_742_0003.jpg"
"8 - Langbroek, 1908-1949/8_742/8_742_0004.jpg",905272,2026-03-02T13:03:22Z,,164eb3c2fbd47337adb7ec7c54374126,pronom,fmt/43,JPEG File Interchange Format,1.01,image/jpeg,Image (Raster),extension match jpg; byte match at [[0 14] [905270 2]],,2545,3600,8,742,"8 - Langbroek, 1908-1949/8_742/8_742_0004.jpg"
"8 - Langbroek, 1908-1949/8_742/8_742_0005.jpg",939341,2026-03-02T13:03:22Z,,38e80a57d296888d3df3b1f65f85a4ac,pronom,fmt/43,JPEG File Interchange Format,1.01,image/jpeg,Image (Raster),extension match jpg; byte match at [[0 14] [939339 2]],,2562,3594,8,742,"8 - Langbroek, 1908-1949/8_742/8_742_0005.jpg"
"8 - Langbroek, 1908-1949/8_742/8_742_0006.jpg",881645,2026-03-02T13:03:22Z,,dc3f65b623d3ac39e3d13f364f87bab2,pronom,fmt/43,JPEG File Interchange Format,1.01,image/jpeg,Image (Raster),extension match jpg; byte match at [[0 14] [881643 2]],,2468,4044,8,742,"8 - Langbroek, 1908-1949/8_742/8_742_0006.jpg"
"8 - Langbroek, 1908-1949/8_743/8_743_0001.jpg",938566,2026-03-02T13:03:22Z,,ccb56c9ef080ec469ed8ee9e38b0b3d0,pronom,fmt/43,JPEG File Interchange Format,1.01,image/jpeg,Image (Raster),extension match jpg; byte match at [[0 14] [938564 2]],,2568,3593,8,743,"8 - Langbroek, 1908-1949/8_743/8_743_0001.jpg"
"8 - Langbroek, 1908-1949/8_743/8_743_0002.jpg",788524,2026-03-02T13:03:22Z,,96fedfe7751adabaef191b73572de10f,pronom,fmt/43,JPEG File Interchange Format,1.01,image/jpeg,Image (Raster),extension match jpg; byte match at [[0 14] [788522 2]],,2590,3200,8,743,"8 - Langbroek, 1908-1949/8_743/8_743_0002.jpg"
"8 - Langbroek, 1908-1949/8_743/8_743_0003.jpg",1207633,2026-03-02T13:03:22Z,,7a49ee82b4be0e46dc315ac1ec51b30e,pronom,fmt/43,JPEG File Interchange Format,1.01,image/jpeg,Image (Raster),extension match jpg; byte match at [[0 14] [1207631 2]],,2590,3600,8,743,"8 - Langbroek, 1908-1949/8_743/8_743_0003.jpg"
"8 - Langbroek, 1908-1949/8_743/8_743_0004.jpg",882466,2026-03-02T13:03:22Z,,62f0c2a663bf98c9f387bec02f8a85ee,pronom,fmt/43,JPEG File Interchange Format,1.01,image/jpeg,Image (Raster),extension match jpg; byte match at [[0 14] [882464 2]],,2593,3608,8,743,"8 - Langbroek, 1908-1949/8_743/8_743_0004.jpg"
"8 - Langbroek, 1908-1949/8_743/8_743_0005.jpg",3845316,2026-03-02T13:03:23Z,,3a020b04c29a5b14c07326e214d86ab6,pronom,fmt/43,JPEG File Interchange Format,1.01,image/jpeg,Image (Raster),extension match jpg; byte match at [[0 14] [3845314 2]],,5749,4359,8,743,"8 - Langbroek, 1908-1949/8_743/8_743_0005.jpg"
"8 - Langbroek, 1908-1949/8_744/8_744_0001.jpg",869369,2026-03-02T13:03:23Z,,5332ce6549a5e7233b3cdb1c5bcfc56e,pronom,fmt/43,JPEG File Interchange Format,1.01,image/jpeg,Image (Raster),extension match jpg; byte match at [[0 14] [869367 2]],,2554,3598,8,744,"8 - Langbroek, 1908-1949/8_744/8_744_0001.jpg"
"8 - Langbroek, 1908-1949/8_744/8_744_0002.jpg",681560,2026-03-02T13:03:23Z,,f06921669e6009d0c112b7d2b7840b1d,pronom,fmt/43,JPEG File Interchange Format,1.01,image/jpeg,Image (Raster),extension match jpg; byte match at [[0 14] [681558 2]],,2585,3242,8,744,"8 - Langbroek, 1908-1949/8_744/8_744_0002.jpg"
"8 - Langbroek, 1908-1949/8_744/8_744_0003.jpg",1074957,2026-03-02T13:03:23Z,,ff0c8c283756fe90e07a70b1951057ad,pronom,fmt/43,JPEG File Interchange Format,1.01,image/jpeg,Image (Raster),extension match jpg; byte match at [[0 14] [1074955 2]],,4227,3406,8,744,"8 - Langbroek, 1908-1949/8_744/8_744_0003.jpg"
"8 - Langbroek, 1908-1949/8_745/8_745_0001.jpg",1037731,2026-03-02T13:03:23Z,,7e7d9d1d8a2d1c0337eb3f4c8193390c,pronom,fmt/43,JPEG File Interchange Format,1.01,image/jpeg,Image (Raster),extension match jpg; byte match at [[0 14] [1037729 2]],,2569,3584,8,745,"8 - Langbroek, 1908-1949/8_745/8_745_0001.jpg"
"8 - Langbroek, 1908-1949/8_745/8_745_0002.jpg",2586235,2026-03-02T13:03:23Z,,33da6296ec4a7d569edbc2047f597579,pronom,fmt/43,JPEG File Interchange Format,1.01,image/jpeg,Image (Raster),extension match jpg; byte match at [[0 14] [2586233 2]],,4984,4184,8,745,"8 - Langbroek, 1908-1949/8_745/8_745_0002.jpg"
"8 - Langbroek, 1908-1949/8_745/8_745_0003.jpg",2806010,2026-03-02T13:03:23Z,,963182f05db22abec5d6efca7b5110f6,pronom,fmt/43,JPEG File Interchange Format,1.01,image/jpeg,Image (Raster),extension match jpg; byte match at [[0 14] [2806008 2]],,4967,4074,8,745,"8 - Langbroek, 1908-1949/8_745/8_745_0003.jpg"
"8 - Langbroek, 1908-1949/8_745/8_745_0004.jpg",841947,2026-03-02T13:03:23Z,,df05ee47a1a36bcb7d95698259ee8b25,pronom,fmt/43,JPEG File Interchange Format,1.01,image/jpeg,Image (Raster),extension match jpg; byte match at [[0 14] [841945 2]],,2531,3142,8,745,"8 - Langbroek, 1908-1949/8_745/8_745_0004.jpg"
"8 - Langbroek, 1908-1949/8_745/8_745_0005.jpg",713394,2026-03-02T13:03:23Z,,c66692644dd6988ed43d46bf2169c404,pronom,fmt/43,JPEG File Interchange Format,1.01,image/jpeg,Image (Raster),extension match jpg; byte match at [[0 14] [713392 2]],,2542,3571,8,745,"8 - Langbroek, 1908-1949/8_745/8_745_0005.jpg"
"8 - Langbroek, 1908-1949/8_746/8_746_0001.jpg",965182,2026-03-02T13:03:23Z,,ffbabda4ad1448738419ec97eafda9c0,pronom,fmt/43,JPEG File Interchange Format,1.01,image/jpeg,Image (Raster),extension match jpg; byte match at [[0 14] [965180 2]],,2549,3579,8,746,"8 - Langbroek, 1908-1949/8_746/8_746_0001.jpg"
"8 - Langbroek, 1908-1949/8_746/8_746_0002.jpg",869694,2026-03-02T13:03:23Z,,7d8417243f47cedc69051aed7509efcf,pronom,fmt/43,JPEG File Interchange Format,1.01,image/jpeg,Image (Raster),extension match jpg; byte match at [[0 14] [869692 2]],,2572,3137,8,746,"8 - Langbroek, 1908-1949/8_746/8_746_0002.jpg"
"8 - Langbroek, 1908-1949/8_746/8_746_0003.jpg",3483254,2026-03-02T13:03:23Z,,fb94deaf2e1c3955d3d891353f51ab67,pronom,fmt/43,JPEG File Interchange Format,1.01,image/jpeg,Image (Raster),extension match jpg; byte match at [[0 14] [3483252 2]],,5743,3415,8,746,"8 - Langbroek, 1908-1949/8_746/8_746_0003.jpg"
"8 - Langbroek, 1908-1949/8_747/8_747_0001.jpg",924951,2026-03-02T13:03:23Z,,9b58db5e3cecdb530d6fa3e3a4522bb0,pronom,fmt/43,JPEG File Interchange Format,1.01,image/jpeg,Image (Raster),extension match jpg; byte match at [[0 14] [924949 2]],,2518,4012,8,747,"8 - Langbroek, 1908-1949/8_747/8_747_0001.jpg"
"8 - Langbroek, 1908-1949/8_747/8_747_0002.jpg",2417725,2026-03-02T13:03:23Z,,ab8cbad519fe171afcb97831a537f1ed,pronom,fmt/43,JPEG File Interchange Format,1.01,image/jpeg,Image (Raster),extension match jpg; byte match at [[0 14] [2417723 2]],,5271,3602,8,747,"8 - Langbroek, 1908-1949/8_747/8_747_0002.jpg"
"8 - Langbroek, 1908-1949/8_748/8_748_0001.jpg",814023,2026-03-02T13:03:23Z,,cc3df1049f2c888a1ec9d4e3ca7f727f,pronom,fmt/43,JPEG File Interchange Format,1.01,image/jpeg,Image (Raster),extension match jpg; byte match at [[0 14] [814021 2]],,2649,3356,8,748,"8 - Langbroek, 1908-1949/8_748/8_748_0001.jpg"
"8 - Langbroek, 1908-1949/8_748/8_748_0002.jpg",919096,2026-03-02T13:03:23Z,,17f1fa7149148f316c3fe02b14ceb457,pronom,fmt/43,JPEG File Interchange Format,1.01,image/jpeg,Image (Raster),extension match jpg; byte match at [[0 14] [919094 2]],,2736,3486,8,748,"8 - Langbroek, 1908-1949/8_748/8_748_0002.jpg"
"8 - Langbroek, 1908-1949/8_748/8_748_0003.jpg",2879442,2026-03-02T13:03:23Z,,47ad82055a68af1dcbc1897054952e27,pronom,fmt/43,JPEG File Interchange Format,1.01,image/jpeg,Image (Raster),extension match jpg; byte match at [[0 14] [2879440 2]],,6000,5455,8,748,"8 - Langbroek, 1908-1949/8_748/8_748_0003.jpg"
"8 - Langbroek, 1908-1949/8_748/8_748_0004.jpg",2508173,2026-03-02T13:03:23Z,,fe916727ef4ebaf6d9e65d5d0ddf7fce,pronom,fmt/43,JPEG File Interchange Format,1.01,image/jpeg,Image (Raster),extension match jpg; byte match at [[0 14] [2508171 2]],,6003,5459,8,748,"8 - Langbroek, 1908-1949/8_748/8_748_0004.jpg"
"8 - Langbroek, 1908-1949/8_749/8_749_0001.jpg",596786,2026-03-02T13:03:23Z,,653fcb1abd12f6be84826f5dfdfdd964,pronom,fmt/43,JPEG File Interchange Format,1.01,image/jpeg,Image (Raster),extension match jpg; byte match at [[0 14] [596784 2]],,2606,2071,8,749,"8 - Langbroek, 1908-1949/8_749/8_749_0001.jpg"
"8 - Langbroek, 1908-1949/8_749/8_749_0002.jpg",916470,2026-03-02T13:03:23Z,,19a179cef8c0d08657d5cc60567cdcbf,pronom,fmt/43,JPEG File Interchange Format,1.01,image/jpeg,Image (Raster),extension match jpg; byte match at [[0 14] [916468 2]],,2735,3491,8,749,"8 - Langbroek, 1908-1949/8_749/8_749_0002.jpg"
"8 - Langbroek, 1908-1949/8_749/8_749_0003.jpg",2018449,2026-03-02T13:03:23Z,,dd4946a06acab88fac0aaad2716a7228,pronom,fmt/43,JPEG File Interchange Format,1.01,image/jpeg,Image (Raster),extension match jpg; byte match at [[0 14] [2018447 2]],,6000,4070,8,749,"8 - Langbroek, 1908-1949/8_749/8_749_0003.jpg"
"8 - Langbroek, 1908-1949/8_749/8_749_0004.jpg",1524787,2026-03-02T13:03:23Z,,2cd93f3fb523fb88268bac2caa527057,pronom,fmt/43,JPEG File Interchange Format,1.01,image/jpeg,Image (Raster),extension match jpg; byte match at [[0 14] [1524785 2]],,4076,6006,8,749,"8 - Langbroek, 1908-1949/8_749/8_749_0004.jpg"
"8 - Langbroek, 1908-1949/8_750/8_750_0001.jpg",1077255,2026-03-02T13:03:23Z,,ea6af881d667183e1df031d9431322de,pronom,fmt/43,JPEG File Interchange Format,1.01,image/jpeg,Image (Raster),extension match jpg; byte match at [[0 14] [1077253 2]],,2580,3589,8,750,"8 - Langbroek, 1908-1949/8_750/8_750_0001.jpg"
"8 - Langbroek, 1908-1949/8_750/8_750_0002.jpg",1230219,2026-03-02T13:03:23Z,,4a67334fa7c58f7f3a00021636b9dd3b,pronom,fmt/43,JPEG File Interchange Format,1.01,image/jpeg,Image (Raster),extension match jpg; byte match at [[0 14] [1230217 2]],,2599,3599,8,750,"8 - Langbroek, 1908-1949/8_750/8_750_0002.jpg"
"8 - Langbroek, 1908-1949/8_750/8_750_0003.jpg",935507,2026-03-02T13:03:23Z,,8a6e163d0b06329b2aeb68dcf6278fac,pronom,fmt/43,JPEG File Interchange Format,1.01,image/jpeg,Image (Raster),extension match jpg; byte match at [[0 14] [935505 2]],,2605,3608,8,750,"8 - Langbroek, 1908-1949/8_750/8_750_0003.jpg"
"8 - Langbroek, 1908-1949/8_750/8_750_0004.jpg",744672,2026-03-02T13:03:23Z,,acc8ba6a557544c27626c39d25f930fa,pronom,fmt/43,JPEG File Interchange Format,1.01,image/jpeg,Image (Raster),extension match jpg; byte match at [[0 14] [744670 2]],,2704,3397,8,750,"8 - Langbroek, 1908-1949/8_750/8_750_0004.jpg"
"8 - Langbroek, 1908-1949/8_750/8_750_0005.jpg",4844527,2026-03-02T13:03:23Z,,6d3c0a0aaf2a258bf65e5e52e0cb9262,pronom,fmt/43,JPEG File Interchange Format,1.01,image/jpeg,Image (Raster),extension match jpg; byte match at [[0 14] [4844525 2]],,7028,4376,8,750,"8 - Langbroek, 1908-1949/8_750/8_750_0005.jpg"
"8 - Langbroek, 1908-1949/8_750/8_750_0006.jpg",1815335,2026-03-02T13:03:23Z,,8becf5e4db8b73acf2bc6f9100d24e42,pronom,fmt/43,JPEG File Interchange Format,1.01,image/jpeg,Image (Raster),extension match jpg; byte match at [[0 14] [1815333 2]],,7030,4380,8,750,"8 - Langbroek, 1908-1949/8_750/8_750_0006.jpg"
"8 - Langbroek, 1908-1949/8_751/8_751_0001.jpg",1054683,2026-03-02T13:03:23Z,,05741922855372eed246c9a01442df59,pronom,fmt/43,JPEG File Interchange Format,1.01,image/jpeg,Image (Raster),extension match jpg; byte match at [[0 14] [1054681 2]],,2556,3588,8,751,"8 - Langbroek, 1908-1949/8_751/8_751_0001.jpg"
"8 - Langbroek, 1908-1949/8_751/8_751_0002.jpg",798650,2026-03-02T13:03:23Z,,abb4f2054730c77e82bf288ad75f715c,pronom,fmt/43,JPEG File Interchange Format,1.01,image/jpeg,Image (Raster),extension match jpg; byte match at [[0 14] [798648 2]],,2563,3163,8,751,"8 - Langbroek, 1908-1949/8_751/8_751_0002.jpg"
"8 - Langbroek, 1908-1949/8_751/8_751_0003.jpg",806762,2026-03-02T13:03:23Z,,40a1c4f88820e926f2ad15f1b8328580,pronom,fmt/43,JPEG File Interchange Format,1.01,image/jpeg,Image (Raster),extension match jpg; byte match at [[0 14] [806760 2]],,2559,3159,8,751,"8 - Langbroek, 1908-1949/8_751/8_751_0003.jpg"
"8 - Langbroek, 1908-1949/8_751/8_751_0004.jpg",1380394,2026-03-02T13:03:23Z,,5c7edc4eec9f15562ac898e36551ae52,pronom,fmt/43,JPEG File Interchange Format,1.01,image/jpeg,Image (Raster),extension match jpg; byte match at [[0 14] [1380392 2]],,3988,3164,8,751,"8 - Langbroek, 1908-1949/8_751/8_751_0004.jpg"
"8 - Langbroek, 1908-1949/8_752/8_752_0001.jpg",921793,2026-03-02T13:03:23Z,,e63074c4cb641c9578a131149da6457c,pronom,fmt/43,JPEG File Interchange Format,1.01,image/jpeg,Image (Raster),extension match jpg; byte match at [[0 14] [921791 2]],,2566,3594,8,752,"8 - Langbroek, 1908-1949/8_752/8_752_0001.jpg"
"8 - Langbroek, 1908-1949/8_752/8_752_0002.jpg",3772485,2026-03-02T13:03:23Z,,a4ad1e1445cf6bb95196d45df501d5c3,pronom,fmt/43,JPEG File Interchange Format,1.01,image/jpeg,Image (Raster),extension match jpg; byte match at [[0 14] [3772483 2]],,5090,5470,8,752,"8 - Langbroek, 1908-1949/8_752/8_752_0002.jpg"
"8 - Langbroek, 1908-1949/8_752/8_752_0003.jpg",1708862,2026-03-02T13:03:23Z,,e95af3ce1c318a23c1140fb2342214a3,pronom,fmt/43,JPEG File Interchange Format,1.01,image/jpeg,Image (Raster),extension match jpg; byte match at [[0 14] [1708860 2]],,5461,5082,8,752,"8 - Langbroek, 1908-1949/8_752/8_752_0003.jpg"
"8 - Langbroek, 1908-1949/8_753/8_753_0001.jpg",1046087,2026-03-02T13:03:23Z,,a4b009d6049d5918c8dc34c2f221d5c0,pronom,fmt/43,JPEG File Interchange Format,1.01,image/jpeg,Image (Raster),extension match jpg; byte match at [[0 14] [1046085 2]],,2559,3587,8,753,"8 - Langbroek, 1908-1949/8_753/8_753_0001.jpg"
"8 - Langbroek, 1908-1949/8_753/8_753_0002.jpg",882518,2026-03-02T13:03:23Z,,5df44a8b93011dd58376dd5fc54e1112,pronom,fmt/43,JPEG File Interchange Format,1.01,image/jpeg,Image (Raster),extension match jpg; byte match at [[0 14] [882516 2]],,2607,3130,8,753,"8 - Langbroek, 1908-1949/8_753/8_753_0002.jpg"
"8 - Langbroek, 1908-1949/8_753/8_753_0003.jpg",4714768,2026-03-02T13:03:23Z,,4f1f7306408955d03686be0b3d185eda,pronom,fmt/43,JPEG File Interchange Format,1.01,image/jpeg,Image (Raster),extension match jpg; byte match at [[0 14] [4714766 2]],,6680,4980,8,753,"8 - Langbroek, 1908-1949/8_753/8_753_0003.jpg"
"8 - Langbroek, 1908-1949/8_753/8_753_0004.jpg",2111200,2026-03-02T13:03:23Z,,5a8659ddb0db76185dbc7c893a52d36d,pronom,fmt/43,JPEG File Interchange Format,1.01,image/jpeg,Image (Raster),extension match jpg; byte match at [[0 14] [2111198 2]],,6670,4973,8,753,"8 - Langbroek, 1908-1949/8_753/8_753_0004.jpg"
"8 - Langbroek, 1908-1949/8_754/8_754_0001.jpg",1581745,2026-03-02T13:03:24Z,,de144c99061f94d9820bb0ad3e5bdd4c,pronom,fmt/43,JPEG File Interchange Format,1.01,image/jpeg,Image (Raster),extension match jpg; byte match at [[0 14] [1581743 2]],,2595,3934,8,754,"8 - Langbroek, 1908-1949/8_754/8_754_0001.jpg"
"8 - Langbroek, 1908-1949/8_754/8_754_0002.jpg",822874,2026-03-02T13:03:24Z,,516eca74708dc5e033667b8e31c11031,pronom,fmt/43,JPEG File Interchange Format,1.01,image/jpeg,Image (Raster),extension match jpg; byte match at [[0 14] [822872 2]],,2587,3070,8,754,"8 - Langbroek, 1908-1949/8_754/8_754_0002.jpg"
"8 - Langbroek, 1908-1949/8_755/8_755_0001.jpg",807241,2026-03-02T13:03:24Z,,43bff8e184e11a40c98d3d9680208be8,pronom,fmt/43,JPEG File Interchange Format,1.01,image/jpeg,Image (Raster),extension match jpg; byte match at [[0 14] [807239 2]],,2660,3354,8,755,"8 - Langbroek, 1908-1949/8_755/8_755_0001.jpg"
"8 - Langbroek, 1908-1949/8_755/8_755_0002.jpg",683575,2026-03-02T13:03:24Z,,fab8e9d30faf0a33a3b68489f69e88d3,pronom,fmt/43,JPEG File Interchange Format,1.01,image/jpeg,Image (Raster),extension match jpg; byte match at [[0 14] [683573 2]],,2598,3149,8,755,"8 - Langbroek, 1908-1949/8_755/8_755_0002.jpg"
"8 - Langbroek, 1908-1949/8_755/8_755_0003.jpg",3673941,2026-03-02T13:03:24Z,,283ab5ccf8e657d74cca7601e0eb8942,pronom,fmt/43,JPEG File Interchange Format,1.01,image/jpeg,Image (Raster),extension match jpg; byte match at [[0 14] [3673939 2]],,6030,5520,8,755,"8 - Langbroek, 1908-1949/8_755/8_755_0003.jpg"
"8 - Langbroek, 1908-1949/8_756/8_756_0001.jpg",582761,2026-03-02T13:03:24Z,,339a5d514ca4ea0d4fe1a8383d34bf15,pronom,fmt/43,JPEG File Interchange Format,1.01,image/jpeg,Image (Raster),extension match jpg; byte match at [[0 14] [582759 2]],,2596,2062,8,756,"8 - Langbroek, 1908-1949/8_756/8_756_0001.jpg"
"8 - Langbroek, 1908-1949/8_756/8_756_0002.jpg",692349,2026-03-02T13:03:24Z,,cb814d11e28d331a37fbcfbe0590e1fa,pronom,fmt/43,JPEG File Interchange Format,1.01,image/jpeg,Image (Raster),extension match jpg; byte match at [[0 14] [692347 2]],,2603,3138,8,756,"8 - Langbroek, 1908-1949/8_756/8_756_0002.jpg"
"8 - Langbroek, 1908-1949/8_756/8_756_0003.jpg",4239298,2026-03-02T13:03:24Z,,91bf650cabc0510603f09e55c7f00fcc,pronom,fmt/43,JPEG File Interchange Format,1.01,image/jpeg,Image (Raster),extension match jpg; byte match at [[0 14] [4239296 2]],,7177,5375,8,756,"8 - Langbroek, 1908-1949/8_756/8_756_0003.jpg"
"8 - Langbroek, 1908-1949/8_757/8_757_0001.jpg",939814,2026-03-02T13:03:24Z,,60c72448c02b89715ef96fdd48febbcb,pronom,fmt/43,JPEG File Interchange Format,1.01,image/jpeg,Image (Raster),extension match jpg; byte match at [[0 14] [939812 2]],,2571,3592,8,757,"8 - Langbroek, 1908-1949/8_757/8_757_0001.jpg"
"8 - Langbroek, 1908-1949/8_757/8_757_0002.jpg",891738,2026-03-02T13:03:24Z,,bf98b8c2d20a48b280601019b42a8580,pronom,fmt/43,JPEG File Interchange Format,1.01,image/jpeg,Image (Raster),extension match jpg; byte match at [[0 14] [891736 2]],,2590,3271,8,757,"8 - Langbroek, 1908-1949/8_757/8_757_0002.jpg"
"8 - Langbroek, 1908-1949/8_757/8_757_0003.jpg",800127,2026-03-02T13:03:24Z,,6c34d10f5f1ffb2c4e7e4516043fbf75,pronom,fmt/43,JPEG File Interchange Format,1.01,image/jpeg,Image (Raster),extension match jpg; byte match at [[0 14] [800125 2]],,2585,3583,8,757,"8 - Langbroek, 1908-1949/8_757/8_757_0003.jpg"
"8 - Langbroek, 1908-1949/8_757/8_757_0004.jpg",1007875,2026-03-02T13:03:24Z,,3f95e7487b7111ae88cdf474f48b3f33,pronom,fmt/43,JPEG File Interchange Format,1.01,image/jpeg,Image (Raster),extension match jpg; byte match at [[0 14] [1007873 2]],,2580,3570,8,757,"8 - Langbroek, 1908-1949/8_757/8_757_0004.jpg"
"8 - Langbroek, 1908-1949/8_757/8_757_0005.jpg",4352333,2026-03-02T13:03:24Z,,c5c82ecc9307383ad60c04d59728c43f,pronom,fmt/43,JPEG File Interchange Format,1.01,image/jpeg,Image (Raster),extension match jpg; byte match at [[0 14] [4352331 2]],,6530,4200,8,757,"8 - Langbroek, 1908-1949/8_757/8_757_0005.jpg"
"8 - Langbroek, 1908-1949/8_757/8_757_0006.jpg",2042792,2026-03-02T13:03:24Z,,01f408a7ee5bafff975a1c18a21081e3,pronom,fmt/43,JPEG File Interchange Format,1.01,image/jpeg,Image (Raster),extension match jpg; byte match at [[0 14] [2042790 2]],,4210,6539,8,757,"8 - Langbroek, 1908-1949/8_757/8_757_0006.jpg"
"8 - Langbroek, 1908-1949/8_758/8_758_0001.jpg",1061995,2026-03-02T13:03:24Z,,1dc0cb861068d41346e2bf3e8dee1862,pronom,fmt/43,JPEG File Interchange Format,1.01,image/jpeg,Image (Raster),extension match jpg; byte match at [[0 14] [1061993 2]],,2545,3585,8,758,"8 - Langbroek, 1908-1949/8_758/8_758_0001.jpg"
"8 - Langbroek, 1908-1949/8_758/8_758_0002.jpg",922679,2026-03-02T13:03:24Z,,495d8565db100d139e9528d18392eb39,pronom,fmt/43,JPEG File Interchange Format,1.01,image/jpeg,Image (Raster),extension match jpg; byte match at [[0 14] [922677 2]],,2542,3582,8,758,"8 - Langbroek, 1908-1949/8_758/8_758_0002.jpg"
"8 - Langbroek, 1908-1949/8_758/8_758_0003.jpg",905156,2026-03-02T13:03:24Z,,70c63b6e5e9633e140481ea95c51211c,pronom,fmt/43,JPEG File Interchange Format,1.01,image/jpeg,Image (Raster),extension match jpg; byte match at [[0 14] [905154 2]],,2475,3421,8,758,"8 - Langbroek, 1908-1949/8_758/8_758_0003.jpg"
"8 - Langbroek, 1908-1949/8_758/8_758_0004.jpg",872047,2026-03-02T13:03:24Z,,845f273cb77fed0b952f7f920310fa6e,pronom,fmt/43,JPEG File Interchange Format,1.01,image/jpeg,Image (Raster),extension match jpg; byte match at [[0 14] [872045 2]],,2568,3150,8,758,"8 - Langbroek, 1908-1949/8_758/8_758_0004.jpg"
"8 - Langbroek, 1908-1949/8_758/8_758_0005.jpg",1065821,2026-03-02T13:03:24Z,,0e6a0b756853c314913cbc498f3e8a25,pronom,fmt/43,JPEG File Interchange Format,1.01,image/jpeg,Image (Raster),extension match jpg; byte match at [[0 14] [1065819 2]],,2466,3907,8,758,"8 - Langbroek, 1908-1949/8_758/8_758_0005.jpg"
"8 - Langbroek, 1908-1949/8_758/8_758_0006.jpg",1531210,2026-03-02T13:03:24Z,,332169fd2de29946ce70131df0147e5c,pronom,fmt/43,JPEG File Interchange Format,1.01,image/jpeg,Image (Raster),extension match jpg; byte match at [[0 14] [1531208 2]],,3944,2915,8,758,"8 - Langbroek, 1908-1949/8_758/8_758_0006.jpg"
"8 - Langbroek, 1908-1949/8_758/8_758_0007.jpg",839677,2026-03-02T13:03:24Z,,5dcfa3144cb0b033161b90cc3e57bad8,pronom,fmt/43,JPEG File Interchange Format,1.01,image/jpeg,Image (Raster),extension match jpg; byte match at [[0 14] [839675 2]],,2571,3147,8,758,"8 - Langbroek, 1908-1949/8_758/8_758_0007.jpg"
"8 - Langbroek, 1908-1949/8_759/8_759_0001.jpg",785760,2026-03-02T13:03:24Z,,0e8e33c823a715a0c1a0779256c7d430,pronom,fmt/43,JPEG File Interchange Format,1.01,image/jpeg,Image (Raster),extension match jpg; byte match at [[0 14] [785758 2]],,2560,3030,8,759,"8 - Langbroek, 1908-1949/8_759/8_759_0001.jpg"
"8 - Langbroek, 1908-1949/8_759/8_759_0002.jpg",855270,2026-03-02T13:03:24Z,,9bb4b2a6e7e40795a5ac8d2598a5cb86,pronom,fmt/43,JPEG File Interchange Format,1.01,image/jpeg,Image (Raster),extension match jpg; byte match at [[0 14] [855268 2]],,2649,3349,8,759,"8 - Langbroek, 1908-1949/8_759/8_759_0002.jpg"
"8 - Langbroek, 1908-1949/8_759/8_759_0003.jpg",405291,2026-03-02T13:03:24Z,,0b387ad595944972915a3a3cd62827eb,pronom,fmt/43,JPEG File Interchange Format,1.01,image/jpeg,Image (Raster),extension match jpg; byte match at [[0 14] [405289 2]],,1692,2574,8,759,"8 - Langbroek, 1908-1949/8_759/8_759_0003.jpg"
"8 - Langbroek, 1908-1949/8_759/8_759_0004.jpg",1028019,2026-03-02T13:03:24Z,,32701785cb95d2d9c7b2709deac07b74,pronom,fmt/43,JPEG File Interchange Format,1.01,image/jpeg,Image (Raster),extension match jpg; byte match at [[0 14] [1028017 2]],,2660,3210,8,759,"8 - Langbroek, 1908-1949/8_759/8_759_0004.jpg"
"8 - Langbroek, 1908-1949/8_759/8_759_0005.jpg",1026765,2026-03-02T13:03:24Z,,bfac30961d500af86dcad22d7c1ef7f2,pronom,fmt/43,JPEG File Interchange Format,1.01,image/jpeg,Image (Raster),extension match jpg; byte match at [[0 14] [1026763 2]],,2650,3200,8,759,"8 - Langbroek, 1908-1949/8_759/8_759_0005.jpg"
"8 - Langbroek, 1908-1949/8_759/8_759_0006.jpg",994337,2026-03-02T13:03:24Z,,885bc0fec55a5e06b0ed4f49285a630b,pronom,fmt/43,JPEG File Interchange Format,1.01,image/jpeg,Image (Raster),extension match jpg; byte match at [[0 14] [994335 2]],,2660,3210,8,759,"8 - Langbroek, 1908-1949/8_759/8_759_0006.jpg"
"8 - Langbroek, 1908-1949/8_759/8_759_0007.jpg",828176,2026-03-02T13:03:24Z,,e1d6190c17192d7b58186e6bdbb10778,pronom,fmt/43,JPEG File Interchange Format,1.01,image/jpeg,Image (Raster),extension match jpg; byte match at [[0 14] [828174 2]],,2636,3174,8,759,"8 - Langbroek, 1908-1949/8_759/8_759_0007.jpg"
"8 - Langbroek, 1908-1949/8_759/8_759_0008.jpg",1010296,2026-03-02T13:03:24Z,,01ac8c3ee081ba13c12239b38858c697,pronom,fmt/43,JPEG File Interchange Format,1.01,image/jpeg,Image (Raster),extension match jpg; byte match at [[0 14] [1010294 2]],,2630,3200,8,759,"8 - Langbroek, 1908-1949/8_759/8_759_0008.jpg"
"8 - Langbroek, 1908-1949/8_759/8_759_0009.jpg",528106,2026-03-02T13:03:24Z,,b0424179750a0af0b3c63d3033d2be71,pronom,fmt/43,JPEG File Interchange Format,1.01,image/jpeg,Image (Raster),extension match jpg; byte match at [[0 14] [528104 2]],,2541,1859,8,759,"8 - Langbroek, 1908-1949/8_759/8_759_0009.jpg"
"8 - Langbroek, 1908-1949/8_759/8_759_0010.jpg",879697,2026-03-02T13:03:24Z,,3489b53fb4b994bd15237a7dc714067c,pronom,fmt/43,JPEG File Interchange Format,1.01,image/jpeg,Image (Raster),extension match jpg; byte match at [[0 14] [879695 2]],,2777,3414,8,759,"8 - Langbroek, 1908-1949/8_759/8_759_0010.jpg"
"8 - Langbroek, 1908-1949/8_759/8_759_0011.jpg",599989,2026-03-02T13:03:24Z,,dd64f37747ecf4e1705f763ea54eca3a,pronom,fmt/43,JPEG File Interchange Format,1.01,image/jpeg,Image (Raster),extension match jpg; byte match at [[0 14] [599987 2]],,2544,1838,8,759,"8 - Langbroek, 1908-1949/8_759/8_759_0011.jpg"
"8 - Langbroek, 1908-1949/8_759/8_759_0012.jpg",985677,2026-03-02T13:03:24Z,,195e41cedfc2c52de15501b630694f9b,pronom,fmt/43,JPEG File Interchange Format,1.01,image/jpeg,Image (Raster),extension match jpg; byte match at [[0 14] [985675 2]],,2630,3160,8,759,"8 - Langbroek, 1908-1949/8_759/8_759_0012.jpg"
"8 - Langbroek, 1908-1949/8_759/8_759_0013.jpg",998544,2026-03-02T13:03:24Z,,766cddb1b3e81b22cb94b29a3973a9f6,pronom,fmt/43,JPEG File Interchange Format,1.01,image/jpeg,Image (Raster),extension match jpg; byte match at [[0 14] [998542 2]],,2539,3589,8,759,"8 - Langbroek, 1908-1949/8_759/8_759_0013.jpg"
"8 - Langbroek, 1908-1949/8_759/8_759_0014.jpg",789944,2026-03-02T13:03:24Z,,5b750fc47cdc3745050467a49c0199e4,pronom,fmt/43,JPEG File Interchange Format,1.01,image/jpeg,Image (Raster),extension match jpg; byte match at [[0 14] [789942 2]],,2645,3195,8,759,"8 - Langbroek, 1908-1949/8_759/8_759_0014.jpg"
"8 - Langbroek, 1908-1949/8_759/8_759_0015.jpg",512444,2026-03-02T13:03:24Z,,69d291322a32dfa1230d3cc646128eec,pronom,fmt/43,JPEG File Interchange Format,1.01,image/jpeg,Image (Raster),extension match jpg; byte match at [[0 14] [512442 2]],,1720,2656,8,759,"8 - Langbroek, 1908-1949/8_759/8_759_0015.jpg"
"8 - Langbroek, 1908-1949/8_759/8_759_0016.jpg",379034,2026-03-02T13:03:24Z,,dffe320f11e2fb52ce02ee2b1de46f57,pronom,fmt/43,JPEG File Interchange Format,1.01,image/jpeg,Image (Raster),extension match jpg; byte match at [[0 14] [379032 2]],,1884,2001,8,759,"8 - Langbroek, 1908-1949/8_759/8_759_0016.jpg"
"8 - Langbroek, 1908-1949/8_759/8_759_0017.jpg",530383,2026-03-02T13:03:24Z,,a598dfbdef091769972847c965626794,pronom,fmt/43,JPEG File Interchange Format,1.01,image/jpeg,Image (Raster),extension match jpg; byte match at [[0 14] [530381 2]],,2567,1857,8,759,"8 - Langbroek, 1908-1949/8_759/8_759_0017.jpg"
"8 - Langbroek, 1908-1949/8_759/8_759_0018.jpg",949379,2026-03-02T13:03:24Z,,9e325470599a40935c2833822fd33534,pronom,fmt/43,JPEG File Interchange Format,1.01,image/jpeg,Image (Raster),extension match jpg; byte match at [[0 14] [949377 2]],,2556,3582,8,759,"8 - Langbroek, 1908-1949/8_759/8_759_0018.jpg"
"8 - Langbroek, 1908-1949/8_759/8_759_0019.jpg",871635,2026-03-02T13:03:24Z,,be5f3572d75ea582e30d95aa9e52b8b0,pronom,fmt/43,JPEG File Interchange Format,1.01,image/jpeg,Image (Raster),extension match jpg; byte match at [[0 14] [871633 2]],,2599,3133,8,759,"8 - Langbroek, 1908-1949/8_759/8_759_0019.jpg"
"8 - Langbroek, 1908-1949/8_759/8_759_0020.jpg",1078649,2026-03-02T13:03:24Z,,887ed7f304fc971d9c91a5036c3ecde3,pronom,fmt/43,JPEG File Interchange Format,1.01,image/jpeg,Image (Raster),extension match jpg; byte match at [[0 14] [1078647 2]],,2543,3585,8,759,"8 - Langbroek, 1908-1949/8_759/8_759_0020.jpg"
"8 - Langbroek, 1908-1949/8_759/8_759_0021.jpg",933497,2026-03-02T13:03:24Z,,f1dcb273feb203461f2d8561ca6317da,pronom,fmt/43,JPEG File Interchange Format,1.01,image/jpeg,Image (Raster),extension match jpg; byte match at [[0 14] [933495 2]],,2543,3589,8,759,"8 - Langbroek, 1908-1949/8_759/8_759_0021.jpg"
"8 - Langbroek, 1908-1949/8_759/8_759_0022.jpg",879506,2026-03-02T13:03:24Z,,2512c5007b27ab00c3df94a5e19b3eb1,pronom,fmt/43,JPEG File Interchange Format,1.01,image/jpeg,Image (Raster),extension match jpg; byte match at [[0 14] [879504 2]],,2554,3577,8,759,"8 - Langbroek, 1908-1949/8_759/8_759_0022.jpg"
"8 - Langbroek, 1908-1949/8_759/8_759_0023.jpg",789798,2026-03-02T13:03:24Z,,8b100408ba44f1ae5ded3f83742ee6f1,pronom,fmt/43,JPEG File Interchange Format,1.01,image/jpeg,Image (Raster),extension match jpg; byte match at [[0 14] [789796 2]],,2592,3165,8,759,"8 - Langbroek, 1908-1949/8_759/8_759_0023.jpg"
"8 - Langbroek, 1908-1949/8_759/8_759_0024.jpg",958003,2026-03-02T13:03:24Z,,f5e1a1cdc4598d7fff267e9f4b71517a,pronom,fmt/43,JPEG File Interchange Format,1.01,image/jpeg,Image (Raster),extension match jpg; byte match at [[0 14] [958001 2]],,2586,3569,8,759,"8 - Langbroek, 1908-1949/8_759/8_759_0024.jpg"
"8 - Langbroek, 1908-1949/8_759/8_759_0025.jpg",790050,2026-03-02T13:03:24Z,,596d97e1b95612ae295f4c92c0f7b961,pronom,fmt/43,JPEG File Interchange Format,1.01,image/jpeg,Image (Raster),extension match jpg; byte match at [[0 14] [790048 2]],,2468,3291,8,759,"8 - Langbroek, 1908-1949/8_759/8_759_0025.jpg"
"8 - Langbroek, 1908-1949/8_759/8_759_0026.jpg",809123,2026-03-02T13:03:24Z,,e93fc53bd9e4951d216c101d0debe6c2,pronom,fmt/43,JPEG File Interchange Format,1.01,image/jpeg,Image (Raster),extension match jpg; byte match at [[0 14] [809121 2]],,2358,2955,8,759,"8 - Langbroek, 1908-1949/8_759/8_759_0026.jpg"
"8 - Langbroek, 1908-1949/8_759/8_759_0027.jpg",1060760,2026-03-02T13:03:24Z,,6555e6ebf663c6e4e41a41423db4ad87,pronom,fmt/43,JPEG File Interchange Format,1.01,image/jpeg,Image (Raster),extension match jpg; byte match at [[0 14] [1060758 2]],,2585,3571,8,759,"8 - Langbroek, 1908-1949/8_759/8_759_0027.jpg"
"8 - Langbroek, 1908-1949/8_759/8_759_0028.jpg",1680706,2026-03-02T13:03:24Z,,828854cd96ced867365ebfad0f7d612c,pronom,fmt/43,JPEG File Interchange Format,1.01,image/jpeg,Image (Raster),extension match jpg; byte match at [[0 14] [1680704 2]],,4355,4479,8,759,"8 - Langbroek, 1908-1949/8_759/8_759_0028.jpg"
"8 - Langbroek, 1908-1949/8_759/8_759_0029.jpg",831677,2026-03-02T13:03:24Z,,4396fbdd5d63c450b00545a576e8e9bc,pronom,fmt/43,JPEG File Interchange Format,1.01,image/jpeg,Image (Raster),extension match jpg; byte match at [[0 14] [831675 2]],,2579,3079,8,759,"8 - Langbroek, 1908-1949/8_759/8_759_0029.jpg"
"8 - Langbroek, 1908-1949/8_760/8_760_0001.jpg",954115,2026-03-02T13:03:25Z,,95f79abe2b95b11b67062ffa95614777,pronom,fmt/43,JPEG File Interchange Format,1.01,image/jpeg,Image (Raster),extension match jpg; byte match at [[0 14] [954113 2]],,2576,3571,8,760,"8 - Langbroek, 1908-1949/8_760/8_760_0001.jpg"
"8 - Langbroek, 1908-1949/8_760/8_760_0002.jpg",876328,2026-03-02T13:03:25Z,,3e6ec552e847e3a1300a6319eecdb843,pronom,fmt/43,JPEG File Interchange Format,1.01,image/jpeg,Image (Raster),extension match jpg; byte match at [[0 14] [876326 2]],,2605,3172,8,760,"8 - Langbroek, 1908-1949/8_760/8_760_0002.jpg"
"8 - Langbroek, 1908-1949/8_760/8_760_0003.jpg",1103159,2026-03-02T13:03:25Z,,d70d4820a323b61c046cc52e1f46e640,pronom,fmt/43,JPEG File Interchange Format,1.01,image/jpeg,Image (Raster),extension match jpg; byte match at [[0 14] [1103157 2]],,2573,3893,8,760,"8 - Langbroek, 1908-1949/8_760/8_760_0003.jpg"
"8 - Langbroek, 1908-1949/8_760/8_760_0004.jpg",1932304,2026-03-02T13:03:25Z,,9a2f6a1d8394fb7940b96f643048b410,pronom,fmt/43,JPEG File Interchange Format,1.01,image/jpeg,Image (Raster),extension match jpg; byte match at [[0 14] [1932302 2]],,5027,3895,8,760,"8 - Langbroek, 1908-1949/8_760/8_760_0004.jpg"
"8 - Langbroek, 1908-1949/8_760/8_760_0005.jpg",925083,2026-03-02T13:03:25Z,,d1a77fd2c2d5a7caea59bfd6239a5a08,pronom,fmt/43,JPEG File Interchange Format,1.01,image/jpeg,Image (Raster),extension match jpg; byte match at [[0 14] [925081 2]],,2574,3897,8,760,"8 - Langbroek, 1908-1949/8_760/8_760_0005.jpg"
"8 - Langbroek, 1908-1949/8_760/8_760_0006.jpg",831634,2026-03-02T13:03:25Z,,f09440b64e786aea03e22c747c38df8a,pronom,fmt/43,JPEG File Interchange Format,1.01,image/jpeg,Image (Raster),extension match jpg; byte match at [[0 14] [831632 2]],,2560,3587,8,760,"8 - Langbroek, 1908-1949/8_760/8_760_0006.jpg"
"8 - Langbroek, 1908-1949/8_760/8_760_0007.jpg",3460790,2026-03-02T13:03:25Z,,50a396d891146c6332b364139d58e286,pronom,fmt/43,JPEG File Interchange Format,1.01,image/jpeg,Image (Raster),extension match jpg; byte match at [[0 14] [3460788 2]],,6102,4187,8,760,"8 - Langbroek, 1908-1949/8_760/8_760_0007.jpg"
"8 - Langbroek, 1908-1949/8_761/8_761_0001.jpg",5040122,2026-03-02T13:03:25Z,,597c33c27bf45fdc6bf4c701581ef443,pronom,fmt/43,JPEG File Interchange Format,1.01,image/jpeg,Image (Raster),extension match jpg; byte match at [[0 14] [5040120 2]],,6040,5700,8,761,"8 - Langbroek, 1908-1949/8_761/8_761_0001.jpg"
"8 - Langbroek, 1908-1949/8_761/8_761_0002.jpg",811835,2026-03-02T13:03:25Z,,350828a33a2e21839f97eaaf2c4e89d5,pronom,fmt/43,JPEG File Interchange Format,1.01,image/jpeg,Image (Raster),extension match jpg; byte match at [[0 14] [811833 2]],,2561,3590,8,761,"8 - Langbroek, 1908-1949/8_761/8_761_0002.jpg"
"8 - Langbroek, 1908-1949/8_761/8_761_0003.jpg",1505145,2026-03-02T13:03:25Z,,8b6a3c6df5aa7429041a9883133df1fd,pronom,fmt/43,JPEG File Interchange Format,1.01,image/jpeg,Image (Raster),extension match jpg; byte match at [[0 14] [1505143 2]],,5000,3594,8,761,"8 - Langbroek, 1908-1949/8_761/8_761_0003.jpg"
"8 - Langbroek, 1908-1949/8_761/8_761_0004.jpg",805226,2026-03-02T13:03:25Z,,d191d049c138045f30d22a619cc82bac,pronom,fmt/43,JPEG File Interchange Format,1.01,image/jpeg,Image (Raster),extension match jpg; byte match at [[0 14] [805224 2]],,2559,3590,8,761,"8 - Langbroek, 1908-1949/8_761/8_761_0004.jpg"
"8 - Langbroek, 1908-1949/8_761/8_761_0005.jpg",767399,2026-03-02T13:03:25Z,,b4071d0c96e266cef1da3a3e539c88c2,pronom,fmt/43,JPEG File Interchange Format,1.01,image/jpeg,Image (Raster),extension match jpg; byte match at [[0 14] [767397 2]],,2594,3140,8,761,"8 - Langbroek, 1908-1949/8_761/8_761_0005.jpg"
"8 - Langbroek, 1908-1949/8_761/8_761_0006.jpg",970857,2026-03-02T13:03:25Z,,7881e1e0175409ca8d36710fb523f59d,pronom,fmt/43,JPEG File Interchange Format,1.01,image/jpeg,Image (Raster),extension match jpg; byte match at [[0 14] [970855 2]],,2559,3579,8,761,"8 - Langbroek, 1908-1949/8_761/8_761_0006.jpg"
"8 - Langbroek, 1908-1949/8_762/8_762_0001.jpg",581632,2026-03-02T13:03:25Z,,502227fb793d7df3f9aec40b1be4eafd,pronom,fmt/43,JPEG File Interchange Format,1.01,image/jpeg,Image (Raster),extension match jpg; byte match at [[0 14] [581630 2]],,2569,2060,8,762,"8 - Langbroek, 1908-1949/8_762/8_762_0001.jpg"
"8 - Langbroek, 1908-1949/8_762/8_762_0002.jpg",7192123,2026-03-02T13:03:25Z,,9514417888686cc3e0ac3f121f72184d,pronom,fmt/43,JPEG File Interchange Format,1.01,image/jpeg,Image (Raster),extension match jpg; byte match at [[0 14] [7192121 2]],,8430,6159,8,762,"8 - Langbroek, 1908-1949/8_762/8_762_0002.jpg"
"8 - Langbroek, 1908-1949/8_762/8_762_0003.jpg",940938,2026-03-02T13:03:25Z,,75f3dc89770810c6a5d6a0fb03c40034,pronom,fmt/43,JPEG File Interchange Format,1.01,image/jpeg,Image (Raster),extension match jpg; byte match at [[0 14] [940936 2]],,2638,3223,8,762,"8 - Langbroek, 1908-1949/8_762/8_762_0003.jpg"
"8 - Langbroek, 1908-1949/8_763/8_763_0001.jpg",848522,2026-03-02T13:03:25Z,,89f71b5b9cde3ec800056f4e42ee5bb2,pronom,fmt/43,JPEG File Interchange Format,1.01,image/jpeg,Image (Raster),extension match jpg; byte match at [[0 14] [848520 2]],,2646,3357,8,763,"8 - Langbroek, 1908-1949/8_763/8_763_0001.jpg"
"8 - Langbroek, 1908-1949/8_763/8_763_0002.jpg",822378,2026-03-02T13:03:25Z,,ba0ce0aad6b3d76e07e602ecf3291ec7,pronom,fmt/43,JPEG File Interchange Format,1.01,image/jpeg,Image (Raster),extension match jpg; byte match at [[0 14] [822376 2]],,2637,3201,8,763,"8 - Langbroek, 1908-1949/8_763/8_763_0002.jpg"
"8 - Langbroek, 1908-1949/8_764/8_764_0001.jpg",600884,2026-03-02T13:03:25Z,,9179c95b68d93caf9d010be80589e101,pronom,fmt/43,JPEG File Interchange Format,1.01,image/jpeg,Image (Raster),extension match jpg; byte match at [[0 14] [600882 2]],,2535,1863,8,764,"8 - Langbroek, 1908-1949/8_764/8_764_0001.jpg"
"8 - Langbroek, 1908-1949/8_764/8_764_0002.jpg",976833,2026-03-02T13:03:25Z,,55b24db524765dd95ce2845a3546f0d6,pronom,fmt/43,JPEG File Interchange Format,1.01,image/jpeg,Image (Raster),extension match jpg; byte match at [[0 14] [976831 2]],,2619,3204,8,764,"8 - Langbroek, 1908-1949/8_764/8_764_0002.jpg"
"8 - Langbroek, 1908-1949/8_764/8_764_0003.jpg",2487905,2026-03-02T13:03:25Z,,218b98a61bc08a605a2b888764a84071,pronom,fmt/43,JPEG File Interchange Format,1.01,image/jpeg,Image (Raster),extension match jpg; byte match at [[0 14] [2487903 2]],,6173,4514,8,764,"8 - Langbroek, 1908-1949/8_764/8_764_0003.jpg"
"8 - Langbroek, 1908-1949/8_765/8_765_0001.jpg",1005171,2026-03-02T13:03:25Z,,6f8b8ac4f15bf8b0aea9ae3943a55a92,pronom,fmt/43,JPEG File Interchange Format,1.01,image/jpeg,Image (Raster),extension match jpg; byte match at [[0 14] [1005169 2]],,2520,3580,8,765,"8 - Langbroek, 1908-1949/8_765/8_765_0001.jpg"
"8 - Langbroek, 1908-1949/8_765/8_765_0002.jpg",755724,2026-03-02T13:03:25Z,,22564e98b4b9e9809072adf0c2118228,pronom,fmt/43,JPEG File Interchange Format,1.01,image/jpeg,Image (Raster),extension match jpg; byte match at [[0 14] [755722 2]],,2551,3583,8,765,"8 - Langbroek, 1908-1949/8_765/8_765_0002.jpg"
"8 - Langbroek, 1908-1949/8_765/8_765_0003.jpg",12014507,2026-03-02T13:03:25Z,,8430fc998b0d0ba15938eaeee39fd7e5,pronom,fmt/43,JPEG File Interchange Format,1.01,image/jpeg,Image (Raster),extension match jpg; byte match at [[0 14] [12014505 2]],,8447,8045,8,765,"8 - Langbroek, 1908-1949/8_765/8_765_0003.jpg"
"8 - Langbroek, 1908-1949/8_766/8_766_0001.jpg",873181,2026-03-02T13:03:25Z,,3a5333f12b7ef747f6023f6aa2e1c06d,pronom,fmt/43,JPEG File Interchange Format,1.01,image/jpeg,Image (Raster),extension match jpg; byte match at [[0 14] [873179 2]],,2546,3587,8,766,"8 - Langbroek, 1908-1949/8_766/8_766_0001.jpg"
"8 - Langbroek, 1908-1949/8_766/8_766_0002.jpg",764614,2026-03-02T13:03:25Z,,74c7238c651e23c916fbfaf85d00a394,pronom,fmt/43,JPEG File Interchange Format,1.01,image/jpeg,Image (Raster),extension match jpg; byte match at [[0 14] [764612 2]],,2580,3141,8,766,"8 - Langbroek, 1908-1949/8_766/8_766_0002.jpg"
"8 - Langbroek, 1908-1949/8_767/8_767_0001.jpg",911113,2026-03-02T13:03:25Z,,4239d7a6760cb74fd8182e8a13ec0a31,pronom,fmt/43,JPEG File Interchange Format,1.01,image/jpeg,Image (Raster),extension match jpg; byte match at [[0 14] [911111 2]],,2546,3585,8,767,"8 - Langbroek, 1908-1949/8_767/8_767_0001.jpg"
"8 - Langbroek, 1908-1949/8_767/8_767_0002.jpg",430351,2026-03-02T13:03:25Z,,35395eb55d8e4da9186bc59f30710dfe,pronom,fmt/43,JPEG File Interchange Format,1.01,image/jpeg,Image (Raster),extension match jpg; byte match at [[0 14] [430349 2]],,2588,1679,8,767,"8 - Langbroek, 1908-1949/8_767/8_767_0002.jpg"
"8 - Langbroek, 1908-1949/8_767/8_767_0003.jpg",2356329,2026-03-02T13:03:25Z,,88f0e4c3b85d64be38d5104d0272972b,pronom,fmt/43,JPEG File Interchange Format,1.01,image/jpeg,Image (Raster),extension match jpg; byte match at [[0 14] [2356327 2]],,4609,3560,8,767,"8 - Langbroek, 1908-1949/8_767/8_767_0003.jpg"
"8 - Langbroek, 1908-1949/8_768/8_768_0001.jpg",744653,2026-03-02T13:03:25Z,,d3c11a17e8248b5bf00e7a8e0740d179,pronom,fmt/43,JPEG File Interchange Format,1.01,image/jpeg,Image (Raster),extension match jpg; byte match at [[0 14] [744651 2]],,2424,3328,8,768,"8 - Langbroek, 1908-1949/8_768/8_768_0001.jpg"
"8 - Langbroek, 1908-1949/8_769/8_769_0001.jpg",937851,2026-03-02T13:03:25Z,,c79bcd157173d8e1e089fdc7630c931d,pronom,fmt/43,JPEG File Interchange Format,1.01,image/jpeg,Image (Raster),extension match jpg; byte match at [[0 14] [937849 2]],,2554,3587,8,769,"8 - Langbroek, 1908-1949/8_769/8_769_0001.jpg"
"8 - Langbroek, 1908-1949/8_769/8_769_0002.jpg",722006,2026-03-02T13:03:25Z,,e4f6540fb8273a9e69b763183ac98303,pronom,fmt/43,JPEG File Interchange Format,1.01,image/jpeg,Image (Raster),extension match jpg; byte match at [[0 14] [722004 2]],,2660,3504,8,769,"8 - Langbroek, 1908-1949/8_769/8_769_0002.jpg"
"8 - Langbroek, 1908-1949/8_769/8_769_0003.jpg",8006873,2026-03-02T13:03:25Z,,f9b94e1745fcc8aa4c6263c7d8cb1978,pronom,fmt/43,JPEG File Interchange Format,1.01,image/jpeg,Image (Raster),extension match jpg; byte match at [[0 14] [8006871 2]],,11173,5313,8,769,"8 - Langbroek, 1908-1949/8_769/8_769_0003.jpg"
"8 - Langbroek, 1908-1949/8_770/8_770_0001.jpg",1015534,2026-03-02T13:03:25Z,,1883d90005b18a1c4435cab18240f55e,pronom,fmt/43,JPEG File Interchange Format,1.01,image/jpeg,Image (Raster),extension match jpg; byte match at [[0 14] [1015532 2]],,2510,4030,8,770,"8 - Langbroek, 1908-1949/8_770/8_770_0001.jpg"
"8 - Langbroek, 1908-1949/8_770/8_770_0002.jpg",944557,2026-03-02T13:03:25Z,,4c07b0a10311d93f3a2a5e0ffe5beaf4,pronom,fmt/43,JPEG File Interchange Format,1.01,image/jpeg,Image (Raster),extension match jpg; byte match at [[0 14] [944555 2]],,2466,3998,8,770,"8 - Langbroek, 1908-1949/8_770/8_770_0002.jpg"
"8 - Langbroek, 1908-1949/8_770/8_770_0003.jpg",887350,2026-03-02T13:03:25Z,,ac40c1d310c6448614e7cac8e423f85a,pronom,fmt/43,JPEG File Interchange Format,1.01,image/jpeg,Image (Raster),extension match jpg; byte match at [[0 14] [887348 2]],,2460,4010,8,770,"8 - Langbroek, 1908-1949/8_770/8_770_0003.jpg"
"8 - Langbroek, 1908-1949/8_770/8_770_0004.jpg",1023459,2026-03-02T13:03:25Z,,4c5717161b9f9bb5c55f35c85cc46cf5,pronom,fmt/43,JPEG File Interchange Format,1.01,image/jpeg,Image (Raster),extension match jpg; byte match at [[0 14] [1023457 2]],,2580,3820,8,770,"8 - Langbroek, 1908-1949/8_770/8_770_0004.jpg"
"8 - Langbroek, 1908-1949/8_770/8_770_0005.jpg",850748,2026-03-02T13:03:25Z,,9cd96f92f3fe038dd9314425bf8f2727,pronom,fmt/43,JPEG File Interchange Format,1.01,image/jpeg,Image (Raster),extension match jpg; byte match at [[0 14] [850746 2]],,2472,4002,8,770,"8 - Langbroek, 1908-1949/8_770/8_770_0005.jpg"
"8 - Langbroek, 1908-1949/8_770/8_770_0006.jpg",7739697,2026-03-02T13:03:25Z,,c061c48d0c5d17fbd870290aa7aa7b71,pronom,fmt/43,JPEG File Interchange Format,1.01,image/jpeg,Image (Raster),extension match jpg; byte match at [[0 14] [7739695 2]],,8683,6721,8,770,"8 - Langbroek, 1908-1949/8_770/8_770_0006.jpg"
"8 - Langbroek, 1908-1949/8_770/8_770_0007.jpg",2706376,2026-03-02T13:03:25Z,,8eb557a23921b758efe75002666b8996,pronom,fmt/43,JPEG File Interchange Format,1.01,image/jpeg,Image (Raster),extension match jpg; byte match at [[0 14] [2706374 2]],,8678,6716,8,770,"8 - Langbroek, 1908-1949/8_770/8_770_0007.jpg"
"8 - Langbroek, 1908-1949/8_771/8_771_0001.jpg",607744,2026-03-02T13:03:25Z,,16f820f55a6ef77a6509a2a8711636f3,pronom,fmt/43,JPEG File Interchange Format,1.01,image/jpeg,Image (Raster),extension match jpg; byte match at [[0 14] [607742 2]],,2572,2061,8,771,"8 - Langbroek, 1908-1949/8_771/8_771_0001.jpg"
"8 - Langbroek, 1908-1949/8_771/8_771_0002.jpg",816249,2026-03-02T13:03:25Z,,2feba7318e62fd608f2e5d0e3719f01b,pronom,fmt/43,JPEG File Interchange Format,1.01,image/jpeg,Image (Raster),extension match jpg; byte match at [[0 14] [816247 2]],,2550,3540,8,771,"8 - Langbroek, 1908-1949/8_771/8_771_0002.jpg"
"8 - Langbroek, 1908-1949/8_771/8_771_0003.jpg",7902623,2026-03-02T13:03:26Z,,45d3544484c4261e5f60c4315e4c01cf,pronom,fmt/43,JPEG File Interchange Format,1.01,image/jpeg,Image (Raster),extension match jpg; byte match at [[0 14] [7902621 2]],,10503,5193,8,771,"8 - Langbroek, 1908-1949/8_771/8_771_0003.jpg"
"8 - Langbroek, 1908-1949/8_772/8_772_0001.jpg",973208,2026-03-02T13:03:26Z,,d7db30d75b2b3d7491e92d8f82385fc6,pronom,fmt/43,JPEG File Interchange Format,1.01,image/jpeg,Image (Raster),extension match jpg; byte match at [[0 14] [973206 2]],,2554,3587,8,772,"8 - Langbroek, 1908-1949/8_772/8_772_0001.jpg"
"8 - Langbroek, 1908-1949/8_772/8_772_0002.jpg",868959,2026-03-02T13:03:26Z,,28eebaffe51192bf2e22fb79d9d75297,pronom,fmt/43,JPEG File Interchange Format,1.01,image/jpeg,Image (Raster),extension match jpg; byte match at [[0 14] [868957 2]],,2489,3988,8,772,"8 - Langbroek, 1908-1949/8_772/8_772_0002.jpg"
"8 - Langbroek, 1908-1949/8_772/8_772_0003.jpg",8139207,2026-03-02T13:03:26Z,,d2d1fcf9f869f26807b5496b745867d1,pronom,fmt/43,JPEG File Interchange Format,1.01,image/jpeg,Image (Raster),extension match jpg; byte match at [[0 14] [8139205 2]],,9832,7012,8,772,"8 - Langbroek, 1908-1949/8_772/8_772_0003.jpg"
"8 - Langbroek, 1908-1949/8_772/8_772_0004.jpg",2854635,2026-03-02T13:03:26Z,,5219dc8a9fe9ba1e35d74213cf367649,pronom,fmt/43,JPEG File Interchange Format,1.01,image/jpeg,Image (Raster),extension match jpg; byte match at [[0 14] [2854633 2]],,9833,7011,8,772,"8 - Langbroek, 1908-1949/8_772/8_772_0004.jpg"
"8 - Langbroek, 1908-1949/8_773/8_773_0001.jpg",1013084,2026-03-02T13:03:26Z,,5c24d072da93d424876e02ce1c114dca,pronom,fmt/43,JPEG File Interchange Format,1.01,image/jpeg,Image (Raster),extension match jpg; byte match at [[0 14] [1013082 2]],,2555,3574,8,773,"8 - Langbroek, 1908-1949/8_773/8_773_0001.jpg"
"8 - Langbroek, 1908-1949/8_773/8_773_0002.jpg",1032659,2026-03-02T13:03:26Z,,ef81cf266e649f3063330326422fed07,pronom,fmt/43,JPEG File Interchange Format,1.01,image/jpeg,Image (Raster),extension match jpg; byte match at [[0 14] [1032657 2]],,2695,3500,8,773,"8 - Langbroek, 1908-1949/8_773/8_773_0002.jpg"
"8 - Langbroek, 1908-1949/8_773/8_773_0003.jpg",3715986,2026-03-02T13:03:26Z,,548e12067921e7eb373eabab2d122d9f,pronom,fmt/43,JPEG File Interchange Format,1.01,image/jpeg,Image (Raster),extension match jpg; byte match at [[0 14] [3715984 2]],,8249,5419,8,773,"8 - Langbroek, 1908-1949/8_773/8_773_0003.jpg"
"8 - Langbroek, 1908-1949/8_774/8_774_0001.jpg",1064801,2026-03-02T13:03:26Z,,a017f815a7beb50796e9bc270fa4b16b,pronom,fmt/43,JPEG File Interchange Format,1.01,image/jpeg,Image (Raster),extension match jpg; byte match at [[0 14] [1064799 2]],,2559,3579,8,774,"8 - Langbroek, 1908-1949/8_774/8_774_0001.jpg"
"8 - Langbroek, 1908-1949/8_774/8_774_0002.jpg",736647,2026-03-02T13:03:26Z,,f9756293a49efe222d9418ac29be2ff1,pronom,fmt/43,JPEG File Interchange Format,1.01,image/jpeg,Image (Raster),extension match jpg; byte match at [[0 14] [736645 2]],,2656,3222,8,774,"8 - Langbroek, 1908-1949/8_774/8_774_0002.jpg"
"8 - Langbroek, 1908-1949/8_774/8_774_0003.jpg",5338877,2026-03-02T13:03:26Z,,1a92b2c8df9cbcc179c9a557b3dde6ee,pronom,fmt/43,JPEG File Interchange Format,1.01,image/jpeg,Image (Raster),extension match jpg; byte match at [[0 14] [5338875 2]],,7423,4907,8,774,"8 - Langbroek, 1908-1949/8_774/8_774_0003.jpg"
"8 - Langbroek, 1908-1949/8_774/8_774_0004.jpg",952100,2026-03-02T13:03:26Z,,31cca79dcf921f47cfd42cb46f75c7be,pronom,fmt/43,JPEG File Interchange Format,1.01,image/jpeg,Image (Raster),extension match jpg; byte match at [[0 14] [952098 2]],,2666,4109,8,774,"8 - Langbroek, 1908-1949/8_774/8_774_0004.jpg"
"8 - Langbroek, 1908-1949/8_775/8_775_0001.jpg",964973,2026-03-02T13:03:26Z,,9925830ddbb7ad468da42a9fff86f816,pronom,fmt/43,JPEG File Interchange Format,1.01,image/jpeg,Image (Raster),extension match jpg; byte match at [[0 14] [964971 2]],,2484,3999,8,775,"8 - Langbroek, 1908-1949/8_775/8_775_0001.jpg"
"8 - Langbroek, 1908-1949/8_775/8_775_0002.jpg",991678,2026-03-02T13:03:26Z,,a2407dcd0738f99becdab2f15428fd94,pronom,fmt/43,JPEG File Interchange Format,1.01,image/jpeg,Image (Raster),extension match jpg; byte match at [[0 14] [991676 2]],,2486,4001,8,775,"8 - Langbroek, 1908-1949/8_775/8_775_0002.jpg"
"8 - Langbroek, 1908-1949/8_775/8_775_0003.jpg",8636579,2026-03-02T13:03:26Z,,de2c33cdb4bfbcca009461f039eb57f5,pronom,fmt/43,JPEG File Interchange Format,1.01,image/jpeg,Image (Raster),extension match jpg; byte match at [[0 14] [8636577 2]],,8127,6431,8,775,"8 - Langbroek, 1908-1949/8_775/8_775_0003.jpg"
"8 - Langbroek, 1908-1949/8_775/8_775_0004.jpg",2390962,2026-03-02T13:03:26Z,,d373fd09715354ed2d3fc8beb4141040,pronom,fmt/43,JPEG File Interchange Format,1.01,image/jpeg,Image (Raster),extension match jpg; byte match at [[0 14] [2390960 2]],,8130,6430,8,775,"8 - Langbroek, 1908-1949/8_775/8_775_0004.jpg"
"8 - Langbroek, 1908-1949/8_775/8_775_0005.jpg",1054367,2026-03-02T13:03:26Z,,332cfa7210370d4024d5f2d57c4cf0c2,pronom,fmt/43,JPEG File Interchange Format,1.01,image/jpeg,Image (Raster),extension match jpg; byte match at [[0 14] [1054365 2]],,2567,4008,8,775,"8 - Langbroek, 1908-1949/8_775/8_775_0005.jpg"
"8 - Langbroek, 1908-1949/8_775/8_775_0006.jpg",1000399,2026-03-02T13:03:26Z,,da9ceee1c03a5229f7500a4b8ac0b9ba,pronom,fmt/43,JPEG File Interchange Format,1.01,image/jpeg,Image (Raster),extension match jpg; byte match at [[0 14] [1000397 2]],,2564,4001,8,775,"8 - Langbroek, 1908-1949/8_775/8_775_0006.jpg"
"8 - Langbroek, 1908-1949/8_775/8_775_0007.jpg",1254408,2026-03-02T13:03:26Z,,434960a758a2dbe368c1ea7fecb6f07a,pronom,fmt/43,JPEG File Interchange Format,1.01,image/jpeg,Image (Raster),extension match jpg; byte match at [[0 14] [1254406 2]],,2761,3491,8,775,"8 - Langbroek, 1908-1949/8_775/8_775_0007.jpg"
"8 - Langbroek, 1908-1949/8_775/8_775_0008.jpg",875696,2026-03-02T13:03:26Z,,7dbead12b27c84883ac5a27b3ab5ee14,pronom,fmt/43,JPEG File Interchange Format,1.01,image/jpeg,Image (Raster),extension match jpg; byte match at [[0 14] [875694 2]],,2479,3989,8,775,"8 - Langbroek, 1908-1949/8_775/8_775_0008.jpg"
"8 - Langbroek, 1908-1949/8_776/8_776_0001.jpg",418015,2026-03-02T13:03:26Z,,6f7c025ba962ccf78b53457bdb669a07,pronom,fmt/43,JPEG File Interchange Format,1.01,image/jpeg,Image (Raster),extension match jpg; byte match at [[0 14] [418013 2]],,1869,2583,8,776,"8 - Langbroek, 1908-1949/8_776/8_776_0001.jpg"
"8 - Langbroek, 1908-1949/8_776/8_776_0002.jpg",399165,2026-03-02T13:03:26Z,,1a7386b32aed189c796d31c3d13df1e1,pronom,fmt/43,JPEG File Interchange Format,1.01,image/jpeg,Image (Raster),extension match jpg; byte match at [[0 14] [399163 2]],,1867,2590,8,776,"8 - Langbroek, 1908-1949/8_776/8_776_0002.jpg"
"8 - Langbroek, 1908-1949/8_776/8_776_0003.jpg",784198,2026-03-02T13:03:26Z,,38c8c742296370d078f0a2a72a93d57b,pronom,fmt/43,JPEG File Interchange Format,1.01,image/jpeg,Image (Raster),extension match jpg; byte match at [[0 14] [784196 2]],,2461,3351,8,776,"8 - Langbroek, 1908-1949/8_776/8_776_0003.jpg"
"8 - Langbroek, 1908-1949/8_776/8_776_0004.jpg",699694,2026-03-02T13:03:26Z,,470a8f2202c4f7b497b92e70a155a68b,pronom,fmt/43,JPEG File Interchange Format,1.01,image/jpeg,Image (Raster),extension match jpg; byte match at [[0 14] [699692 2]],,2583,3151,8,776,"8 - Langbroek, 1908-1949/8_776/8_776_0004.jpg"
"8 - Langbroek, 1908-1949/8_776/8_776_0005.jpg",728970,2026-03-02T13:03:26Z,,5d08fe05701cbf103cd5559ddde9d385,pronom,fmt/43,JPEG File Interchange Format,1.01,image/jpeg,Image (Raster),extension match jpg; byte match at [[0 14] [728968 2]],,2586,3150,8,776,"8 - Langbroek, 1908-1949/8_776/8_776_0005.jpg"
"8 - Langbroek, 1908-1949/8_776/8_776_0006.jpg",372232,2026-03-02T13:03:26Z,,908e018a7de14e1558cb139969d7bf62,pronom,fmt/43,JPEG File Interchange Format,1.01,image/jpeg,Image (Raster),extension match jpg; byte match at [[0 14] [372230 2]],,1645,2123,8,776,"8 - Langbroek, 1908-1949/8_776/8_776_0006.jpg"
"8 - Langbroek, 1908-1949/8_777/8_777_0001.jpg",1008230,2026-03-02T13:03:26Z,,53838bfa60e1f81ca5fefd8db1ad01ae,pronom,fmt/43,JPEG File Interchange Format,1.01,image/jpeg,Image (Raster),extension match jpg; byte match at [[0 14] [1008228 2]],,2545,3591,8,777,"8 - Langbroek, 1908-1949/8_777/8_777_0001.jpg"
"8 - Langbroek, 1908-1949/8_777/8_777_0002.jpg",707817,2026-03-02T13:03:26Z,,b797db2c1f2c528f674064f7bb618d64,pronom,fmt/43,JPEG File Interchange Format,1.01,image/jpeg,Image (Raster),extension match jpg; byte match at [[0 14] [707815 2]],,2570,3220,8,777,"8 - Langbroek, 1908-1949/8_777/8_777_0002.jpg"
"8 - Langbroek, 1908-1949/8_777/8_777_0003.jpg",2753056,2026-03-02T13:03:26Z,,1e32ef280e4cb1329fe5aca3466e140a,pronom,fmt/43,JPEG File Interchange Format,1.01,image/jpeg,Image (Raster),extension match jpg; byte match at [[0 14] [2753054 2]],,5713,3920,8,777,"8 - Langbroek, 1908-1949/8_777/8_777_0003.jpg"
"8 - Langbroek, 1908-1949/8_778/8_778_0001.jpg",943315,2026-03-02T13:03:26Z,,d13c448ab2aae7ab0fd3eca0efa8c08c,pronom,fmt/43,JPEG File Interchange Format,1.01,image/jpeg,Image (Raster),extension match jpg; byte match at [[0 14] [943313 2]],,2582,3629,8,778,"8 - Langbroek, 1908-1949/8_778/8_778_0001.jpg"
"8 - Langbroek, 1908-1949/8_778/8_778_0002.jpg",666994,2026-03-02T13:03:26Z,,c3c86f4b57775719eefe02526ff00ac5,pronom,fmt/43,JPEG File Interchange Format,1.01,image/jpeg,Image (Raster),extension match jpg; byte match at [[0 14] [666992 2]],,2589,2819,8,778,"8 - Langbroek, 1908-1949/8_778/8_778_0002.jpg"
"8 - Langbroek, 1908-1949/8_778/8_778_0003.jpg",1734889,2026-03-02T13:03:26Z,,ef090ba5ffb6c8d4be354fc5f6e21ddf,pronom,fmt/43,JPEG File Interchange Format,1.01,image/jpeg,Image (Raster),extension match jpg; byte match at [[0 14] [1734887 2]],,4079,2800,8,778,"8 - Langbroek, 1908-1949/8_778/8_778_0003.jpg"
"8 - Langbroek, 1908-1949/8_778/8_778_0004.jpg",1665171,2026-03-02T13:03:26Z,,04b9e6aafa524d4e8a2eaad52754d621,pronom,fmt/43,JPEG File Interchange Format,1.01,image/jpeg,Image (Raster),extension match jpg; byte match at [[0 14] [1665169 2]],,4073,2791,8,778,"8 - Langbroek, 1908-1949/8_778/8_778_0004.jpg"
"8 - Langbroek, 1908-1949/8_779/8_779_0001.jpg",560382,2026-03-02T13:03:26Z,,65cbb566c0c6ebccdc344b773b408505,pronom,fmt/43,JPEG File Interchange Format,1.01,image/jpeg,Image (Raster),extension match jpg; byte match at [[0 14] [560380 2]],,2528,1855,8,779,"8 - Langbroek, 1908-1949/8_779/8_779_0001.jpg"
"8 - Langbroek, 1908-1949/8_779/8_779_0002.jpg",773234,2026-03-02T13:03:26Z,,f843225f0efb07d28f0acefba40a110f,pronom,fmt/43,JPEG File Interchange Format,1.01,image/jpeg,Image (Raster),extension match jpg; byte match at [[0 14] [773232 2]],,2783,3383,8,779,"8 - Langbroek, 1908-1949/8_779/8_779_0002.jpg"
"8 - Langbroek, 1908-1949/8_779/8_779_0003.jpg",857185,2026-03-02T13:03:26Z,,45eb9bb84118d67293feb6773fe7830a,pronom,fmt/43,JPEG File Interchange Format,1.01,image/jpeg,Image (Raster),extension match jpg; byte match at [[0 14] [857183 2]],,2780,3380,8,779,"8 - Langbroek, 1908-1949/8_779/8_779_0003.jpg"
"8 - Langbroek, 1908-1949/8_779/8_779_0004.jpg",3210693,2026-03-02T13:03:26Z,,a5e59d35339677d36869f8d0ea16fc2c,pronom,fmt/43,JPEG File Interchange Format,1.01,image/jpeg,Image (Raster),extension match jpg; byte match at [[0 14] [3210691 2]],,4990,3805,8,779,"8 - Langbroek, 1908-1949/8_779/8_779_0004.jpg"
"8 - Langbroek, 1908-1949/8_779/8_779_0005.jpg",1379385,2026-03-02T13:03:26Z,,7b2867430b886d19ce55b6f5304d58a9,pronom,fmt/43,JPEG File Interchange Format,1.01,image/jpeg,Image (Raster),extension match jpg; byte match at [[0 14] [1379383 2]],,4992,3802,8,779,"8 - Langbroek, 1908-1949/8_779/8_779_0005.jpg"
"8 - Langbroek, 1908-1949/8_780/8_780_0001.jpg",6510186,2026-03-02T13:03:26Z,,7ce680d3001500e6e9f621aa54465b2d,pronom,fmt/43,JPEG File Interchange Format,1.01,image/jpeg,Image (Raster),extension match jpg; byte match at [[0 14] [6510184 2]],,7159,5009,8,780,"8 - Langbroek, 1908-1949/8_780/8_780_0001.jpg"
"8 - Langbroek, 1908-1949/8_780/8_780_0002.jpg",698066,2026-03-02T13:03:26Z,,d9e3edec90e9db3cacdb85dd022158a6,pronom,fmt/43,JPEG File Interchange Format,1.01,image/jpeg,Image (Raster),extension match jpg; byte match at [[0 14] [698064 2]],,2494,2499,8,780,"8 - Langbroek, 1908-1949/8_780/8_780_0002.jpg"
"8 - Langbroek, 1908-1949/8_780/8_780_0003.jpg",1054366,2026-03-02T13:03:26Z,,edfc9b6e6157abfb1ff067a51838382e,pronom,fmt/43,JPEG File Interchange Format,1.01,image/jpeg,Image (Raster),extension match jpg; byte match at [[0 14] [1054364 2]],,2555,3591,8,780,"8 - Langbroek, 1908-1949/8_780/8_780_0003.jpg"
"8 - Langbroek, 1908-1949/8_781/8_781_0001.jpg",941269,2026-03-02T13:03:27Z,,d4352d1cab2b1f439a2ba95864bed61d,pronom,fmt/43,JPEG File Interchange Format,1.01,image/jpeg,Image (Raster),extension match jpg; byte match at [[0 14] [941267 2]],,2555,3590,8,781,"8 - Langbroek, 1908-1949/8_781/8_781_0001.jpg"
"8 - Langbroek, 1908-1949/8_781/8_781_0002.jpg",499210,2026-03-02T13:03:27Z,,10211ab9e3c9b1d7f5f818d85420c97a,pronom,fmt/43,JPEG File Interchange Format,1.01,image/jpeg,Image (Raster),extension match jpg; byte match at [[0 14] [499208 2]],,1695,2676,8,781,"8 - Langbroek, 1908-1949/8_781/8_781_0002.jpg"
"8 - Langbroek, 1908-1949/8_781/8_781_0003.jpg",2964867,2026-03-02T13:03:27Z,,ff1915f69c21d30ba7933478841b046f,pronom,fmt/43,JPEG File Interchange Format,1.01,image/jpeg,Image (Raster),extension match jpg; byte match at [[0 14] [2964865 2]],,5070,3810,8,781,"8 - Langbroek, 1908-1949/8_781/8_781_0003.jpg"
"8 - Langbroek, 1908-1949/8_781/8_781_0004.jpg",446000,2026-03-02T13:03:27Z,,84e07e0dccb0a740e57c7a315f62093e,pronom,fmt/43,JPEG File Interchange Format,1.01,image/jpeg,Image (Raster),extension match jpg; byte match at [[0 14] [445998 2]],,1640,2584,8,781,"8 - Langbroek, 1908-1949/8_781/8_781_0004.jpg"
"8 - Langbroek, 1908-1949/8_782/8_782_0001.jpg",986027,2026-03-02T13:03:27Z,,ee1728081f7f18955e676dbddc9edacc,pronom,fmt/43,JPEG File Interchange Format,1.01,image/jpeg,Image (Raster),extension match jpg; byte match at [[0 14] [986025 2]],,2625,3203,8,782,"8 - Langbroek, 1908-1949/8_782/8_782_0001.jpg"
"8 - Langbroek, 1908-1949/8_782/8_782_0002.jpg",962704,2026-03-02T13:03:27Z,,130569abd9d94798832ff4bc96f11fc2,pronom,fmt/43,JPEG File Interchange Format,1.01,image/jpeg,Image (Raster),extension match jpg; byte match at [[0 14] [962702 2]],,2551,3586,8,782,"8 - Langbroek, 1908-1949/8_782/8_782_0002.jpg"
"8 - Langbroek, 1908-1949/8_782/8_782_0003.jpg",5394450,2026-03-02T13:03:27Z,,7d9cc0ee581aed924d16f47a041e7086,pronom,fmt/43,JPEG File Interchange Format,1.01,image/jpeg,Image (Raster),extension match jpg; byte match at [[0 14] [5394448 2]],,6047,4446,8,782,"8 - Langbroek, 1908-1949/8_782/8_782_0003.jpg"
"8 - Langbroek, 1908-1949/8_783/8_783_0001.jpg",984707,2026-03-02T13:03:27Z,,04b05538a4d9334ea962d5376a2bcfc4,pronom,fmt/43,JPEG File Interchange Format,1.01,image/jpeg,Image (Raster),extension match jpg; byte match at [[0 14] [984705 2]],,2555,3594,8,783,"8 - Langbroek, 1908-1949/8_783/8_783_0001.jpg"
"8 - Langbroek, 1908-1949/8_783/8_783_0002.jpg",875336,2026-03-02T13:03:27Z,,9eec0c55954b161f5418506a5e283eab,pronom,fmt/43,JPEG File Interchange Format,1.01,image/jpeg,Image (Raster),extension match jpg; byte match at [[0 14] [875334 2]],,2576,3106,8,783,"8 - Langbroek, 1908-1949/8_783/8_783_0002.jpg"
"8 - Langbroek, 1908-1949/8_783/8_783_0003.jpg",5825627,2026-03-02T13:03:27Z,,cd0b982313d2016d5c88d71ebb45d4bb,pronom,fmt/43,JPEG File Interchange Format,1.01,image/jpeg,Image (Raster),extension match jpg; byte match at [[0 14] [5825625 2]],,7181,5440,8,783,"8 - Langbroek, 1908-1949/8_783/8_783_0003.jpg"
"8 - Langbroek, 1908-1949/8_784/8_784_0001.jpg",1000559,2026-03-02T13:03:27Z,,a44cdbbcb5cb9f5d814761eafb9f2269,pronom,fmt/43,JPEG File Interchange Format,1.01,image/jpeg,Image (Raster),extension match jpg; byte match at [[0 14] [1000557 2]],,2538,3558,8,784,"8 - Langbroek, 1908-1949/8_784/8_784_0001.jpg"
"8 - Langbroek, 1908-1949/8_784/8_784_0002.jpg",957707,2026-03-02T13:03:27Z,,f471ee25c9545e40755784975d27928a,pronom,fmt/43,JPEG File Interchange Format,1.01,image/jpeg,Image (Raster),extension match jpg; byte match at [[0 14] [957705 2]],,2566,3124,8,784,"8 - Langbroek, 1908-1949/8_784/8_784_0002.jpg"
"8 - Langbroek, 1908-1949/8_784/8_784_0003.jpg",5512362,2026-03-02T13:03:27Z,,00527eac06c48808774e3cff21300db4,pronom,fmt/43,JPEG File Interchange Format,1.01,image/jpeg,Image (Raster),extension match jpg; byte match at [[0 14] [5512360 2]],,6060,5380,8,784,"8 - Langbroek, 1908-1949/8_784/8_784_0003.jpg"
"8 - Langbroek, 1908-1949/8_784/8_784_0004.jpg",2219233,2026-03-02T13:03:27Z,,f14777f23753b4e8813eb87b7c724f9d,pronom,fmt/43,JPEG File Interchange Format,1.01,image/jpeg,Image (Raster),extension match jpg; byte match at [[0 14] [2219231 2]],,5374,6058,8,784,"8 - Langbroek, 1908-1949/8_784/8_784_0004.jpg"
"8 - Langbroek, 1908-1949/8_785/8_785_0001.jpg",1163690,2026-03-02T13:03:27Z,,bb9588a9d0332460e744b59b731131c8,pronom,fmt/43,JPEG File Interchange Format,1.01,image/jpeg,Image (Raster),extension match jpg; byte match at [[0 14] [1163688 2]],,2549,3570,8,785,"8 - Langbroek, 1908-1949/8_785/8_785_0001.jpg"
"8 - Langbroek, 1908-1949/8_785/8_785_0002.jpg",996862,2026-03-02T13:03:27Z,,60ea497acc3d353f456e507e5722bfd4,pronom,fmt/43,JPEG File Interchange Format,1.01,image/jpeg,Image (Raster),extension match jpg; byte match at [[0 14] [996860 2]],,2549,3567,8,785,"8 - Langbroek, 1908-1949/8_785/8_785_0002.jpg"
"8 - Langbroek, 1908-1949/8_785/8_785_0003.jpg",885630,2026-03-02T13:03:27Z,,f52c41f349884005e029473b2255fc18,pronom,fmt/43,JPEG File Interchange Format,1.01,image/jpeg,Image (Raster),extension match jpg; byte match at [[0 14] [885628 2]],,2565,3563,8,785,"8 - Langbroek, 1908-1949/8_785/8_785_0003.jpg"
"8 - Langbroek, 1908-1949/8_785/8_785_0004.jpg",1680840,2026-03-02T13:03:27Z,,a6fa39f3df522097137f2d348ff5c7a2,pronom,fmt/43,JPEG File Interchange Format,1.01,image/jpeg,Image (Raster),extension match jpg; byte match at [[0 14] [1680838 2]],,5000,3560,8,785,"8 - Langbroek, 1908-1949/8_785/8_785_0004.jpg"
"8 - Langbroek, 1908-1949/8_785/8_785_0005.jpg",835153,2026-03-02T13:03:27Z,,62967618e50ecd15597fd59a8ce0a8f5,pronom,fmt/43,JPEG File Interchange Format,1.01,image/jpeg,Image (Raster),extension match jpg; byte match at [[0 14] [835151 2]],,2561,3561,8,785,"8 - Langbroek, 1908-1949/8_785/8_785_0005.jpg"
"8 - Langbroek, 1908-1949/8_785/8_785_0006.jpg",3877740,2026-03-02T13:03:27Z,,48a4607f2e2a4308758b8fd254dc2b03,pronom,fmt/43,JPEG File Interchange Format,1.01,image/jpeg,Image (Raster),extension match jpg; byte match at [[0 14] [3877738 2]],,8080,5170,8,785,"8 - Langbroek, 1908-1949/8_785/8_785_0006.jpg"
"8 - Langbroek, 1908-1949/8_786/8_786_0001.jpg",597738,2026-03-02T13:03:27Z,,39ce21b54490399555503334a64fe7dc,pronom,fmt/43,JPEG File Interchange Format,1.01,image/jpeg,Image (Raster),extension match jpg; byte match at [[0 14] [597736 2]],,2540,1850,8,786,"8 - Langbroek, 1908-1949/8_786/8_786_0001.jpg"
"8 - Langbroek, 1908-1949/8_786/8_786_0002.jpg",555296,2026-03-02T13:03:27Z,,6bb3494d276234c3970f33998a97b162,pronom,fmt/43,JPEG File Interchange Format,1.01,image/jpeg,Image (Raster),extension match jpg; byte match at [[0 14] [555294 2]],,2543,1852,8,786,"8 - Langbroek, 1908-1949/8_786/8_786_0002.jpg"
"8 - Langbroek, 1908-1949/8_786/8_786_0003.jpg",7536524,2026-03-02T13:03:27Z,,2b85680b15a6da937e58f8e944dbf63f,pronom,fmt/43,JPEG File Interchange Format,1.01,image/jpeg,Image (Raster),extension match jpg; byte match at [[0 14] [7536522 2]],,8029,5230,8,786,"8 - Langbroek, 1908-1949/8_786/8_786_0003.jpg"
"8 - Langbroek, 1908-1949/8_786/8_786_0004.jpg",3235718,2026-03-02T13:03:27Z,,8e53a8a62c360114f1cec70ecf30c064,pronom,fmt/43,JPEG File Interchange Format,1.01,image/jpeg,Image (Raster),extension match jpg; byte match at [[0 14] [3235716 2]],,8029,5235,8,786,"8 - Langbroek, 1908-1949/8_786/8_786_0004.jpg"
"8 - Langbroek, 1908-1949/8_787/8_787_0001.jpg",1207775,2026-03-02T13:03:27Z,,5678e23bcb787cf000e4e304edbd7381,pronom,fmt/43,JPEG File Interchange Format,1.01,image/jpeg,Image (Raster),extension match jpg; byte match at [[0 14] [1207773 2]],,2533,3577,8,787,"8 - Langbroek, 1908-1949/8_787/8_787_0001.jpg"
"8 - Langbroek, 1908-1949/8_787/8_787_0002.jpg",1106848,2026-03-02T13:03:27Z,,32a3f9a2bad3c0f05069c6226de4921a,pronom,fmt/43,JPEG File Interchange Format,1.01,image/jpeg,Image (Raster),extension match jpg; byte match at [[0 14] [1106846 2]],,2547,3567,8,787,"8 - Langbroek, 1908-1949/8_787/8_787_0002.jpg"
"8 - Langbroek, 1908-1949/8_787/8_787_0003.jpg",470799,2026-03-02T13:03:27Z,,9a2cc6ece7ea1e1845e0537645ce1160,pronom,fmt/43,JPEG File Interchange Format,1.01,image/jpeg,Image (Raster),extension match jpg; byte match at [[0 14] [470797 2]],,2674,1731,8,787,"8 - Langbroek, 1908-1949/8_787/8_787_0003.jpg"
"8 - Langbroek, 1908-1949/8_787/8_787_0004.jpg",773758,2026-03-02T13:03:27Z,,3e12a3bd70782f51a4d80b4243b88034,pronom,fmt/43,JPEG File Interchange Format,1.01,image/jpeg,Image (Raster),extension match jpg; byte match at [[0 14] [773756 2]],,2620,3375,8,787,"8 - Langbroek, 1908-1949/8_787/8_787_0004.jpg"
"8 - Langbroek, 1908-1949/8_788/8_788_0001.jpg",432163,2026-03-02T13:03:27Z,,74467d441c56330cfd4bbfad8c4e1025,pronom,fmt/43,JPEG File Interchange Format,1.01,image/jpeg,Image (Raster),extension match jpg; byte match at [[0 14] [432161 2]],,2675,1731,8,788,"8 - Langbroek, 1908-1949/8_788/8_788_0001.jpg"
"8 - Langbroek, 1908-1949/8_788/8_788_0002.jpg",1201362,2026-03-02T13:03:27Z,,39ea7b57e3f67278e5b984aed1c5fb59,pronom,fmt/43,JPEG File Interchange Format,1.01,image/jpeg,Image (Raster),extension match jpg; byte match at [[0 14] [1201360 2]],,2520,3580,8,788,"8 - Langbroek, 1908-1949/8_788/8_788_0002.jpg"
"8 - Langbroek, 1908-1949/8_788/8_788_0003.jpg",2653982,2026-03-02T13:03:27Z,,e49d0265161009322752bc8e6cfdf1ac,pronom,fmt/43,JPEG File Interchange Format,1.01,image/jpeg,Image (Raster),extension match jpg; byte match at [[0 14] [2653980 2]],,6886,3577,8,788,"8 - Langbroek, 1908-1949/8_788/8_788_0003.jpg"
"8 - Langbroek, 1908-1949/8_788/8_788_0004.jpg",2058850,2026-03-02T13:03:27Z,,a3d64e6865f844a79dd47e475538269a,pronom,fmt/43,JPEG File Interchange Format,1.01,image/jpeg,Image (Raster),extension match jpg; byte match at [[0 14] [2058848 2]],,6890,3570,8,788,"8 - Langbroek, 1908-1949/8_788/8_788_0004.jpg"
"8 - Langbroek, 1908-1949/8_788/8_788_0005.jpg",3853107,2026-03-02T13:03:27Z,,60de678e3f17521d7d736a27d269545b,pronom,fmt/43,JPEG File Interchange Format,1.01,image/jpeg,Image (Raster),extension match jpg; byte match at [[0 14] [3853105 2]],,6954,5714,8,788,"8 - Langbroek, 1908-1949/8_788/8_788_0005.jpg"
"8 - Langbroek, 1908-1949/8_788/8_788_0006.jpg",3103752,2026-03-02T13:03:28Z,,8e47f818a29305cb7c82e5d9eb450b64,pronom,fmt/43,JPEG File Interchange Format,1.01,image/jpeg,Image (Raster),extension match jpg; byte match at [[0 14] [3103750 2]],,6953,5713,8,788,"8 - Langbroek, 1908-1949/8_788/8_788_0006.jpg"
"8 - Langbroek, 1908-1949/8_788/8_788_0007.jpg",2477268,2026-03-02T13:03:28Z,,cb82c45611e1c939151e51d352c8b0f3,pronom,fmt/43,JPEG File Interchange Format,1.01,image/jpeg,Image (Raster),extension match jpg; byte match at [[0 14] [2477266 2]],,7440,3780,8,788,"8 - Langbroek, 1908-1949/8_788/8_788_0007.jpg"
"8 - Langbroek, 1908-1949/8_788/8_788_0008.jpg",2233008,2026-03-02T13:03:28Z,,9bdb5f91cbb544e07e61d5d363bea66b,pronom,fmt/43,JPEG File Interchange Format,1.01,image/jpeg,Image (Raster),extension match jpg; byte match at [[0 14] [2233006 2]],,7454,3780,8,788,"8 - Langbroek, 1908-1949/8_788/8_788_0008.jpg"
"8 - Langbroek, 1908-1949/8_789/8_789_0001.jpg",822457,2026-03-02T13:03:28Z,,8872b758b48bfb49dbd90f511a4b8449,pronom,fmt/43,JPEG File Interchange Format,1.01,image/jpeg,Image (Raster),extension match jpg; byte match at [[0 14] [822455 2]],,2519,4029,8,789,"8 - Langbroek, 1908-1949/8_789/8_789_0001.jpg"
"8 - Langbroek, 1908-1949/8_789/8_789_0002.jpg",4824509,2026-03-02T13:03:28Z,,cd4b820965e2d5ffb67766e913979d83,pronom,fmt/43,JPEG File Interchange Format,1.01,image/jpeg,Image (Raster),extension match jpg; byte match at [[0 14] [4824507 2]],,6090,5081,8,789,"8 - Langbroek, 1908-1949/8_789/8_789_0002.jpg"
"8 - Langbroek, 1908-1949/8_789/8_789_0003.jpg",905544,2026-03-02T13:03:28Z,,2259510c95c5722cbabff1fab32c75ed,pronom,fmt/43,JPEG File Interchange Format,1.01,image/jpeg,Image (Raster),extension match jpg; byte match at [[0 14] [905542 2]],,2608,2854,8,789,"8 - Langbroek, 1908-1949/8_789/8_789_0003.jpg"
"8 - Langbroek, 1908-1949/8_790/8_790_0001.jpg",567618,2026-03-02T13:03:28Z,,e54f4ed4d0ae973eadd9779b3d4bccd8,pronom,fmt/43,JPEG File Interchange Format,1.01,image/jpeg,Image (Raster),extension match jpg; byte match at [[0 14] [567616 2]],,2540,1860,8,790,"8 - Langbroek, 1908-1949/8_790/8_790_0001.jpg"
"8 - Langbroek, 1908-1949/8_790/8_790_0002.jpg",3207022,2026-03-02T13:03:28Z,,421dd74b7926d4ab2ef5aa8de0ab7423,pronom,fmt/43,JPEG File Interchange Format,1.01,image/jpeg,Image (Raster),extension match jpg; byte match at [[0 14] [3207020 2]],,5176,4621,8,790,"8 - Langbroek, 1908-1949/8_790/8_790_0002.jpg"
"8 - Langbroek, 1908-1949/8_791/8_791_0001.jpg",1012273,2026-03-02T13:03:28Z,,da310e0af660a91ad814e49f56f25a2f,pronom,fmt/43,JPEG File Interchange Format,1.01,image/jpeg,Image (Raster),extension match jpg; byte match at [[0 14] [1012271 2]],,2540,3580,8,791,"8 - Langbroek, 1908-1949/8_791/8_791_0001.jpg"
"8 - Langbroek, 1908-1949/8_791/8_791_0002.jpg",885086,2026-03-02T13:03:28Z,,6a4f37b7022b0a17fcaa3c7c58e3d203,pronom,fmt/43,JPEG File Interchange Format,1.01,image/jpeg,Image (Raster),extension match jpg; byte match at [[0 14] [885084 2]],,2522,3148,8,791,"8 - Langbroek, 1908-1949/8_791/8_791_0002.jpg"
"8 - Langbroek, 1908-1949/8_791/8_791_0003.jpg",1870901,2026-03-02T13:03:28Z,,8425821249ea2ad4eb4e1478b2a8f1ea,pronom,fmt/43,JPEG File Interchange Format,1.01,image/jpeg,Image (Raster),extension match jpg; byte match at [[0 14] [1870899 2]],,5976,3889,8,791,"8 - Langbroek, 1908-1949/8_791/8_791_0003.jpg"
"8 - Langbroek, 1908-1949/8_792/8_792_0001.jpg",989584,2026-03-02T13:03:28Z,,4c506e1a335929974b7b29d7823ff099,pronom,fmt/43,JPEG File Interchange Format,1.01,image/jpeg,Image (Raster),extension match jpg; byte match at [[0 14] [989582 2]],,2552,3587,8,792,"8 - Langbroek, 1908-1949/8_792/8_792_0001.jpg"
"8 - Langbroek, 1908-1949/8_792/8_792_0002.jpg",969748,2026-03-02T13:03:28Z,,7e46c1c12b7cbc071a914990f23de5c5,pronom,fmt/43,JPEG File Interchange Format,1.01,image/jpeg,Image (Raster),extension match jpg; byte match at [[0 14] [969746 2]],,2683,4081,8,792,"8 - Langbroek, 1908-1949/8_792/8_792_0002.jpg"
"8 - Langbroek, 1908-1949/8_792/8_792_0003.jpg",1914586,2026-03-02T13:03:28Z,,66b45a38a2179b4b7d254a5320d421aa,pronom,fmt/43,JPEG File Interchange Format,1.01,image/jpeg,Image (Raster),extension match jpg; byte match at [[0 14] [1914584 2]],,5240,4080,8,792,"8 - Langbroek, 1908-1949/8_792/8_792_0003.jpg"
"8 - Langbroek, 1908-1949/8_792/8_792_0004.jpg",887639,2026-03-02T13:03:28Z,,c05afd524df6a1b72efb803d1eca022c,pronom,fmt/43,JPEG File Interchange Format,1.01,image/jpeg,Image (Raster),extension match jpg; byte match at [[0 14] [887637 2]],,2680,4083,8,792,"8 - Langbroek, 1908-1949/8_792/8_792_0004.jpg"
"8 - Langbroek, 1908-1949/8_792/8_792_0005.jpg",5102081,2026-03-02T13:03:28Z,,bb86356d611b64fc41002c537637908d,pronom,fmt/43,JPEG File Interchange Format,1.01,image/jpeg,Image (Raster),extension match jpg; byte match at [[0 14] [5102079 2]],,6049,6293,8,792,"8 - Langbroek, 1908-1949/8_792/8_792_0005.jpg"
"8 - Langbroek, 1908-1949/8_793/8_793_0001.jpg",902890,2026-03-02T13:03:28Z,,460b0eed72c1aa3fbf5bb76beadf035b,pronom,fmt/43,JPEG File Interchange Format,1.01,image/jpeg,Image (Raster),extension match jpg; byte match at [[0 14] [902888 2]],,2573,3402,8,793,"8 - Langbroek, 1908-1949/8_793/8_793_0001.jpg"
"8 - Langbroek, 1908-1949/8_793/8_793_0002.jpg",2084171,2026-03-02T13:03:28Z,,a86dbe169ea74756b5cdc39edffc3aac,pronom,fmt/43,JPEG File Interchange Format,1.01,image/jpeg,Image (Raster),extension match jpg; byte match at [[0 14] [2084169 2]],,4120,3418,8,793,"8 - Langbroek, 1908-1949/8_793/8_793_0002.jpg"
"8 - Langbroek, 1908-1949/8_793/8_793_0003.jpg",732597,2026-03-02T13:03:28Z,,39c7b1747b789cf7eca38c88ea51d067,pronom,fmt/43,JPEG File Interchange Format,1.01,image/jpeg,Image (Raster),extension match jpg; byte match at [[0 14] [732595 2]],,2579,3234,8,793,"8 - Langbroek, 1908-1949/8_793/8_793_0003.jpg"
"8 - Langbroek, 1908-1949/8_794/8_794_0001.jpg",628258,2026-03-02T13:03:28Z,,22a38806c451096d661d5c78f80c3fc7,pronom,fmt/43,JPEG File Interchange Format,1.01,image/jpeg,Image (Raster),extension match jpg; byte match at [[0 14] [628256 2]],,2488,2848,8,794,"8 - Langbroek, 1908-1949/8_794/8_794_0001.jpg"
"8 - Langbroek, 1908-1949/8_794/8_794_0002.jpg",997245,2026-03-02T13:03:28Z,,0010ac98d724f09a74b287b59c410d28,pronom,fmt/43,JPEG File Interchange Format,1.01,image/jpeg,Image (Raster),extension match jpg; byte match at [[0 14] [997243 2]],,2660,3217,8,794,"8 - Langbroek, 1908-1949/8_794/8_794_0002.jpg"
"8 - Langbroek, 1908-1949/8_794/8_794_0003.jpg",511787,2026-03-02T13:03:28Z,,259eea4e0207c98ed08ba0047232b12e,pronom,fmt/43,JPEG File Interchange Format,1.01,image/jpeg,Image (Raster),extension match jpg; byte match at [[0 14] [511785 2]],,2581,2061,8,794,"8 - Langbroek, 1908-1949/8_794/8_794_0003.jpg"
"8 - Langbroek, 1908-1949/8_794/8_794_0004.jpg",946238,2026-03-02T13:03:28Z,,6cd4626ad053560c134c22f5743c94fe,pronom,fmt/43,JPEG File Interchange Format,1.01,image/jpeg,Image (Raster),extension match jpg; byte match at [[0 14] [946236 2]],,2658,3071,8,794,"8 - Langbroek, 1908-1949/8_794/8_794_0004.jpg"
"8 - Langbroek, 1908-1949/8_794/8_794_0005.jpg",1064031,2026-03-02T13:03:28Z,,e914baa5122b67fb9566737f1afa6f6c,pronom,fmt/43,JPEG File Interchange Format,1.01,image/jpeg,Image (Raster),extension match jpg; byte match at [[0 14] [1064029 2]],,2525,3583,8,794,"8 - Langbroek, 1908-1949/8_794/8_794_0005.jpg"
"8 - Langbroek, 1908-1949/8_794/8_794_0006.jpg",960581,2026-03-02T13:03:28Z,,70a9bf312a1ec08530127e786821fd1a,pronom,fmt/43,JPEG File Interchange Format,1.01,image/jpeg,Image (Raster),extension match jpg; byte match at [[0 14] [960579 2]],,2633,3203,8,794,"8 - Langbroek, 1908-1949/8_794/8_794_0006.jpg"
"8 - Langbroek, 1908-1949/8_794/8_794_0007.jpg",603099,2026-03-02T13:03:28Z,,efc3e017afe34c4bc5568e19660aef30,pronom,fmt/43,JPEG File Interchange Format,1.01,image/jpeg,Image (Raster),extension match jpg; byte match at [[0 14] [603097 2]],,2541,1838,8,794,"8 - Langbroek, 1908-1949/8_794/8_794_0007.jpg"
"8 - Langbroek, 1908-1949/8_794/8_794_0008.jpg",908537,2026-03-02T13:03:28Z,,f087422b59962a32067cf0e7f37c0304,pronom,fmt/43,JPEG File Interchange Format,1.01,image/jpeg,Image (Raster),extension match jpg; byte match at [[0 14] [908535 2]],,2626,3156,8,794,"8 - Langbroek, 1908-1949/8_794/8_794_0008.jpg"
"8 - Langbroek, 1908-1949/8_794/8_794_0009.jpg",586796,2026-03-02T13:03:28Z,,080a5296ad788bc6f37187fb8610ad02,pronom,fmt/43,JPEG File Interchange Format,1.01,image/jpeg,Image (Raster),extension match jpg; byte match at [[0 14] [586794 2]],,2540,1845,8,794,"8 - Langbroek, 1908-1949/8_794/8_794_0009.jpg"
"8 - Langbroek, 1908-1949/8_794/8_794_0010.jpg",811576,2026-03-02T13:03:28Z,,244a0bae8331ddfbfc6f39472201f126,pronom,fmt/43,JPEG File Interchange Format,1.01,image/jpeg,Image (Raster),extension match jpg; byte match at [[0 14] [811574 2]],,2552,3589,8,794,"8 - Langbroek, 1908-1949/8_794/8_794_0010.jpg"
"8 - Langbroek, 1908-1949/8_794/8_794_0011.jpg",997399,2026-03-02T13:03:28Z,,687b00aca5584ab9f30454a7e1826287,pronom,fmt/43,JPEG File Interchange Format,1.01,image/jpeg,Image (Raster),extension match jpg; byte match at [[0 14] [997397 2]],,2631,3193,8,794,"8 - Langbroek, 1908-1949/8_794/8_794_0011.jpg"
"8 - Langbroek, 1908-1949/8_794/8_794_0012.jpg",979988,2026-03-02T13:03:28Z,,07feaa160992d2162266678848c10e2d,pronom,fmt/43,JPEG File Interchange Format,1.01,image/jpeg,Image (Raster),extension match jpg; byte match at [[0 14] [979986 2]],,2540,3592,8,794,"8 - Langbroek, 1908-1949/8_794/8_794_0012.jpg"
"8 - Langbroek, 1908-1949/8_794/8_794_0013.jpg",323191,2026-03-02T13:03:28Z,,4ecdeecf4021219855647b4fbf580dc0,pronom,fmt/43,JPEG File Interchange Format,1.01,image/jpeg,Image (Raster),extension match jpg; byte match at [[0 14] [323189 2]],,1432,2208,8,794,"8 - Langbroek, 1908-1949/8_794/8_794_0013.jpg"
"8 - Langbroek, 1908-1949/8_794/8_794_0014.jpg",895328,2026-03-02T13:03:28Z,,13a59aaadb5d9dac64443b764113f571,pronom,fmt/43,JPEG File Interchange Format,1.01,image/jpeg,Image (Raster),extension match jpg; byte match at [[0 14] [895326 2]],,2549,3588,8,794,"8 - Langbroek, 1908-1949/8_794/8_794_0014.jpg"
"8 - Langbroek, 1908-1949/8_794/8_794_0015.jpg",795489,2026-03-02T13:03:28Z,,9cc340438752fcd6cdeec3ff6adbb2ec,pronom,fmt/43,JPEG File Interchange Format,1.01,image/jpeg,Image (Raster),extension match jpg; byte match at [[0 14] [795487 2]],,2601,3149,8,794,"8 - Langbroek, 1908-1949/8_794/8_794_0015.jpg"
"8 - Langbroek, 1908-1949/8_794/8_794_0016.jpg",936368,2026-03-02T13:03:28Z,,e80c7d8deb9e07f6227c1c5fc590b9f8,pronom,fmt/43,JPEG File Interchange Format,1.01,image/jpeg,Image (Raster),extension match jpg; byte match at [[0 14] [936366 2]],,2553,3588,8,794,"8 - Langbroek, 1908-1949/8_794/8_794_0016.jpg"
"8 - Langbroek, 1908-1949/8_794/8_794_0017.jpg",889632,2026-03-02T13:03:28Z,,50ec576154fbd0657a9e6edd8cabada6,pronom,fmt/43,JPEG File Interchange Format,1.01,image/jpeg,Image (Raster),extension match jpg; byte match at [[0 14] [889630 2]],,2547,3579,8,794,"8 - Langbroek, 1908-1949/8_794/8_794_0017.jpg"
"8 - Langbroek, 1908-1949/8_794/8_794_0018.jpg",879214,2026-03-02T13:03:28Z,,50ab1c457a45118ed44d12d9ed88db4a,pronom,fmt/43,JPEG File Interchange Format,1.01,image/jpeg,Image (Raster),extension match jpg; byte match at [[0 14] [879212 2]],,2548,3583,8,794,"8 - Langbroek, 1908-1949/8_794/8_794_0018.jpg"
"8 - Langbroek, 1908-1949/8_795/8_795_0001.jpg",3537112,2026-03-02T13:03:28Z,,cba8bf9695ac174c3e8d136f2d4142a8,pronom,fmt/43,JPEG File Interchange Format,1.01,image/jpeg,Image (Raster),extension match jpg; byte match at [[0 14] [3537110 2]],,6373,8113,8,795,"8 - Langbroek, 1908-1949/8_795/8_795_0001.jpg"
"8 - Langbroek, 1908-1949/8_795/8_795_0002.jpg",2606753,2026-03-02T13:03:28Z,,2eaf4ad9e23d384da2173309e89e647f,pronom,fmt/43,JPEG File Interchange Format,1.01,image/jpeg,Image (Raster),extension match jpg; byte match at [[0 14] [2606751 2]],,8133,6368,8,795,"8 - Langbroek, 1908-1949/8_795/8_795_0002.jpg"
"8 - Langbroek, 1908-1949/8_796/8_796_0001.jpg",829290,2026-03-02T13:03:28Z,,d5ce7bdfdb6a57100af625616c8896df,pronom,fmt/43,JPEG File Interchange Format,1.01,image/jpeg,Image (Raster),extension match jpg; byte match at [[0 14] [829288 2]],,2549,4089,8,796,"8 - Langbroek, 1908-1949/8_796/8_796_0001.jpg"
"8 - Langbroek, 1908-1949/8_796/8_796_0002.jpg",774933,2026-03-02T13:03:28Z,,2ddf41068ec59ceead6cdb693e0c377f,pronom,fmt/43,JPEG File Interchange Format,1.01,image/jpeg,Image (Raster),extension match jpg; byte match at [[0 14] [774931 2]],,2599,4101,8,796,"8 - Langbroek, 1908-1949/8_796/8_796_0002.jpg"
"8 - Langbroek, 1908-1949/8_796/8_796_0003.jpg",6396941,2026-03-02T13:03:28Z,,f3f58452e32a506988de02a7eb3119e6,pronom,fmt/43,JPEG File Interchange Format,1.01,image/jpeg,Image (Raster),extension match jpg; byte match at [[0 14] [6396939 2]],,10062,3991,8,796,"8 - Langbroek, 1908-1949/8_796/8_796_0003.jpg"
"8 - Langbroek, 1908-1949/8_797/8_797_0001.jpg",807876,2026-03-02T13:03:28Z,,4b96f4233f6110a6a3fb9c2878e22352,pronom,fmt/43,JPEG File Interchange Format,1.01,image/jpeg,Image (Raster),extension match jpg; byte match at [[0 14] [807874 2]],,2580,3630,8,797,"8 - Langbroek, 1908-1949/8_797/8_797_0001.jpg"
"8 - Langbroek, 1908-1949/8_797/8_797_0002.jpg",756058,2026-03-02T13:03:29Z,,df336c50299d30250d66419d7ca17c98,pronom,fmt/43,JPEG File Interchange Format,1.01,image/jpeg,Image (Raster),extension match jpg; byte match at [[0 14] [756056 2]],,2712,3467,8,797,"8 - Langbroek, 1908-1949/8_797/8_797_0002.jpg"
"8 - Langbroek, 1908-1949/8_797/8_797_0003.jpg",682131,2026-03-02T13:03:29Z,,3e4469082740e35a2a6afbdd3354550d,pronom,fmt/43,JPEG File Interchange Format,1.01,image/jpeg,Image (Raster),extension match jpg; byte match at [[0 14] [682129 2]],,2634,3200,8,797,"8 - Langbroek, 1908-1949/8_797/8_797_0003.jpg"
"8 - Langbroek, 1908-1949/8_798/8_798_0001.jpg",919635,2026-03-02T13:03:29Z,,cf9b6a4a29d0ea734ba99f0ad0a33298,pronom,fmt/43,JPEG File Interchange Format,1.01,image/jpeg,Image (Raster),extension match jpg; byte match at [[0 14] [919633 2]],,2593,3624,8,798,"8 - Langbroek, 1908-1949/8_798/8_798_0001.jpg"
"8 - Langbroek, 1908-1949/8_798/8_798_0002.jpg",651087,2026-03-02T13:03:29Z,,4ab9aa6fb607efb7b549db65137aa532,pronom,fmt/43,JPEG File Interchange Format,1.01,image/jpeg,Image (Raster),extension match jpg; byte match at [[0 14] [651085 2]],,2596,3127,8,798,"8 - Langbroek, 1908-1949/8_798/8_798_0002.jpg"
"8 - Langbroek, 1908-1949/8_798/8_798_0003.jpg",981800,2026-03-02T13:03:29Z,,265b2db1d0ff0335f66bf6efbcb38b22,pronom,fmt/43,JPEG File Interchange Format,1.01,image/jpeg,Image (Raster),extension match jpg; byte match at [[0 14] [981798 2]],,3092,3909,8,798,"8 - Langbroek, 1908-1949/8_798/8_798_0003.jpg"
"8 - Langbroek, 1908-1949/8_798/8_798_0004.jpg",961406,2026-03-02T13:03:29Z,,61e2bc45df25b4fcbb317ad8ac68cc41,pronom,fmt/43,JPEG File Interchange Format,1.01,image/jpeg,Image (Raster),extension match jpg; byte match at [[0 14] [961404 2]],,3020,3870,8,798,"8 - Langbroek, 1908-1949/8_798/8_798_0004.jpg"
"8 - Langbroek, 1908-1949/8_798/8_798_0005.jpg",622420,2026-03-02T13:03:29Z,,8a9969cc1982d69fb958189507845b89,pronom,fmt/43,JPEG File Interchange Format,1.01,image/jpeg,Image (Raster),extension match jpg; byte match at [[0 14] [622418 2]],,2539,3059,8,798,"8 - Langbroek, 1908-1949/8_798/8_798_0005.jpg"
"8 - Langbroek, 1908-1949/8_798/8_798_0006.jpg",664532,2026-03-02T13:03:29Z,,1eb8929406a79499c28cd88c0f099312,pronom,fmt/43,JPEG File Interchange Format,1.01,image/jpeg,Image (Raster),extension match jpg; byte match at [[0 14] [664530 2]],,2550,3170,8,798,"8 - Langbroek, 1908-1949/8_798/8_798_0006.jpg"
"8 - Langbroek, 1908-1949/8_799/8_799_0001.jpg",960031,2026-03-02T13:03:29Z,,3bc1016c06de7a682c0d9c1323441285,pronom,fmt/43,JPEG File Interchange Format,1.01,image/jpeg,Image (Raster),extension match jpg; byte match at [[0 14] [960029 2]],,2565,3633,8,799,"8 - Langbroek, 1908-1949/8_799/8_799_0001.jpg"
"8 - Langbroek, 1908-1949/8_799/8_799_0002.jpg",694109,2026-03-02T13:03:29Z,,11d04207b97245276231159887a7c895,pronom,fmt/43,JPEG File Interchange Format,1.01,image/jpeg,Image (Raster),extension match jpg; byte match at [[0 14] [694107 2]],,2568,3090,8,799,"8 - Langbroek, 1908-1949/8_799/8_799_0002.jpg"
"8 - Langbroek, 1908-1949/8_799/8_799_0003.jpg",6864295,2026-03-02T13:03:29Z,,fd0f2e2453d8ab859c1bbb672a67b38c,pronom,fmt/43,JPEG File Interchange Format,1.01,image/jpeg,Image (Raster),extension match jpg; byte match at [[0 14] [6864293 2]],,7622,5894,8,799,"8 - Langbroek, 1908-1949/8_799/8_799_0003.jpg"
"8 - Langbroek, 1908-1949/8_799/8_799_0004.jpg",6041285,2026-03-02T13:03:29Z,,cc15db09b97fa3acce046de06e6a15cc,pronom,fmt/43,JPEG File Interchange Format,1.01,image/jpeg,Image (Raster),extension match jpg; byte match at [[0 14] [6041283 2]],,7375,5883,8,799,"8 - Langbroek, 1908-1949/8_799/8_799_0004.jpg"
"8 - Langbroek, 1908-1949/8_800/8_800_0001.jpg",669274,2026-03-02T13:03:29Z,,c01b7e6497f558c211390a283685a2a2,pronom,fmt/43,JPEG File Interchange Format,1.01,image/jpeg,Image (Raster),extension match jpg; byte match at [[0 14] [669272 2]],,2539,3190,8,800,"8 - Langbroek, 1908-1949/8_800/8_800_0001.jpg"
"8 - Langbroek, 1908-1949/8_800/8_800_0002.jpg",928291,2026-03-02T13:03:29Z,,2249c97894b8a3366e4f1db24e412813,pronom,fmt/43,JPEG File Interchange Format,1.01,image/jpeg,Image (Raster),extension match jpg; byte match at [[0 14] [928289 2]],,2596,3636,8,800,"8 - Langbroek, 1908-1949/8_800/8_800_0002.jpg"
"8 - Langbroek, 1908-1949/8_800/8_800_0003.jpg",805601,2026-03-02T13:03:29Z,,13f1b1ef5edbbefb7d54990190a82cbc,pronom,fmt/43,JPEG File Interchange Format,1.01,image/jpeg,Image (Raster),extension match jpg; byte match at [[0 14] [805599 2]],,2869,2479,8,800,"8 - Langbroek, 1908-1949/8_800/8_800_0003.jpg"
"8 - Langbroek, 1908-1949/8_800/8_800_0004.jpg",807651,2026-03-02T13:03:29Z,,5383dd3f269a9c1fb83213309b6bcdbd,pronom,fmt/43,JPEG File Interchange Format,1.01,image/jpeg,Image (Raster),extension match jpg; byte match at [[0 14] [807649 2]],,2880,2480,8,800,"8 - Langbroek, 1908-1949/8_800/8_800_0004.jpg"
"8 - Langbroek, 1908-1949/8_800/8_800_0005.jpg",1871967,2026-03-02T13:03:29Z,,0b65097c341df1156eca3eed5d4f8524,pronom,fmt/43,JPEG File Interchange Format,1.01,image/jpeg,Image (Raster),extension match jpg; byte match at [[0 14] [1871965 2]],,5940,4540,8,800,"8 - Langbroek, 1908-1949/8_800/8_800_0005.jpg"
"8 - Langbroek, 1908-1949/8_800/8_800_0006.jpg",1756169,2026-03-02T13:03:29Z,,f4f2466d6e6bdcd0c063fe6cb83b71b7,pronom,fmt/43,JPEG File Interchange Format,1.01,image/jpeg,Image (Raster),extension match jpg; byte match at [[0 14] [1756167 2]],,5958,4554,8,800,"8 - Langbroek, 1908-1949/8_800/8_800_0006.jpg"
"8 - Langbroek, 1908-1949/8_801/8_801_0001.jpg",903677,2026-03-02T13:03:29Z,,0116ff1e0f38bce12b2fb16ea28c4cd6,pronom,fmt/43,JPEG File Interchange Format,1.01,image/jpeg,Image (Raster),extension match jpg; byte match at [[0 14] [903675 2]],,2585,3626,8,801,"8 - Langbroek, 1908-1949/8_801/8_801_0001.jpg"
"8 - Langbroek, 1908-1949/8_801/8_801_0002.jpg",579932,2026-03-02T13:03:29Z,,1df919f16fd13aa91326797b558ab50b,pronom,fmt/43,JPEG File Interchange Format,1.01,image/jpeg,Image (Raster),extension match jpg; byte match at [[0 14] [579930 2]],,2609,3259,8,801,"8 - Langbroek, 1908-1949/8_801/8_801_0002.jpg"
"8 - Langbroek, 1908-1949/8_801/8_801_0003.jpg",2337227,2026-03-02T13:03:29Z,,59df9cc85cd3db619af9464ae6146aba,pronom,fmt/43,JPEG File Interchange Format,1.01,image/jpeg,Image (Raster),extension match jpg; byte match at [[0 14] [2337225 2]],,4582,4974,8,801,"8 - Langbroek, 1908-1949/8_801/8_801_0003.jpg"
"8 - Langbroek, 1908-1949/8_802/8_802_0001.jpg",860365,2026-03-02T13:03:29Z,,66a0551c46edb9ae763ebaf34bed614c,pronom,fmt/43,JPEG File Interchange Format,1.01,image/jpeg,Image (Raster),extension match jpg; byte match at [[0 14] [860363 2]],,2583,3627,8,802,"8 - Langbroek, 1908-1949/8_802/8_802_0001.jpg"
"8 - Langbroek, 1908-1949/8_802/8_802_0002.jpg",5202297,2026-03-02T13:03:29Z,,d82baf70e85074799cd0cb5aa57fc648,pronom,fmt/43,JPEG File Interchange Format,1.01,image/jpeg,Image (Raster),extension match jpg; byte match at [[0 14] [5202295 2]],,7812,5185,8,802,"8 - Langbroek, 1908-1949/8_802/8_802_0002.jpg"
"8 - Langbroek, 1908-1949/8_803/8_803_0001.jpg",848754,2026-03-02T13:03:29Z,,597f270d9fcb651a6046042e88e24c7c,pronom,fmt/43,JPEG File Interchange Format,1.01,image/jpeg,Image (Raster),extension match jpg; byte match at [[0 14] [848752 2]],,2579,3631,8,803,"8 - Langbroek, 1908-1949/8_803/8_803_0001.jpg"
"8 - Langbroek, 1908-1949/8_803/8_803_0002.jpg",4188804,2026-03-02T13:03:29Z,,7ad46ff326802490b9a1928da8f126f0,pronom,fmt/43,JPEG File Interchange Format,1.01,image/jpeg,Image (Raster),extension match jpg; byte match at [[0 14] [4188802 2]],,8723,6884,8,803,"8 - Langbroek, 1908-1949/8_803/8_803_0002.jpg"
"8 - Langbroek, 1908-1949/8_803/8_803_0003.jpg",896990,2026-03-02T13:03:29Z,,578026ff81c43072b1a239ec0fce878e,pronom,fmt/43,JPEG File Interchange Format,1.01,image/jpeg,Image (Raster),extension match jpg; byte match at [[0 14] [896988 2]],,2688,3345,8,803,"8 - Langbroek, 1908-1949/8_803/8_803_0003.jpg"
"8 - Langbroek, 1908-1949/8_803/8_803_0004.jpg",1423472,2026-03-02T13:03:29Z,,c20b9b0fd559dcb42e735e66523d1924,pronom,fmt/43,JPEG File Interchange Format,1.01,image/jpeg,Image (Raster),extension match jpg; byte match at [[0 14] [1423470 2]],,5262,3347,8,803,"8 - Langbroek, 1908-1949/8_803/8_803_0004.jpg"
"8 - Langbroek, 1908-1949/8_803/8_803_0005.jpg",890007,2026-03-02T13:03:29Z,,df71a6d772da98ea8ad02545d0f187f7,pronom,fmt/43,JPEG File Interchange Format,1.01,image/jpeg,Image (Raster),extension match jpg; byte match at [[0 14] [890005 2]],,2660,3350,8,803,"8 - Langbroek, 1908-1949/8_803/8_803_0005.jpg"
"8 - Langbroek, 1908-1949/8_803/8_803_0006.jpg",863651,2026-03-02T13:03:29Z,,9c2f144f923859b8e98f1cb9badaf0db,pronom,fmt/43,JPEG File Interchange Format,1.01,image/jpeg,Image (Raster),extension match jpg; byte match at [[0 14] [863649 2]],,2672,3345,8,803,"8 - Langbroek, 1908-1949/8_803/8_803_0006.jpg"
"8 - Langbroek, 1908-1949/8_803/8_803_0007.jpg",950160,2026-03-02T13:03:29Z,,de445b684f1dc5583c83cc4d05466d2c,pronom,fmt/43,JPEG File Interchange Format,1.01,image/jpeg,Image (Raster),extension match jpg; byte match at [[0 14] [950158 2]],,2680,3330,8,803,"8 - Langbroek, 1908-1949/8_803/8_803_0007.jpg"
"8 - Langbroek, 1908-1949/8_803/8_803_0008.jpg",902951,2026-03-02T13:03:29Z,,e2c711414f3208005bbf642d98142bf9,pronom,fmt/43,JPEG File Interchange Format,1.01,image/jpeg,Image (Raster),extension match jpg; byte match at [[0 14] [902949 2]],,2670,3340,8,803,"8 - Langbroek, 1908-1949/8_803/8_803_0008.jpg"
"8 - Langbroek, 1908-1949/8_803/8_803_0009.jpg",908329,2026-03-02T13:03:29Z,,c4c4957907d3b19a2e713138e2b5c815,pronom,fmt/43,JPEG File Interchange Format,1.01,image/jpeg,Image (Raster),extension match jpg; byte match at [[0 14] [908327 2]],,2680,3351,8,803,"8 - Langbroek, 1908-1949/8_803/8_803_0009.jpg"
"8 - Langbroek, 1908-1949/8_803/8_803_0010.jpg",886107,2026-03-02T13:03:29Z,,10f79d537a819f4981afb0e584bb33e5,pronom,fmt/43,JPEG File Interchange Format,1.01,image/jpeg,Image (Raster),extension match jpg; byte match at [[0 14] [886105 2]],,2681,3349,8,803,"8 - Langbroek, 1908-1949/8_803/8_803_0010.jpg"
"8 - Langbroek, 1908-1949/8_803/8_803_0011.jpg",867274,2026-03-02T13:03:29Z,,af99e2d7e0e9821b99e3ba61720f4641,pronom,fmt/43,JPEG File Interchange Format,1.01,image/jpeg,Image (Raster),extension match jpg; byte match at [[0 14] [867272 2]],,2687,3347,8,803,"8 - Langbroek, 1908-1949/8_803/8_803_0011.jpg"
"8 - Langbroek, 1908-1949/8_803/8_803_0012.jpg",858056,2026-03-02T13:03:29Z,,43100a70890c4802dd800d3761dddcf5,pronom,fmt/43,JPEG File Interchange Format,1.01,image/jpeg,Image (Raster),extension match jpg; byte match at [[0 14] [858054 2]],,2686,3350,8,803,"8 - Langbroek, 1908-1949/8_803/8_803_0012.jpg"
"8 - Langbroek, 1908-1949/8_803/8_803_0013.jpg",861675,2026-03-02T13:03:29Z,,2037b6e397f368e38acbe2d52e68ba56,pronom,fmt/43,JPEG File Interchange Format,1.01,image/jpeg,Image (Raster),extension match jpg; byte match at [[0 14] [861673 2]],,2680,3350,8,803,"8 - Langbroek, 1908-1949/8_803/8_803_0013.jpg"
"8 - Langbroek, 1908-1949/8_803/8_803_0014.jpg",793962,2026-03-02T13:03:29Z,,58cbd11be6d835af7cb7cfb738be27bc,pronom,fmt/43,JPEG File Interchange Format,1.01,image/jpeg,Image (Raster),extension match jpg; byte match at [[0 14] [793960 2]],,2688,3349,8,803,"8 - Langbroek, 1908-1949/8_803/8_803_0014.jpg"
"8 - Langbroek, 1908-1949/8_803/8_803_0015.jpg",1118705,2026-03-02T13:03:29Z,,0822be031db1e72562957572962c034e,pronom,fmt/43,JPEG File Interchange Format,1.01,image/jpeg,Image (Raster),extension match jpg; byte match at [[0 14] [1118703 2]],,5274,3350,8,803,"8 - Langbroek, 1908-1949/8_803/8_803_0015.jpg"
"8 - Langbroek, 1908-1949/8_803/8_803_0016.jpg",670014,2026-03-02T13:03:29Z,,963868750bea1fe57ce4940112262712,pronom,fmt/43,JPEG File Interchange Format,1.01,image/jpeg,Image (Raster),extension match jpg; byte match at [[0 14] [670012 2]],,2650,3210,8,803,"8 - Langbroek, 1908-1949/8_803/8_803_0016.jpg"
"8 - Langbroek, 1908-1949/8_804/8_804_0001.jpg",870385,2026-03-02T13:03:29Z,,fea9e2b54bb69cb131b847f0cc336ec5,pronom,fmt/43,JPEG File Interchange Format,1.01,image/jpeg,Image (Raster),extension match jpg; byte match at [[0 14] [870383 2]],,2599,3609,8,804,"8 - Langbroek, 1908-1949/8_804/8_804_0001.jpg"
"8 - Langbroek, 1908-1949/8_804/8_804_0002.jpg",617673,2026-03-02T13:03:29Z,,6cebc8f8094a7a54f5c6d7f5a8d5f845,pronom,fmt/43,JPEG File Interchange Format,1.01,image/jpeg,Image (Raster),extension match jpg; byte match at [[0 14] [617671 2]],,2632,3169,8,804,"8 - Langbroek, 1908-1949/8_804/8_804_0002.jpg"
"8 - Langbroek, 1908-1949/8_804/8_804_0003.jpg",668128,2026-03-02T13:03:29Z,,ba38d482c1e5e5c2e62839a60a07c24a,pronom,fmt/43,JPEG File Interchange Format,1.01,image/jpeg,Image (Raster),extension match jpg; byte match at [[0 14] [668126 2]],,2633,3174,8,804,"8 - Langbroek, 1908-1949/8_804/8_804_0003.jpg"
"8 - Langbroek, 1908-1949/8_804/8_804_0004.jpg",7372758,2026-03-02T13:03:30Z,,522e65f627e5874eed39c3feec80a46b,pronom,fmt/43,JPEG File Interchange Format,1.01,image/jpeg,Image (Raster),extension match jpg; byte match at [[0 14] [7372756 2]],,8957,6312,8,804,"8 - Langbroek, 1908-1949/8_804/8_804_0004.jpg"
"8 - Langbroek, 1908-1949/8_804/8_804_0005.jpg",2083822,2026-03-02T13:03:30Z,,ff0eab3d1cc189fc8cc7ef075c67f5ed,pronom,fmt/43,JPEG File Interchange Format,1.01,image/jpeg,Image (Raster),extension match jpg; byte match at [[0 14] [2083820 2]],,8949,6311,8,804,"8 - Langbroek, 1908-1949/8_804/8_804_0005.jpg"
"8 - Langbroek, 1908-1949/8_804/8_804_0006.jpg",717722,2026-03-02T13:03:30Z,,7319d46b8f4efb6cbd9c89187e4cb49d,pronom,fmt/43,JPEG File Interchange Format,1.01,image/jpeg,Image (Raster),extension match jpg; byte match at [[0 14] [717720 2]],,2590,2980,8,804,"8 - Langbroek, 1908-1949/8_804/8_804_0006.jpg"
"8 - Langbroek, 1908-1949/8_804/8_804_0007.jpg",593764,2026-03-02T13:03:30Z,,339b871a4d744085d0c9a01bf23da477,pronom,fmt/43,JPEG File Interchange Format,1.01,image/jpeg,Image (Raster),extension match jpg; byte match at [[0 14] [593762 2]],,3294,2610,8,804,"8 - Langbroek, 1908-1949/8_804/8_804_0007.jpg"
"8 - Langbroek, 1908-1949/8_805/8_805_0001.jpg",834989,2026-03-02T13:03:30Z,,f5747e33521a1817f63c2ebf265147f9,pronom,fmt/43,JPEG File Interchange Format,1.01,image/jpeg,Image (Raster),extension match jpg; byte match at [[0 14] [834987 2]],,2580,3610,8,805,"8 - Langbroek, 1908-1949/8_805/8_805_0001.jpg"
"8 - Langbroek, 1908-1949/8_805/8_805_0002.jpg",828563,2026-03-02T13:03:30Z,,b5c69fdc298c6a9e88eb2438bf94b034,pronom,fmt/43,JPEG File Interchange Format,1.01,image/jpeg,Image (Raster),extension match jpg; byte match at [[0 14] [828561 2]],,2609,4009,8,805,"8 - Langbroek, 1908-1949/8_805/8_805_0002.jpg"
"8 - Langbroek, 1908-1949/8_805/8_805_0003.jpg",1356588,2026-03-02T13:03:30Z,,40fc811597957a3981a546064b0db156,pronom,fmt/43,JPEG File Interchange Format,1.01,image/jpeg,Image (Raster),extension match jpg; byte match at [[0 14] [1356586 2]],,5110,4031,8,805,"8 - Langbroek, 1908-1949/8_805/8_805_0003.jpg"
"8 - Langbroek, 1908-1949/8_805/8_805_0004.jpg",2545537,2026-03-02T13:03:30Z,,0e5396cc50249c706bae13509e663c52,pronom,fmt/43,JPEG File Interchange Format,1.01,image/jpeg,Image (Raster),extension match jpg; byte match at [[0 14] [2545535 2]],,7447,6095,8,805,"8 - Langbroek, 1908-1949/8_805/8_805_0004.jpg"
"8 - Langbroek, 1908-1949/8_806/8_806_0001.jpg",663237,2026-03-02T13:03:30Z,,d56575036d52b2dfa02d38fda0fbdde4,pronom,fmt/43,JPEG File Interchange Format,1.01,image/jpeg,Image (Raster),extension match jpg; byte match at [[0 14] [663235 2]],,2710,3425,8,806,"8 - Langbroek, 1908-1949/8_806/8_806_0001.jpg"
"8 - Langbroek, 1908-1949/8_806/8_806_0002.jpg",10881021,2026-03-02T13:03:30Z,,93efe287014f5035ae1ebbb7df0b9259,pronom,fmt/43,JPEG File Interchange Format,1.01,image/jpeg,Image (Raster),extension match jpg; byte match at [[0 14] [10881019 2]],,10377,7817,8,806,"8 - Langbroek, 1908-1949/8_806/8_806_0002.jpg"
"8 - Langbroek, 1908-1949/8_806/8_806_0003.jpg",10802657,2026-03-02T13:03:30Z,,2d70b3cf3ac2b878e15e79d2cbd9737c,pronom,fmt/43,JPEG File Interchange Format,1.01,image/jpeg,Image (Raster),extension match jpg; byte match at [[0 14] [10802655 2]],,10605,7796,8,806,"8 - Langbroek, 1908-1949/8_806/8_806_0003.jpg"
"8 - Langbroek, 1908-1949/8_806/8_806_0004.jpg",3565787,2026-03-02T13:03:30Z,,f84df8a5dc32e85b2f1c3c12c1ef3a27,pronom,fmt/43,JPEG File Interchange Format,1.01,image/jpeg,Image (Raster),extension match jpg; byte match at [[0 14] [3565785 2]],,7794,10601,8,806,"8 - Langbroek, 1908-1949/8_806/8_806_0004.jpg"
"8 - Langbroek, 1908-1949/8_807/8_807_0001.jpg",642140,2026-03-02T13:03:30Z,,55ddafb052c707706a96e1e92a437a04,pronom,fmt/43,JPEG File Interchange Format,1.01,image/jpeg,Image (Raster),extension match jpg; byte match at [[0 14] [642138 2]],,2558,4085,8,807,"8 - Langbroek, 1908-1949/8_807/8_807_0001.jpg"
"8 - Langbroek, 1908-1949/8_807/8_807_0002.jpg",694867,2026-03-02T13:03:30Z,,3848e793c524ae7cb8086fb6137d08dd,pronom,fmt/43,JPEG File Interchange Format,1.01,image/jpeg,Image (Raster),extension match jpg; byte match at [[0 14] [694865 2]],,2580,4080,8,807,"8 - Langbroek, 1908-1949/8_807/8_807_0002.jpg"
"8 - Langbroek, 1908-1949/8_807/8_807_0003.jpg",2137781,2026-03-02T13:03:30Z,,7eb61f8515c13ab0d39b85b89655d1c5,pronom,fmt/43,JPEG File Interchange Format,1.01,image/jpeg,Image (Raster),extension match jpg; byte match at [[0 14] [2137779 2]],,7451,4602,8,807,"8 - Langbroek, 1908-1949/8_807/8_807_0003.jpg"
"8 - Langbroek, 1908-1949/8_807/8_807_0004.jpg",321653,2026-03-02T13:03:30Z,,5d2724c7e8c6c7fe9ca1eebd7e8f6bf2,pronom,fmt/43,JPEG File Interchange Format,1.01,image/jpeg,Image (Raster),extension match jpg; byte match at [[0 14] [321651 2]],,1362,2097,8,807,"8 - Langbroek, 1908-1949/8_807/8_807_0004.jpg"
"8 - Langbroek, 1908-1949/8_807/8_807_0005.jpg",485211,2026-03-02T13:03:30Z,,c1e047b501ea9cb164b667bde7d701b6,pronom,fmt/43,JPEG File Interchange Format,1.01,image/jpeg,Image (Raster),extension match jpg; byte match at [[0 14] [485209 2]],,2613,2116,8,807,"8 - Langbroek, 1908-1949/8_807/8_807_0005.jpg"
"8 - Langbroek, 1908-1949/8_807/8_807_0006.jpg",441788,2026-03-02T13:03:30Z,,2e502a85bfdbb37c0b26de08fe46a402,pronom,fmt/43,JPEG File Interchange Format,1.01,image/jpeg,Image (Raster),extension match jpg; byte match at [[0 14] [441786 2]],,2640,2130,8,807,"8 - Langbroek, 1908-1949/8_807/8_807_0006.jpg"
"8 - Langbroek, 1908-1949/8_807/8_807_0007.jpg",526956,2026-03-02T13:03:30Z,,3c02dbb1ef022c1a85e69898754760a2,pronom,fmt/43,JPEG File Interchange Format,1.01,image/jpeg,Image (Raster),extension match jpg; byte match at [[0 14] [526954 2]],,2577,2109,8,807,"8 - Langbroek, 1908-1949/8_807/8_807_0007.jpg"
"8 - Langbroek, 1908-1949/8_807/8_807_0008.jpg",536532,2026-03-02T13:03:30Z,,76484e075bb881ab9b0802afcf573110,pronom,fmt/43,JPEG File Interchange Format,1.01,image/jpeg,Image (Raster),extension match jpg; byte match at [[0 14] [536530 2]],,2578,2109,8,807,"8 - Langbroek, 1908-1949/8_807/8_807_0008.jpg"
"8 - Langbroek, 1908-1949/8_807/8_807_0009.jpg",506351,2026-03-02T13:03:30Z,,8d5b8cb43daa07b0844f2c28f290e06e,pronom,fmt/43,JPEG File Interchange Format,1.01,image/jpeg,Image (Raster),extension match jpg; byte match at [[0 14] [506349 2]],,2582,2121,8,807,"8 - Langbroek, 1908-1949/8_807/8_807_0009.jpg"
"8 - Langbroek, 1908-1949/8_807/8_807_0010.jpg",537693,2026-03-02T13:03:30Z,,15507956114dce727de6a533c76e802c,pronom,fmt/43,JPEG File Interchange Format,1.01,image/jpeg,Image (Raster),extension match jpg; byte match at [[0 14] [537691 2]],,2590,2130,8,807,"8 - Langbroek, 1908-1949/8_807/8_807_0010.jpg"
"8 - Langbroek, 1908-1949/8_807/8_807_0011.jpg",521115,2026-03-02T13:03:30Z,,ca0f7ad9f237219277409f3d0419fad3,pronom,fmt/43,JPEG File Interchange Format,1.01,image/jpeg,Image (Raster),extension match jpg; byte match at [[0 14] [521113 2]],,2580,2130,8,807,"8 - Langbroek, 1908-1949/8_807/8_807_0011.jpg"
"8 - Langbroek, 1908-1949/8_807/8_807_0012.jpg",498608,2026-03-02T13:03:30Z,,dc09b10421b29de34bce03923c5ad572,pronom,fmt/43,JPEG File Interchange Format,1.01,image/jpeg,Image (Raster),extension match jpg; byte match at [[0 14] [498606 2]],,2586,2131,8,807,"8 - Langbroek, 1908-1949/8_807/8_807_0012.jpg"
"8 - Langbroek, 1908-1949/8_807/8_807_0013.jpg",537667,2026-03-02T13:03:30Z,,6014b2fee4d08066be08b4bdebb96794,pronom,fmt/43,JPEG File Interchange Format,1.01,image/jpeg,Image (Raster),extension match jpg; byte match at [[0 14] [537665 2]],,2590,2120,8,807,"8 - Langbroek, 1908-1949/8_807/8_807_0013.jpg"
"8 - Langbroek, 1908-1949/8_807/8_807_0014.jpg",565145,2026-03-02T13:03:30Z,,c35acdcb655f4c0febf5ebb05a26dc71,pronom,fmt/43,JPEG File Interchange Format,1.01,image/jpeg,Image (Raster),extension match jpg; byte match at [[0 14] [565143 2]],,2592,2130,8,807,"8 - Langbroek, 1908-1949/8_807/8_807_0014.jpg"
"8 - Langbroek, 1908-1949/8_807/8_807_0015.jpg",430002,2026-03-02T13:03:30Z,,1af6802d73df71f0377b0ceef320a1cc,pronom,fmt/43,JPEG File Interchange Format,1.01,image/jpeg,Image (Raster),extension match jpg; byte match at [[0 14] [430000 2]],,2591,2132,8,807,"8 - Langbroek, 1908-1949/8_807/8_807_0015.jpg"
"8 - Langbroek, 1908-1949/8_808/8_808_0001.jpg",632096,2026-03-02T13:03:30Z,,c1169672e76b136cfc6ef5bcc836e146,pronom,fmt/43,JPEG File Interchange Format,1.01,image/jpeg,Image (Raster),extension match jpg; byte match at [[0 14] [632094 2]],,2650,3390,8,808,"8 - Langbroek, 1908-1949/8_808/8_808_0001.jpg"
"8 - Langbroek, 1908-1949/8_808/8_808_0002.jpg",1022485,2026-03-02T13:03:30Z,,f264a721c6cb9360d3833f8a6af922e0,pronom,fmt/43,JPEG File Interchange Format,1.01,image/jpeg,Image (Raster),extension match jpg; byte match at [[0 14] [1022483 2]],,2613,4033,8,808,"8 - Langbroek, 1908-1949/8_808/8_808_0002.jpg"
"8 - Langbroek, 1908-1949/8_808/8_808_0003.jpg",1087611,2026-03-02T13:03:30Z,,065675cdc3615d718ec5c6eb71345e9a,pronom,fmt/43,JPEG File Interchange Format,1.01,image/jpeg,Image (Raster),extension match jpg; byte match at [[0 14] [1087609 2]],,2614,4025,8,808,"8 - Langbroek, 1908-1949/8_808/8_808_0003.jpg"
"8 - Langbroek, 1908-1949/8_808/8_808_0004.jpg",1077704,2026-03-02T13:03:30Z,,15c90348d8fa4b2322348ef8e7526046,pronom,fmt/43,JPEG File Interchange Format,1.01,image/jpeg,Image (Raster),extension match jpg; byte match at [[0 14] [1077702 2]],,2616,3998,8,808,"8 - Langbroek, 1908-1949/8_808/8_808_0004.jpg"
"8 - Langbroek, 1908-1949/8_808/8_808_0005.jpg",1067401,2026-03-02T13:03:30Z,,cb11308f9466082c342c6320e5eb8c44,pronom,fmt/43,JPEG File Interchange Format,1.01,image/jpeg,Image (Raster),extension match jpg; byte match at [[0 14] [1067399 2]],,2614,3997,8,808,"8 - Langbroek, 1908-1949/8_808/8_808_0005.jpg"
"8 - Langbroek, 1908-1949/8_808/8_808_0006.jpg",953098,2026-03-02T13:03:30Z,,11cc336db1c92d212e69492fe3be7905,pronom,fmt/43,JPEG File Interchange Format,1.01,image/jpeg,Image (Raster),extension match jpg; byte match at [[0 14] [953096 2]],,2613,3988,8,808,"8 - Langbroek, 1908-1949/8_808/8_808_0006.jpg"
"8 - Langbroek, 1908-1949/8_809/8_809_0001.jpg",738803,2026-03-02T13:03:30Z,,8935571a231525a1667f89a6562252d1,pronom,fmt/43,JPEG File Interchange Format,1.01,image/jpeg,Image (Raster),extension match jpg; byte match at [[0 14] [738801 2]],,2647,3306,8,809,"8 - Langbroek, 1908-1949/8_809/8_809_0001.jpg"
"8 - Langbroek, 1908-1949/8_809/8_809_0002.jpg",4020636,2026-03-02T13:03:30Z,,26df401704f685d234125b191799702a,pronom,fmt/43,JPEG File Interchange Format,1.01,image/jpeg,Image (Raster),extension match jpg; byte match at [[0 14] [4020634 2]],,6519,5379,8,809,"8 - Langbroek, 1908-1949/8_809/8_809_0002.jpg"
"8 - Langbroek, 1908-1949/8_809/8_809_0003.jpg",750887,2026-03-02T13:03:30Z,,149bdfb0ad32f398e5a2d44552d2516f,pronom,fmt/43,JPEG File Interchange Format,1.01,image/jpeg,Image (Raster),extension match jpg; byte match at [[0 14] [750885 2]],,2530,4060,8,809,"8 - Langbroek, 1908-1949/8_809/8_809_0003.jpg"
"8 - Langbroek, 1908-1949/8_809/8_809_0004.jpg",928141,2026-03-02T13:03:30Z,,f33eacbb16376f72894f363be4a92d4f,pronom,fmt/43,JPEG File Interchange Format,1.01,image/jpeg,Image (Raster),extension match jpg; byte match at [[0 14] [928139 2]],,2660,4210,8,809,"8 - Langbroek, 1908-1949/8_809/8_809_0004.jpg"
"8 - Langbroek, 1908-1949/8_810/8_810_0001.jpg",857584,2026-03-02T13:03:30Z,,681fe0c425d4468f823adb6ca6a00613,pronom,fmt/43,JPEG File Interchange Format,1.01,image/jpeg,Image (Raster),extension match jpg; byte match at [[0 14] [857582 2]],,2578,3628,8,810,"8 - Langbroek, 1908-1949/8_810/8_810_0001.jpg"
"8 - Langbroek, 1908-1949/8_810/8_810_0002.jpg",2447145,2026-03-02T13:03:31Z,,da3f3dac9f75b18f85c248529e030cb6,pronom,fmt/43,JPEG File Interchange Format,1.01,image/jpeg,Image (Raster),extension match jpg; byte match at [[0 14] [2447143 2]],,4385,3705,8,810,"8 - Langbroek, 1908-1949/8_810/8_810_0002.jpg"
"8 - Langbroek, 1908-1949/8_810/8_810_0003.jpg",629112,2026-03-02T13:03:31Z,,52903bd3d39cf96a1a97b9fc3b015340,pronom,fmt/43,JPEG File Interchange Format,1.01,image/jpeg,Image (Raster),extension match jpg; byte match at [[0 14] [629110 2]],,2670,3220,8,810,"8 - Langbroek, 1908-1949/8_810/8_810_0003.jpg"
"8 - Langbroek, 1908-1949/8_811/8_811_0001.jpg",899079,2026-03-02T13:03:31Z,,eff2d3fe245856691cfd59a578387bc2,pronom,fmt/43,JPEG File Interchange Format,1.01,image/jpeg,Image (Raster),extension match jpg; byte match at [[0 14] [899077 2]],,2587,3642,8,811,"8 - Langbroek, 1908-1949/8_811/8_811_0001.jpg"
"8 - Langbroek, 1908-1949/8_811/8_811_0002.jpg",483408,2026-03-02T13:03:31Z,,0bb539ec57ff64df5c45bad4655819cf,pronom,fmt/43,JPEG File Interchange Format,1.01,image/jpeg,Image (Raster),extension match jpg; byte match at [[0 14] [483406 2]],,2609,2219,8,811,"8 - Langbroek, 1908-1949/8_811/8_811_0002.jpg"
"8 - Langbroek, 1908-1949/8_811/8_811_0003.jpg",3950253,2026-03-02T13:03:31Z,,fcca1830501ec59ee9afe8a7c50312a3,pronom,fmt/43,JPEG File Interchange Format,1.01,image/jpeg,Image (Raster),extension match jpg; byte match at [[0 14] [3950251 2]],,6039,4579,8,811,"8 - Langbroek, 1908-1949/8_811/8_811_0003.jpg"
"8 - Langbroek, 1908-1949/8_812/8_812_0001.jpg",1033689,2026-03-02T13:03:31Z,,5895364696e3fa1374ab3ef3b3f1b8cf,pronom,fmt/43,JPEG File Interchange Format,1.01,image/jpeg,Image (Raster),extension match jpg; byte match at [[0 14] [1033687 2]],,2570,3620,8,812,"8 - Langbroek, 1908-1949/8_812/8_812_0001.jpg"
"8 - Langbroek, 1908-1949/8_812/8_812_0002.jpg",797394,2026-03-02T13:03:31Z,,aa300d22439019342ae32d85ac4a4726,pronom,fmt/43,JPEG File Interchange Format,1.01,image/jpeg,Image (Raster),extension match jpg; byte match at [[0 14] [797392 2]],,2589,3619,8,812,"8 - Langbroek, 1908-1949/8_812/8_812_0002.jpg"
"8 - Langbroek, 1908-1949/8_813/8_813_0001.jpg",860962,2026-03-02T13:03:31Z,,16e9ac88d26c0a8e7baabd93135deac0,pronom,fmt/43,JPEG File Interchange Format,1.01,image/jpeg,Image (Raster),extension match jpg; byte match at [[0 14] [860960 2]],,2580,3627,8,813,"8 - Langbroek, 1908-1949/8_813/8_813_0001.jpg"
"8 - Langbroek, 1908-1949/8_813/8_813_0002.jpg",656645,2026-03-02T13:03:31Z,,d714c9817fff5b30922a5fea7368ed14,pronom,fmt/43,JPEG File Interchange Format,1.01,image/jpeg,Image (Raster),extension match jpg; byte match at [[0 14] [656643 2]],,2620,3250,8,813,"8 - Langbroek, 1908-1949/8_813/8_813_0002.jpg"
"8 - Langbroek, 1908-1949/8_813/8_813_0003.jpg",3634089,2026-03-02T13:03:31Z,,d930363fd812f2d2e71d065f5d4324d9,pronom,fmt/43,JPEG File Interchange Format,1.01,image/jpeg,Image (Raster),extension match jpg; byte match at [[0 14] [3634087 2]],,6266,4421,8,813,"8 - Langbroek, 1908-1949/8_813/8_813_0003.jpg"
"8 - Langbroek, 1908-1949/8_814/8_814_0001.jpg",944246,2026-03-02T13:03:31Z,,c6e362251a1e3bda248745ec3c4be16d,pronom,fmt/43,JPEG File Interchange Format,1.01,image/jpeg,Image (Raster),extension match jpg; byte match at [[0 14] [944244 2]],,2580,3630,8,814,"8 - Langbroek, 1908-1949/8_814/8_814_0001.jpg"
"8 - Langbroek, 1908-1949/8_814/8_814_0002.jpg",586650,2026-03-02T13:03:31Z,,6c512dfd50ae7c07bdbe91bf59cedb2d,pronom,fmt/43,JPEG File Interchange Format,1.01,image/jpeg,Image (Raster),extension match jpg; byte match at [[0 14] [586648 2]],,3250,2600,8,814,"8 - Langbroek, 1908-1949/8_814/8_814_0002.jpg"
"8 - Langbroek, 1908-1949/8_815/8_815_0001.jpg",720678,2026-03-02T13:03:31Z,,5e922037b05b0dcc7d260965c45144cc,pronom,fmt/43,JPEG File Interchange Format,1.01,image/jpeg,Image (Raster),extension match jpg; byte match at [[0 14] [720676 2]],,2541,4067,8,815,"8 - Langbroek, 1908-1949/8_815/8_815_0001.jpg"
"8 - Langbroek, 1908-1949/8_815/8_815_0002.jpg",3517955,2026-03-02T13:03:31Z,,87818ba5df268868fdeacc327ebc82ce,pronom,fmt/43,JPEG File Interchange Format,1.01,image/jpeg,Image (Raster),extension match jpg; byte match at [[0 14] [3517953 2]],,5876,4482,8,815,"8 - Langbroek, 1908-1949/8_815/8_815_0002.jpg"
"8 - Langbroek, 1908-1949/8_815/8_815_0003.jpg",3289044,2026-03-02T13:03:31Z,,a607e3ebf9d9c51bfd14d8caa976a5b1,pronom,fmt/43,JPEG File Interchange Format,1.01,image/jpeg,Image (Raster),extension match jpg; byte match at [[0 14] [3289042 2]],,5860,4510,8,815,"8 - Langbroek, 1908-1949/8_815/8_815_0003.jpg"
"8 - Langbroek, 1908-1949/8_815/8_815_0004.jpg",288932,2026-03-02T13:03:31Z,,0260f302cb244259875334dfd5e75475,pronom,fmt/43,JPEG File Interchange Format,1.01,image/jpeg,Image (Raster),extension match jpg; byte match at [[0 14] [288930 2]],,1440,2240,8,815,"8 - Langbroek, 1908-1949/8_815/8_815_0004.jpg"
"8 - Langbroek, 1908-1949/8_815/8_815_0005.jpg",322311,2026-03-02T13:03:31Z,,edbd7835c1033d2252f4b0de9bd501fa,pronom,fmt/43,JPEG File Interchange Format,1.01,image/jpeg,Image (Raster),extension match jpg; byte match at [[0 14] [322309 2]],,1444,2244,8,815,"8 - Langbroek, 1908-1949/8_815/8_815_0005.jpg"
"8 - Langbroek, 1908-1949/8_815/8_815_0006.jpg",419805,2026-03-02T13:03:31Z,,c55e239beb3a61981a2af8798367a893,pronom,fmt/43,JPEG File Interchange Format,1.01,image/jpeg,Image (Raster),extension match jpg; byte match at [[0 14] [419803 2]],,2769,2244,8,815,"8 - Langbroek, 1908-1949/8_815/8_815_0006.jpg"
"8 - Langbroek, 1908-1949/8_816/8_816_0001.jpg",693121,2026-03-02T13:03:31Z,,5f3f3a1158a8392496925cf9beb1b196,pronom,fmt/43,JPEG File Interchange Format,1.01,image/jpeg,Image (Raster),extension match jpg; byte match at [[0 14] [693119 2]],,2543,4068,8,816,"8 - Langbroek, 1908-1949/8_816/8_816_0001.jpg"
"8 - Langbroek, 1908-1949/8_816/8_816_0002.jpg",215297,2026-03-02T13:03:31Z,,a2f5da2867fda0abead4384f942b62ad,pronom,fmt/43,JPEG File Interchange Format,1.01,image/jpeg,Image (Raster),extension match jpg; byte match at [[0 14] [215295 2]],,1370,1720,8,816,"8 - Langbroek, 1908-1949/8_816/8_816_0002.jpg"
"8 - Langbroek, 1908-1949/8_816/8_816_0003.jpg",801676,2026-03-02T13:03:31Z,,92e04c36b992721ed6eb79d1ce9328ff,pronom,fmt/43,JPEG File Interchange Format,1.01,image/jpeg,Image (Raster),extension match jpg; byte match at [[0 14] [801674 2]],,2499,4039,8,816,"8 - Langbroek, 1908-1949/8_816/8_816_0003.jpg"
"8 - Langbroek, 1908-1949/8_816/8_816_0004.jpg",1070546,2026-03-02T13:03:31Z,,328242e31945f228c5a9c6d716bca5da,pronom,fmt/43,JPEG File Interchange Format,1.01,image/jpeg,Image (Raster),extension match jpg; byte match at [[0 14] [1070544 2]],,2493,4062,8,816,"8 - Langbroek, 1908-1949/8_816/8_816_0004.jpg"
"8 - Langbroek, 1908-1949/8_816/8_816_0005.jpg",929114,2026-03-02T13:03:31Z,,597f89d6e9dd602416fd4dea873552fc,pronom,fmt/43,JPEG File Interchange Format,1.01,image/jpeg,Image (Raster),extension match jpg; byte match at [[0 14] [929112 2]],,2492,4058,8,816,"8 - Langbroek, 1908-1949/8_816/8_816_0005.jpg"
"8 - Langbroek, 1908-1949/8_816/8_816_0006.jpg",4338476,2026-03-02T13:03:31Z,,cae757d68ad63061a1b8aa4c161b330f,pronom,fmt/43,JPEG File Interchange Format,1.01,image/jpeg,Image (Raster),extension match jpg; byte match at [[0 14] [4338474 2]],,5270,7300,8,816,"8 - Langbroek, 1908-1949/8_816/8_816_0006.jpg"
"8 - Langbroek, 1908-1949/8_816/8_816_0007.jpg",4093545,2026-03-02T13:03:31Z,,8342766b20aeb7c8e6b11fd7d4f37b95,pronom,fmt/43,JPEG File Interchange Format,1.01,image/jpeg,Image (Raster),extension match jpg; byte match at [[0 14] [4093543 2]],,5281,7304,8,816,"8 - Langbroek, 1908-1949/8_816/8_816_0007.jpg"
"8 - Langbroek, 1908-1949/8_817/8_817_0001.jpg",698764,2026-03-02T13:03:31Z,,667e8362bd1339bd207c2026a7577850,pronom,fmt/43,JPEG File Interchange Format,1.01,image/jpeg,Image (Raster),extension match jpg; byte match at [[0 14] [698762 2]],,2542,4067,8,817,"8 - Langbroek, 1908-1949/8_817/8_817_0001.jpg"
"8 - Langbroek, 1908-1949/8_817/8_817_0002.jpg",711313,2026-03-02T13:03:31Z,,d797daa2bd2e15bad1dde8661cac4e60,pronom,fmt/43,JPEG File Interchange Format,1.01,image/jpeg,Image (Raster),extension match jpg; byte match at [[0 14] [711311 2]],,2629,4109,8,817,"8 - Langbroek, 1908-1949/8_817/8_817_0002.jpg"
"8 - Langbroek, 1908-1949/8_817/8_817_0003.jpg",798160,2026-03-02T13:03:31Z,,dc4b99f7c93048bae266d0590a0362f6,pronom,fmt/43,JPEG File Interchange Format,1.01,image/jpeg,Image (Raster),extension match jpg; byte match at [[0 14] [798158 2]],,2620,4090,8,817,"8 - Langbroek, 1908-1949/8_817/8_817_0003.jpg"
"8 - Langbroek, 1908-1949/8_817/8_817_0004.jpg",2697660,2026-03-02T13:03:31Z,,cd2ea073cb2b9999c561222e59289bed,pronom,fmt/43,JPEG File Interchange Format,1.01,image/jpeg,Image (Raster),extension match jpg; byte match at [[0 14] [2697658 2]],,4104,4725,8,817,"8 - Langbroek, 1908-1949/8_817/8_817_0004.jpg"
"8 - Langbroek, 1908-1949/8_817/8_817_0005.jpg",1021984,2026-03-02T13:03:31Z,,39a4b85d205e6b501dc98a9bd4d9a9a5,pronom,fmt/43,JPEG File Interchange Format,1.01,image/jpeg,Image (Raster),extension match jpg; byte match at [[0 14] [1021982 2]],,4725,4110,8,817,"8 - Langbroek, 1908-1949/8_817/8_817_0005.jpg"
"8 - Langbroek, 1908-1949/8_818/8_818_0001.jpg",626023,2026-03-02T13:03:31Z,,6e50c94c7e5d398e1bb8e6dda555db9d,pronom,fmt/43,JPEG File Interchange Format,1.01,image/jpeg,Image (Raster),extension match jpg; byte match at [[0 14] [626021 2]],,2558,4082,8,818,"8 - Langbroek, 1908-1949/8_818/8_818_0001.jpg"
"8 - Langbroek, 1908-1949/8_819/8_819_0001.jpg",747744,2026-03-02T13:03:31Z,,54fe41f2f00c9c6a685ebdef56ed8f64,pronom,fmt/43,JPEG File Interchange Format,1.01,image/jpeg,Image (Raster),extension match jpg; byte match at [[0 14] [747742 2]],,2680,3380,8,819,"8 - Langbroek, 1908-1949/8_819/8_819_0001.jpg"
"8 - Langbroek, 1908-1949/8_819/8_819_0002.jpg",574337,2026-03-02T13:03:31Z,,978bbb50790380e4c3d8b0b448484af3,pronom,fmt/43,JPEG File Interchange Format,1.01,image/jpeg,Image (Raster),extension match jpg; byte match at [[0 14] [574335 2]],,2664,3213,8,819,"8 - Langbroek, 1908-1949/8_819/8_819_0002.jpg"
"8 - Langbroek, 1908-1949/8_819/8_819_0003.jpg",2855317,2026-03-02T13:03:31Z,,1971c6e19e2bfe0b8aa210e00b0e1f02,pronom,fmt/43,JPEG File Interchange Format,1.01,image/jpeg,Image (Raster),extension match jpg; byte match at [[0 14] [2855315 2]],,4976,4644,8,819,"8 - Langbroek, 1908-1949/8_819/8_819_0003.jpg"
"8 - Langbroek, 1908-1949/8_820/8_820_0001.jpg",812438,2026-03-02T13:03:31Z,,e820159247a0370e2dd06fe40ac39472,pronom,fmt/43,JPEG File Interchange Format,1.01,image/jpeg,Image (Raster),extension match jpg; byte match at [[0 14] [812436 2]],,2593,3637,8,820,"8 - Langbroek, 1908-1949/8_820/8_820_0001.jpg"
"8 - Langbroek, 1908-1949/8_820/8_820_0002.jpg",842263,2026-03-02T13:03:31Z,,69e8a3b53a12797fa79ae8c602719ba8,pronom,fmt/43,JPEG File Interchange Format,1.01,image/jpeg,Image (Raster),extension match jpg; byte match at [[0 14] [842261 2]],,2396,4143,8,820,"8 - Langbroek, 1908-1949/8_820/8_820_0002.jpg"
"8 - Langbroek, 1908-1949/8_820/8_820_0003.jpg",627796,2026-03-02T13:03:31Z,,0b49a55160826c95e6c39eb82bdc661a,pronom,fmt/43,JPEG File Interchange Format,1.01,image/jpeg,Image (Raster),extension match jpg; byte match at [[0 14] [627794 2]],,2690,3400,8,820,"8 - Langbroek, 1908-1949/8_820/8_820_0003.jpg"
"8 - Langbroek, 1908-1949/8_821/8_821_0001.jpg",383913,2026-03-02T13:03:31Z,,3c2fff7fd523879b7caa264f61bb6223,pronom,fmt/43,JPEG File Interchange Format,1.01,image/jpeg,Image (Raster),extension match jpg; byte match at [[0 14] [383911 2]],,1703,2626,8,821,"8 - Langbroek, 1908-1949/8_821/8_821_0001.jpg"
"8 - Langbroek, 1908-1949/8_821/8_821_0002.jpg",686770,2026-03-02T13:03:31Z,,0bd5dc35b4d1dada9dbab631c71e8a70,pronom,fmt/43,JPEG File Interchange Format,1.01,image/jpeg,Image (Raster),extension match jpg; byte match at [[0 14] [686768 2]],,2559,4080,8,821,"8 - Langbroek, 1908-1949/8_821/8_821_0002.jpg"
"8 - Langbroek, 1908-1949/8_821/8_821_0003.jpg",725184,2026-03-02T13:03:31Z,,045122ae2131b252e7703daaaa0c3ade,pronom,fmt/43,JPEG File Interchange Format,1.01,image/jpeg,Image (Raster),extension match jpg; byte match at [[0 14] [725182 2]],,2680,3390,8,821,"8 - Langbroek, 1908-1949/8_821/8_821_0003.jpg"
"8 - Langbroek, 1908-1949/8_821/8_821_0004.jpg",661497,2026-03-02T13:03:31Z,,8f995a1be764aebdfc3e7e3f0e56817b,pronom,fmt/43,JPEG File Interchange Format,1.01,image/jpeg,Image (Raster),extension match jpg; byte match at [[0 14] [661495 2]],,2610,2980,8,821,"8 - Langbroek, 1908-1949/8_821/8_821_0004.jpg"
"8 - Langbroek, 1908-1949/8_821/8_821_0005.jpg",352443,2026-03-02T13:03:31Z,,ea5443a557a53f9486abeb4fbb68cedc,pronom,fmt/43,JPEG File Interchange Format,1.01,image/jpeg,Image (Raster),extension match jpg; byte match at [[0 14] [352441 2]],,1644,2131,8,821,"8 - Langbroek, 1908-1949/8_821/8_821_0005.jpg"
"8 - Langbroek, 1908-1949/8_821/8_821_0006.jpg",841059,2026-03-02T13:03:31Z,,121c19ae73e7f3eaa7b6f104e11a25dc,pronom,fmt/43,JPEG File Interchange Format,1.01,image/jpeg,Image (Raster),extension match jpg; byte match at [[0 14] [841057 2]],,2672,3302,8,821,"8 - Langbroek, 1908-1949/8_821/8_821_0006.jpg"
"8 - Langbroek, 1908-1949/8_821/8_821_0007.jpg",475310,2026-03-02T13:03:31Z,,9a641754dc1715c54484ae9eaef54d67,pronom,fmt/43,JPEG File Interchange Format,1.01,image/jpeg,Image (Raster),extension match jpg; byte match at [[0 14] [475308 2]],,2550,1870,8,821,"8 - Langbroek, 1908-1949/8_821/8_821_0007.jpg"
"8 - Langbroek, 1908-1949/8_821/8_821_0008.jpg",594835,2026-03-02T13:03:31Z,,f2f5bfe0a53803b369151d4042eb2bbb,pronom,fmt/43,JPEG File Interchange Format,1.01,image/jpeg,Image (Raster),extension match jpg; byte match at [[0 14] [594833 2]],,2046,2556,8,821,"8 - Langbroek, 1908-1949/8_821/8_821_0008.jpg"
"8 - Langbroek, 1908-1949/8_821/8_821_0009.jpg",539858,2026-03-02T13:03:31Z,,5ce0c2b66bdc31bbcf33d3bbd7b192a5,pronom,fmt/43,JPEG File Interchange Format,1.01,image/jpeg,Image (Raster),extension match jpg; byte match at [[0 14] [539856 2]],,2578,1864,8,821,"8 - Langbroek, 1908-1949/8_821/8_821_0009.jpg"
"8 - Langbroek, 1908-1949/8_821/8_821_0010.jpg",365056,2026-03-02T13:03:31Z,,afc7a1ccd44e922445f97cd58ebd656b,pronom,fmt/43,JPEG File Interchange Format,1.01,image/jpeg,Image (Raster),extension match jpg; byte match at [[0 14] [365054 2]],,1675,1999,8,821,"8 - Langbroek, 1908-1949/8_821/8_821_0010.jpg"
"8 - Langbroek, 1908-1949/8_821/8_821_0011.jpg",837665,2026-03-02T13:03:31Z,,054ee346006fc21997b426f154fd338d,pronom,fmt/43,JPEG File Interchange Format,1.01,image/jpeg,Image (Raster),extension match jpg; byte match at [[0 14] [837663 2]],,2700,3950,8,821,"8 - Langbroek, 1908-1949/8_821/8_821_0011.jpg"
"8 - Langbroek, 1908-1949/8_821/8_821_0012.jpg",1565319,2026-03-02T13:03:31Z,,43f45bfd59498beac0c36f5e2f93eda8,pronom,fmt/43,JPEG File Interchange Format,1.01,image/jpeg,Image (Raster),extension match jpg; byte match at [[0 14] [1565317 2]],,5280,3950,8,821,"8 - Langbroek, 1908-1949/8_821/8_821_0012.jpg"
"8 - Langbroek, 1908-1949/8_821/8_821_0013.jpg",730011,2026-03-02T13:03:31Z,,23a042cc37e3e8ec999c42fae2b56b30,pronom,fmt/43,JPEG File Interchange Format,1.01,image/jpeg,Image (Raster),extension match jpg; byte match at [[0 14] [730009 2]],,2689,3939,8,821,"8 - Langbroek, 1908-1949/8_821/8_821_0013.jpg"
"8 - Langbroek, 1908-1949/8_822/8_822_0001.jpg",531878,2026-03-02T13:03:31Z,,9a21ea4389ea4911addc373c5f0ead65,pronom,fmt/43,JPEG File Interchange Format,1.01,image/jpeg,Image (Raster),extension match jpg; byte match at [[0 14] [531876 2]],,1840,2050,8,822,"8 - Langbroek, 1908-1949/8_822/8_822_0001.jpg"
"8 - Langbroek, 1908-1949/8_822/8_822_0002.jpg",527656,2026-03-02T13:03:31Z,,89259d973b88e87243baa524c48278be,pronom,fmt/43,JPEG File Interchange Format,1.01,image/jpeg,Image (Raster),extension match jpg; byte match at [[0 14] [527654 2]],,2617,2089,8,822,"8 - Langbroek, 1908-1949/8_822/8_822_0002.jpg"
"8 - Langbroek, 1908-1949/8_822/8_822_0003.jpg",4790543,2026-03-02T13:03:31Z,,fa434c8503ef2073900f68eece132a65,pronom,fmt/43,JPEG File Interchange Format,1.01,image/jpeg,Image (Raster),extension match jpg; byte match at [[0 14] [4790541 2]],,7330,5610,8,822,"8 - Langbroek, 1908-1949/8_822/8_822_0003.jpg"
"8 - Langbroek, 1908-1949/8_822/8_822_0004.jpg",684602,2026-03-02T13:03:31Z,,8f7cb49343fabb865c866349c41c53da,pronom,fmt/43,JPEG File Interchange Format,1.01,image/jpeg,Image (Raster),extension match jpg; byte match at [[0 14] [684600 2]],,2637,3092,8,822,"8 - Langbroek, 1908-1949/8_822/8_822_0004.jpg"
"8 - Langbroek, 1908-1949/8_823/8_823_0001.jpg",777570,2026-03-02T13:03:31Z,,057876a11879819c34bbbe8e0d4face3,pronom,fmt/43,JPEG File Interchange Format,1.01,image/jpeg,Image (Raster),extension match jpg; byte match at [[0 14] [777568 2]],,2551,4119,8,823,"8 - Langbroek, 1908-1949/8_823/8_823_0001.jpg"
"8 - Langbroek, 1908-1949/8_823/8_823_0002.jpg",261585,2026-03-02T13:03:31Z,,54c15373f2c39b0b16f0787dcf3ff114,pronom,fmt/43,JPEG File Interchange Format,1.01,image/jpeg,Image (Raster),extension match jpg; byte match at [[0 14] [261583 2]],,1363,2136,8,823,"8 - Langbroek, 1908-1949/8_823/8_823_0002.jpg"
"8 - Langbroek, 1908-1949/8_824/8_824_0001.jpg",693146,2026-03-02T13:03:31Z,,2d7523a6fc5306969938915bff73f96a,pronom,fmt/43,JPEG File Interchange Format,1.01,image/jpeg,Image (Raster),extension match jpg; byte match at [[0 14] [693144 2]],,2558,4072,8,824,"8 - Langbroek, 1908-1949/8_824/8_824_0001.jpg"
"8 - Langbroek, 1908-1949/8_824/8_824_0002.jpg",854468,2026-03-02T13:03:31Z,,6e1538f681dc252e8da3b0f48693479d,pronom,fmt/43,JPEG File Interchange Format,1.01,image/jpeg,Image (Raster),extension match jpg; byte match at [[0 14] [854466 2]],,2427,3187,8,824,"8 - Langbroek, 1908-1949/8_824/8_824_0002.jpg"
"8 - Langbroek, 1908-1949/8_824/8_824_0003.jpg",6278419,2026-03-02T13:03:31Z,,7193b1de62538b82838b2825d16bc664,pronom,fmt/43,JPEG File Interchange Format,1.01,image/jpeg,Image (Raster),extension match jpg; byte match at [[0 14] [6278417 2]],,7153,5893,8,824,"8 - Langbroek, 1908-1949/8_824/8_824_0003.jpg"
"8 - Langbroek, 1908-1949/8_825/8_825_0001.jpg",845208,2026-03-02T13:03:31Z,,098e3e2830507250b6f62e280c63d0d9,pronom,fmt/43,JPEG File Interchange Format,1.01,image/jpeg,Image (Raster),extension match jpg; byte match at [[0 14] [845206 2]],,2580,3620,8,825,"8 - Langbroek, 1908-1949/8_825/8_825_0001.jpg"
"8 - Langbroek, 1908-1949/8_825/8_825_0002.jpg",541679,2026-03-02T13:03:31Z,,29d8fb9b4e4ef9934c86bae24e6b8c29,pronom,fmt/43,JPEG File Interchange Format,1.01,image/jpeg,Image (Raster),extension match jpg; byte match at [[0 14] [541677 2]],,2611,3256,8,825,"8 - Langbroek, 1908-1949/8_825/8_825_0002.jpg"
"8 - Langbroek, 1908-1949/8_825/8_825_0003.jpg",3483210,2026-03-02T13:03:31Z,,5a2e40c702d3382f32b016f07685bcc9,pronom,fmt/43,JPEG File Interchange Format,1.01,image/jpeg,Image (Raster),extension match jpg; byte match at [[0 14] [3483208 2]],,7158,4222,8,825,"8 - Langbroek, 1908-1949/8_825/8_825_0003.jpg"
"8 - Langbroek, 1908-1949/8_826/8_826_0001.jpg",728633,2026-03-02T13:03:32Z,,c8cfed29a280d32678289b63f23ede98,pronom,fmt/43,JPEG File Interchange Format,1.01,image/jpeg,Image (Raster),extension match jpg; byte match at [[0 14] [728631 2]],,2684,3388,8,826,"8 - Langbroek, 1908-1949/8_826/8_826_0001.jpg"
"8 - Langbroek, 1908-1949/8_826/8_826_0002.jpg",859645,2026-03-02T13:03:32Z,,63aa85bd8a664f6e071815a0fdc4c9d3,pronom,fmt/43,JPEG File Interchange Format,1.01,image/jpeg,Image (Raster),extension match jpg; byte match at [[0 14] [859643 2]],,2665,3204,8,826,"8 - Langbroek, 1908-1949/8_826/8_826_0002.jpg"
"8 - Langbroek, 1908-1949/8_826/8_826_0003.jpg",2197507,2026-03-02T13:03:32Z,,e504c1240b7dcfed11144d37d50e8587,pronom,fmt/43,JPEG File Interchange Format,1.01,image/jpeg,Image (Raster),extension match jpg; byte match at [[0 14] [2197505 2]],,4811,3578,8,826,"8 - Langbroek, 1908-1949/8_826/8_826_0003.jpg"
"8 - Langbroek, 1908-1949/8_827/8_827_0001.jpg",753973,2026-03-02T13:03:32Z,,be033a4d317d85dbcbf11925a50346b4,pronom,fmt/43,JPEG File Interchange Format,1.01,image/jpeg,Image (Raster),extension match jpg; byte match at [[0 14] [753971 2]],,2730,3430,8,827,"8 - Langbroek, 1908-1949/8_827/8_827_0001.jpg"
"8 - Langbroek, 1908-1949/8_827/8_827_0002.jpg",912902,2026-03-02T13:03:32Z,,4503eefc220a05b55d0594aa049700c4,pronom,fmt/43,JPEG File Interchange Format,1.01,image/jpeg,Image (Raster),extension match jpg; byte match at [[0 14] [912900 2]],,2600,3620,8,827,"8 - Langbroek, 1908-1949/8_827/8_827_0002.jpg"
"8 - Langbroek, 1908-1949/8_827/8_827_0003.jpg",8004163,2026-03-02T13:03:32Z,,8d59762923009aab46bedf4d8dcb0b04,pronom,fmt/43,JPEG File Interchange Format,1.01,image/jpeg,Image (Raster),extension match jpg; byte match at [[0 14] [8004161 2]],,11334,5832,8,827,"8 - Langbroek, 1908-1949/8_827/8_827_0003.jpg"
"8 - Langbroek, 1908-1949/8_827/8_827_0004.jpg",2270100,2026-03-02T13:03:32Z,,96ab5046ad2b0584de275ac18863893c,pronom,fmt/43,JPEG File Interchange Format,1.01,image/jpeg,Image (Raster),extension match jpg; byte match at [[0 14] [2270098 2]],,11334,5829,8,827,"8 - Langbroek, 1908-1949/8_827/8_827_0004.jpg"
"8 - Langbroek, 1908-1949/8_828/8_828_0001.jpg",849270,2026-03-02T13:03:32Z,,cf6241c45bbf249252a4b66ab2c19593,pronom,fmt/43,JPEG File Interchange Format,1.01,image/jpeg,Image (Raster),extension match jpg; byte match at [[0 14] [849268 2]],,2574,3631,8,828,"8 - Langbroek, 1908-1949/8_828/8_828_0001.jpg"
"8 - Langbroek, 1908-1949/8_828/8_828_0002.jpg",801611,2026-03-02T13:03:32Z,,99111274dc6107526f3e634d4c6ba037,pronom,fmt/43,JPEG File Interchange Format,1.01,image/jpeg,Image (Raster),extension match jpg; byte match at [[0 14] [801609 2]],,3522,2697,8,828,"8 - Langbroek, 1908-1949/8_828/8_828_0002.jpg"
"8 - Langbroek, 1908-1949/8_829/8_829_0001.jpg",857380,2026-03-02T13:03:32Z,,cd081e85c10f3c3b2c1ed7cfbc07571a,pronom,fmt/43,JPEG File Interchange Format,1.01,image/jpeg,Image (Raster),extension match jpg; byte match at [[0 14] [857378 2]],,2577,3636,8,829,"8 - Langbroek, 1908-1949/8_829/8_829_0001.jpg"
"8 - Langbroek, 1908-1949/8_829/8_829_0002.jpg",911142,2026-03-02T13:03:32Z,,d6afc5bb5311e4e9bc0f4e49c3bce035,pronom,fmt/43,JPEG File Interchange Format,1.01,image/jpeg,Image (Raster),extension match jpg; byte match at [[0 14] [911140 2]],,3998,3085,8,829,"8 - Langbroek, 1908-1949/8_829/8_829_0002.jpg"
"8 - Langbroek, 1908-1949/8_829/8_829_0003.jpg",738419,2026-03-02T13:03:32Z,,c4c7471e397ac845a781a48206d461b7,pronom,fmt/43,JPEG File Interchange Format,1.01,image/jpeg,Image (Raster),extension match jpg; byte match at [[0 14] [738417 2]],,2689,3211,8,829,"8 - Langbroek, 1908-1949/8_829/8_829_0003.jpg"
"8 - Langbroek, 1908-1949/8_830/8_830_0001.jpg",2814534,2026-03-02T13:03:32Z,,ab595f08756f433db4f8aaa7213a484d,pronom,fmt/43,JPEG File Interchange Format,1.01,image/jpeg,Image (Raster),extension match jpg; byte match at [[0 14] [2814532 2]],,5790,4340,8,830,"8 - Langbroek, 1908-1949/8_830/8_830_0001.jpg"
"8 - Langbroek, 1908-1949/8_830/8_830_0002.jpg",759639,2026-03-02T13:03:32Z,,17b19f0681d22cd1dd19da3d8feeff23,pronom,fmt/43,JPEG File Interchange Format,1.01,image/jpeg,Image (Raster),extension match jpg; byte match at [[0 14] [759637 2]],,2489,3909,8,830,"8 - Langbroek, 1908-1949/8_830/8_830_0002.jpg"
"8 - Langbroek, 1908-1949/8_830/8_830_0003.jpg",554997,2026-03-02T13:03:32Z,,8eaca8ea1f1fe89b8972ad2519bc6791,pronom,fmt/43,JPEG File Interchange Format,1.01,image/jpeg,Image (Raster),extension match jpg; byte match at [[0 14] [554995 2]],,2470,2810,8,830,"8 - Langbroek, 1908-1949/8_830/8_830_0003.jpg"
"8 - Langbroek, 1908-1949/8_830/8_830_0004.jpg",646582,2026-03-02T13:03:32Z,,4fb97017b3b94262e1156f89abcc1def,pronom,fmt/43,JPEG File Interchange Format,1.01,image/jpeg,Image (Raster),extension match jpg; byte match at [[0 14] [646580 2]],,2629,3303,8,830,"8 - Langbroek, 1908-1949/8_830/8_830_0004.jpg"
"8 - Langbroek, 1908-1949/8_830/8_830_0005.jpg",1021669,2026-03-02T13:03:32Z,,199aeb912846bf21be75e66e98fd6b27,pronom,fmt/43,JPEG File Interchange Format,1.01,image/jpeg,Image (Raster),extension match jpg; byte match at [[0 14] [1021667 2]],,2613,4047,8,830,"8 - Langbroek, 1908-1949/8_830/8_830_0005.jpg"
"8 - Langbroek, 1908-1949/8_831/8_831_0001.jpg",406392,2026-03-02T13:03:32Z,,e0dd496f642e739ce8bbd16176a4019a,pronom,fmt/43,JPEG File Interchange Format,1.01,image/jpeg,Image (Raster),extension match jpg; byte match at [[0 14] [406390 2]],,2706,1756,8,831,"8 - Langbroek, 1908-1949/8_831/8_831_0001.jpg"
"8 - Langbroek, 1908-1949/8_831/8_831_0002.jpg",814990,2026-03-02T13:03:32Z,,f6d0e0fc3fdd514a6985fc3b722a1655,pronom,fmt/43,JPEG File Interchange Format,1.01,image/jpeg,Image (Raster),extension match jpg; byte match at [[0 14] [814988 2]],,2599,3634,8,831,"8 - Langbroek, 1908-1949/8_831/8_831_0002.jpg"
"8 - Langbroek, 1908-1949/8_831/8_831_0003.jpg",3173274,2026-03-02T13:03:32Z,,411fb888032abd018422abb533d0dbdc,pronom,fmt/43,JPEG File Interchange Format,1.01,image/jpeg,Image (Raster),extension match jpg; byte match at [[0 14] [3173272 2]],,10393,4039,8,831,"8 - Langbroek, 1908-1949/8_831/8_831_0003.jpg"
"8 - Langbroek, 1908-1949/8_831/8_831_0004.jpg",2699610,2026-03-02T13:03:32Z,,70433fa6046bc8faa6a4aa890350ea0b,pronom,fmt/43,JPEG File Interchange Format,1.01,image/jpeg,Image (Raster),extension match jpg; byte match at [[0 14] [2699608 2]],,4036,10408,8,831,"8 - Langbroek, 1908-1949/8_831/8_831_0004.jpg"
"8 - Langbroek, 1908-1949/8_831/8_831_0005.jpg",871975,2026-03-02T13:03:32Z,,5dbd3e827dea10966c2cec2fcacd53ca,pronom,fmt/43,JPEG File Interchange Format,1.01,image/jpeg,Image (Raster),extension match jpg; byte match at [[0 14] [871973 2]],,2593,3619,8,831,"8 - Langbroek, 1908-1949/8_831/8_831_0005.jpg"
"8 - Langbroek, 1908-1949/8_831/8_831_0006.jpg",1805653,2026-03-02T13:03:32Z,,0ec12f3e506af314715384ec0f55f492,pronom,fmt/43,JPEG File Interchange Format,1.01,image/jpeg,Image (Raster),extension match jpg; byte match at [[0 14] [1805651 2]],,4470,5013,8,831,"8 - Langbroek, 1908-1949/8_831/8_831_0006.jpg"
"8 - Langbroek, 1908-1949/8_831/8_831_0007.jpg",756697,2026-03-02T13:03:32Z,,3d87612654046556e202f9bb8a412dc2,pronom,fmt/43,JPEG File Interchange Format,1.01,image/jpeg,Image (Raster),extension match jpg; byte match at [[0 14] [756695 2]],,2613,4095,8,831,"8 - Langbroek, 1908-1949/8_831/8_831_0007.jpg"
"8 - Langbroek, 1908-1949/8_832/8_832_0001.jpg",484168,2026-03-02T13:03:32Z,,c79cffda1a8267d698dba983530a1f99,pronom,fmt/43,JPEG File Interchange Format,1.01,image/jpeg,Image (Raster),extension match jpg; byte match at [[0 14] [484166 2]],,2613,2089,8,832,"8 - Langbroek, 1908-1949/8_832/8_832_0001.jpg"
"8 - Langbroek, 1908-1949/8_832/8_832_0002.jpg",675991,2026-03-02T13:03:32Z,,96fea797ba1fb663c3f42897af66ad3d,pronom,fmt/43,JPEG File Interchange Format,1.01,image/jpeg,Image (Raster),extension match jpg; byte match at [[0 14] [675989 2]],,2679,3412,8,832,"8 - Langbroek, 1908-1949/8_832/8_832_0002.jpg"
"8 - Langbroek, 1908-1949/8_832/8_832_0003.jpg",2780083,2026-03-02T13:03:32Z,,d3714ab3fd9a2fb8cfc32d8fd6877c01,pronom,fmt/43,JPEG File Interchange Format,1.01,image/jpeg,Image (Raster),extension match jpg; byte match at [[0 14] [2780081 2]],,6493,3315,8,832,"8 - Langbroek, 1908-1949/8_832/8_832_0003.jpg"
"8 - Langbroek, 1908-1949/8_833/8_833_0001.jpg",322492,2026-03-02T13:03:32Z,,0c05898d5f1cd24a2f95a6c5a3e8b49e,pronom,fmt/43,JPEG File Interchange Format,1.01,image/jpeg,Image (Raster),extension match jpg; byte match at [[0 14] [322490 2]],,1440,2220,8,833,"8 - Langbroek, 1908-1949/8_833/8_833_0001.jpg"
"8 - Langbroek, 1908-1949/8_833/8_833_0002.jpg",2678094,2026-03-02T13:03:32Z,,952ad87f4c6af3e7af588bd4ef18d080,pronom,fmt/43,JPEG File Interchange Format,1.01,image/jpeg,Image (Raster),extension match jpg; byte match at [[0 14] [2678092 2]],,4011,5698,8,833,"8 - Langbroek, 1908-1949/8_833/8_833_0002.jpg"
"8 - Langbroek, 1908-1949/8_833/8_833_0003.jpg",1239989,2026-03-02T13:03:32Z,,fddeaa995456d47270060458829ecaf7,pronom,fmt/43,JPEG File Interchange Format,1.01,image/jpeg,Image (Raster),extension match jpg; byte match at [[0 14] [1239987 2]],,5692,4009,8,833,"8 - Langbroek, 1908-1949/8_833/8_833_0003.jpg"
"8 - Langbroek, 1908-1949/8_833/8_833_0004.jpg",700057,2026-03-02T13:03:32Z,,1ac0953580fd9506e43d27e0eee1c26f,pronom,fmt/43,JPEG File Interchange Format,1.01,image/jpeg,Image (Raster),extension match jpg; byte match at [[0 14] [700055 2]],,2543,4067,8,833,"8 - Langbroek, 1908-1949/8_833/8_833_0004.jpg"
"8 - Langbroek, 1908-1949/8_834/8_834_0001.jpg",565145,2026-03-02T13:03:32Z,,4d06b114ed12a8b779b41f65edc7a5cc,pronom,fmt/43,JPEG File Interchange Format,1.01,image/jpeg,Image (Raster),extension match jpg; byte match at [[0 14] [565143 2]],,2610,2080,8,834,"8 - Langbroek, 1908-1949/8_834/8_834_0001.jpg"
"8 - Langbroek, 1908-1949/8_834/8_834_0002.jpg",679024,2026-03-02T13:03:32Z,,a02eec2b22cd3fcfe1256e3c3663d1c4,pronom,fmt/43,JPEG File Interchange Format,1.01,image/jpeg,Image (Raster),extension match jpg; byte match at [[0 14] [679022 2]],,2663,2676,8,834,"8 - Langbroek, 1908-1949/8_834/8_834_0002.jpg"
"8 - Langbroek, 1908-1949/8_834/8_834_0003.jpg",2530615,2026-03-02T13:03:32Z,,032a897f8b6b32cf837567344716837b,pronom,fmt/43,JPEG File Interchange Format,1.01,image/jpeg,Image (Raster),extension match jpg; byte match at [[0 14] [2530613 2]],,4037,5350,8,834,"8 - Langbroek, 1908-1949/8_834/8_834_0003.jpg"
"8 - Langbroek, 1908-1949/8_835/8_835_0001.jpg",790982,2026-03-02T13:03:32Z,,6d7d884c5893a4786097fa84ed888008,pronom,fmt/43,JPEG File Interchange Format,1.01,image/jpeg,Image (Raster),extension match jpg; byte match at [[0 14] [790980 2]],,2589,3629,8,835,"8 - Langbroek, 1908-1949/8_835/8_835_0001.jpg"
"8 - Langbroek, 1908-1949/8_835/8_835_0002.jpg",725490,2026-03-02T13:03:32Z,,67f341e07c1366992587e0306d284862,pronom,fmt/43,JPEG File Interchange Format,1.01,image/jpeg,Image (Raster),extension match jpg; byte match at [[0 14] [725488 2]],,2590,3630,8,835,"8 - Langbroek, 1908-1949/8_835/8_835_0002.jpg"
"8 - Langbroek, 1908-1949/8_836/8_836_0001.jpg",388405,2026-03-02T13:03:32Z,,bd112e4427822d13dae215900a4ac7c5,pronom,fmt/43,JPEG File Interchange Format,1.01,image/jpeg,Image (Raster),extension match jpg; byte match at [[0 14] [388403 2]],,1736,2625,8,836,"8 - Langbroek, 1908-1949/8_836/8_836_0001.jpg"
"8 - Langbroek, 1908-1949/8_836/8_836_0002.jpg",731813,2026-03-02T13:03:32Z,,6d4931cf6dd32ab1b791512b4ddd3b4e,pronom,fmt/43,JPEG File Interchange Format,1.01,image/jpeg,Image (Raster),extension match jpg; byte match at [[0 14] [731811 2]],,2544,4070,8,836,"8 - Langbroek, 1908-1949/8_836/8_836_0002.jpg"
"8 - Langbroek, 1908-1949/8_837/8_837_0001.jpg",404193,2026-03-02T13:03:32Z,,9e21c59dd21829300c03c155e722d36a,pronom,fmt/43,JPEG File Interchange Format,1.01,image/jpeg,Image (Raster),extension match jpg; byte match at [[0 14] [404191 2]],,1460,2250,8,837,"8 - Langbroek, 1908-1949/8_837/8_837_0001.jpg"
"8 - Langbroek, 1908-1949/8_837/8_837_0002.jpg",701488,2026-03-02T13:03:32Z,,e3246e110965da41d4898a4c410d028f,pronom,fmt/43,JPEG File Interchange Format,1.01,image/jpeg,Image (Raster),extension match jpg; byte match at [[0 14] [701486 2]],,2540,4060,8,837,"8 - Langbroek, 1908-1949/8_837/8_837_0002.jpg"
"8 - Langbroek, 1908-1949/8_837/8_837_0003.jpg",3775628,2026-03-02T13:03:32Z,,f0cca4fcd7a9d39c8809ad6183757b8c,pronom,fmt/43,JPEG File Interchange Format,1.01,image/jpeg,Image (Raster),extension match jpg; byte match at [[0 14] [3775626 2]],,5990,5641,8,837,"8 - Langbroek, 1908-1949/8_837/8_837_0003.jpg"
"8 - Langbroek, 1908-1949/8_837/8_837_0004.jpg",1573508,2026-03-02T13:03:32Z,,21d9c4810fbd0a4536a838bb3d44e04a,pronom,fmt/43,JPEG File Interchange Format,1.01,image/jpeg,Image (Raster),extension match jpg; byte match at [[0 14] [1573506 2]],,5631,6000,8,837,"8 - Langbroek, 1908-1949/8_837/8_837_0004.jpg"
"8 - Langbroek, 1908-1949/8_838/8_838_0001.jpg",871872,2026-03-02T13:03:32Z,,683f553d593f512727ffc28bdee835d4,pronom,fmt/43,JPEG File Interchange Format,1.01,image/jpeg,Image (Raster),extension match jpg; byte match at [[0 14] [871870 2]],,2587,3643,8,838,"8 - Langbroek, 1908-1949/8_838/8_838_0001.jpg"
"8 - Langbroek, 1908-1949/8_838/8_838_0002.jpg",599347,2026-03-02T13:03:32Z,,502eced3eca73651e8cd74fc6f372f4f,pronom,fmt/43,JPEG File Interchange Format,1.01,image/jpeg,Image (Raster),extension match jpg; byte match at [[0 14] [599345 2]],,2687,3396,8,838,"8 - Langbroek, 1908-1949/8_838/8_838_0002.jpg"
"8 - Langbroek, 1908-1949/8_838/8_838_0003.jpg",2499799,2026-03-02T13:03:33Z,,557b3cf32933364c156f45bba7ef2f91,pronom,fmt/43,JPEG File Interchange Format,1.01,image/jpeg,Image (Raster),extension match jpg; byte match at [[0 14] [2499797 2]],,5932,4808,8,838,"8 - Langbroek, 1908-1949/8_838/8_838_0003.jpg"
"8 - Langbroek, 1908-1949/8_838/8_838_0004.jpg",1392310,2026-03-02T13:03:33Z,,74882dfeb0bd00eff04e43cd3d0763ac,pronom,fmt/43,JPEG File Interchange Format,1.01,image/jpeg,Image (Raster),extension match jpg; byte match at [[0 14] [1392308 2]],,5927,4813,8,838,"8 - Langbroek, 1908-1949/8_838/8_838_0004.jpg"
"8 - Langbroek, 1908-1949/8_839/8_839_0001.jpg",664914,2026-03-02T13:03:33Z,,e0c37a448761ebd40079e2369062f310,pronom,fmt/43,JPEG File Interchange Format,1.01,image/jpeg,Image (Raster),extension match jpg; byte match at [[0 14] [664912 2]],,2689,3404,8,839,"8 - Langbroek, 1908-1949/8_839/8_839_0001.jpg"
"8 - Langbroek, 1908-1949/8_839/8_839_0002.jpg",819328,2026-03-02T13:03:33Z,,49099d8f18633888ae7b3df97b0c5be4,pronom,fmt/43,JPEG File Interchange Format,1.01,image/jpeg,Image (Raster),extension match jpg; byte match at [[0 14] [819326 2]],,2592,3635,8,839,"8 - Langbroek, 1908-1949/8_839/8_839_0002.jpg"
"8 - Langbroek, 1908-1949/8_840/8_840_0001.jpg",333816,2026-03-02T13:03:33Z,,35f22b44a984f61db79466118a31c287,pronom,fmt/43,JPEG File Interchange Format,1.01,image/jpeg,Image (Raster),extension match jpg; byte match at [[0 14] [333814 2]],,2729,1449,8,840,"8 - Langbroek, 1908-1949/8_840/8_840_0001.jpg"
"8 - Langbroek, 1908-1949/8_840/8_840_0002.jpg",590112,2026-03-02T13:03:33Z,,83fe0af00072540b2963965bd885cf27,pronom,fmt/43,JPEG File Interchange Format,1.01,image/jpeg,Image (Raster),extension match jpg; byte match at [[0 14] [590110 2]],,2610,2080,8,840,"8 - Langbroek, 1908-1949/8_840/8_840_0002.jpg"
"8 - Langbroek, 1908-1949/8_840/8_840_0003.jpg",7002029,2026-03-02T13:03:33Z,,834ca64cad7abd60cc8381276d64f522,pronom,fmt/43,JPEG File Interchange Format,1.01,image/jpeg,Image (Raster),extension match jpg; byte match at [[0 14] [7002027 2]],,8810,5976,8,840,"8 - Langbroek, 1908-1949/8_840/8_840_0003.jpg"
"8 - Langbroek, 1908-1949/8_841/8_841_0001.jpg",3612590,2026-03-02T13:03:33Z,,f172021d2d017b3aff3a93cd63ede459,pronom,fmt/43,JPEG File Interchange Format,1.01,image/jpeg,Image (Raster),extension match jpg; byte match at [[0 14] [3612588 2]],,5156,4298,8,841,"8 - Langbroek, 1908-1949/8_841/8_841_0001.jpg"
"8 - Langbroek, 1908-1949/8_841/8_841_0002.jpg",2852448,2026-03-02T13:03:33Z,,ef47ab4fb6562456d82557f859b06384,pronom,fmt/43,JPEG File Interchange Format,1.01,image/jpeg,Image (Raster),extension match jpg; byte match at [[0 14] [2852446 2]],,5154,4302,8,841,"8 - Langbroek, 1908-1949/8_841/8_841_0002.jpg"
"8 - Langbroek, 1908-1949/8_841/8_841_0003.jpg",855583,2026-03-02T13:03:33Z,,f25374497f13b49f9404859eb6bf07e7,pronom,fmt/43,JPEG File Interchange Format,1.01,image/jpeg,Image (Raster),extension match jpg; byte match at [[0 14] [855581 2]],,2486,4015,8,841,"8 - Langbroek, 1908-1949/8_841/8_841_0003.jpg"
"8 - Langbroek, 1908-1949/8_841/8_841_0004.jpg",849586,2026-03-02T13:03:33Z,,c32d609d2b962ee4b030b0dd60de6390,pronom,fmt/43,JPEG File Interchange Format,1.01,image/jpeg,Image (Raster),extension match jpg; byte match at [[0 14] [849584 2]],,2465,3997,8,841,"8 - Langbroek, 1908-1949/8_841/8_841_0004.jpg"
"8 - Langbroek, 1908-1949/8_841/8_841_0005.jpg",910002,2026-03-02T13:03:33Z,,ea1a77b7a437d90a2d7d38f780ce3e47,pronom,fmt/43,JPEG File Interchange Format,1.01,image/jpeg,Image (Raster),extension match jpg; byte match at [[0 14] [910000 2]],,2468,3991,8,841,"8 - Langbroek, 1908-1949/8_841/8_841_0005.jpg"
"8 - Langbroek, 1908-1949/8_841/8_841_0006.jpg",744878,2026-03-02T13:03:33Z,,fef68c7223e61302a0d093432b133782,pronom,fmt/43,JPEG File Interchange Format,1.01,image/jpeg,Image (Raster),extension match jpg; byte match at [[0 14] [744876 2]],,2466,3996,8,841,"8 - Langbroek, 1908-1949/8_841/8_841_0006.jpg"
"8 - Langbroek, 1908-1949/8_842/8_842_0001.jpg",880266,2026-03-02T13:03:33Z,,535d31f22e109f03fb01ce3011c709b8,pronom,fmt/43,JPEG File Interchange Format,1.01,image/jpeg,Image (Raster),extension match jpg; byte match at [[0 14] [880264 2]],,2608,4127,8,842,"8 - Langbroek, 1908-1949/8_842/8_842_0001.jpg"
"8 - Langbroek, 1908-1949/8_842/8_842_0002.jpg",1029761,2026-03-02T13:03:33Z,,8743b8ee43eac58ddea8b6809cb5dd1d,pronom,fmt/43,JPEG File Interchange Format,1.01,image/jpeg,Image (Raster),extension match jpg; byte match at [[0 14] [1029759 2]],,2609,4144,8,842,"8 - Langbroek, 1908-1949/8_842/8_842_0002.jpg"
"8 - Langbroek, 1908-1949/8_843/8_843_0001.jpg",970367,2026-03-02T13:03:33Z,,6e81e3326e34f89d4fd3982b8e654e26,pronom,fmt/43,JPEG File Interchange Format,1.01,image/jpeg,Image (Raster),extension match jpg; byte match at [[0 14] [970365 2]],,2575,3611,8,843,"8 - Langbroek, 1908-1949/8_843/8_843_0001.jpg"
"8 - Langbroek, 1908-1949/8_843/8_843_0002.jpg",2624030,2026-03-02T13:03:33Z,,c247726d68ae68a72061637868e783c1,pronom,fmt/43,JPEG File Interchange Format,1.01,image/jpeg,Image (Raster),extension match jpg; byte match at [[0 14] [2624028 2]],,4264,3387,8,843,"8 - Langbroek, 1908-1949/8_843/8_843_0002.jpg"
"8 - Langbroek, 1908-1949/8_843/8_843_0003.jpg",1163344,2026-03-02T13:03:33Z,,4c8c59b2d94c8b13249584035778210b,pronom,fmt/43,JPEG File Interchange Format,1.01,image/jpeg,Image (Raster),extension match jpg; byte match at [[0 14] [1163342 2]],,4261,3391,8,843,"8 - Langbroek, 1908-1949/8_843/8_843_0003.jpg"
"8 - Langbroek, 1908-1949/8_843/8_843_0004.jpg",933209,2026-03-02T13:03:33Z,,2c695124f5d226a902cda1d2b21b7174,pronom,fmt/43,JPEG File Interchange Format,1.01,image/jpeg,Image (Raster),extension match jpg; byte match at [[0 14] [933207 2]],,2719,3428,8,843,"8 - Langbroek, 1908-1949/8_843/8_843_0004.jpg"
"8 - Langbroek, 1908-1949/8_844/8_844_0001.jpg",1032042,2026-03-02T13:03:33Z,,1b0b27719e4b7cafe29d8adf883d0d35,pronom,fmt/43,JPEG File Interchange Format,1.01,image/jpeg,Image (Raster),extension match jpg; byte match at [[0 14] [1032040 2]],,2485,4016,8,844,"8 - Langbroek, 1908-1949/8_844/8_844_0001.jpg"
"8 - Langbroek, 1908-1949/8_844/8_844_0002.jpg",1049736,2026-03-02T13:03:33Z,,afc42757c796925af0422cc61b4a3a53,pronom,fmt/43,JPEG File Interchange Format,1.01,image/jpeg,Image (Raster),extension match jpg; byte match at [[0 14] [1049734 2]],,2597,4128,8,844,"8 - Langbroek, 1908-1949/8_844/8_844_0002.jpg"
"8 - Langbroek, 1908-1949/8_844/8_844_0003.jpg",1076411,2026-03-02T13:03:33Z,,a600f895d5ba12c81f5af61329c1e6ef,pronom,fmt/43,JPEG File Interchange Format,1.01,image/jpeg,Image (Raster),extension match jpg; byte match at [[0 14] [1076409 2]],,2599,4119,8,844,"8 - Langbroek, 1908-1949/8_844/8_844_0003.jpg"
"8 - Langbroek, 1908-1949/8_844/8_844_0004.jpg",5506579,2026-03-02T13:03:33Z,,ca03dc1084d57055492d7e04a9b21e17,pronom,fmt/43,JPEG File Interchange Format,1.01,image/jpeg,Image (Raster),extension match jpg; byte match at [[0 14] [5506577 2]],,6257,5616,8,844,"8 - Langbroek, 1908-1949/8_844/8_844_0004.jpg"
"8 - Langbroek, 1908-1949/8_844/8_844_0005.jpg",4238762,2026-03-02T13:03:33Z,,8d94804306e8c62a753a1b54c4b6ea8d,pronom,fmt/43,JPEG File Interchange Format,1.01,image/jpeg,Image (Raster),extension match jpg; byte match at [[0 14] [4238760 2]],,5609,6254,8,844,"8 - Langbroek, 1908-1949/8_844/8_844_0005.jpg"
"8 - Langbroek, 1908-1949/8_845/8_845_0001.jpg",1071912,2026-03-02T13:03:33Z,,e9ef927e0d417948d4d1f1e4c4b04ef7,pronom,fmt/43,JPEG File Interchange Format,1.01,image/jpeg,Image (Raster),extension match jpg; byte match at [[0 14] [1071910 2]],,2549,3589,8,845,"8 - Langbroek, 1908-1949/8_845/8_845_0001.jpg"
"8 - Langbroek, 1908-1949/8_845/8_845_0002.jpg",3354308,2026-03-02T13:03:33Z,,d9434d68bbc86b4b2eff1bb80efa2671,pronom,fmt/43,JPEG File Interchange Format,1.01,image/jpeg,Image (Raster),extension match jpg; byte match at [[0 14] [3354306 2]],,4610,5100,8,845,"8 - Langbroek, 1908-1949/8_845/8_845_0002.jpg"
"8 - Langbroek, 1908-1949/8_846/8_846_0001.jpg",510229,2026-03-02T13:03:33Z,,6e9c27ea5a754cdbc4f56ac1edccecb4,pronom,fmt/43,JPEG File Interchange Format,1.01,image/jpeg,Image (Raster),extension match jpg; byte match at [[0 14] [510227 2]],,1701,2654,8,846,"8 - Langbroek, 1908-1949/8_846/8_846_0001.jpg"
"8 - Langbroek, 1908-1949/8_846/8_846_0002.jpg",871116,2026-03-02T13:03:33Z,,5a14d790d43c40a45d8e9d7b4128fa4a,pronom,fmt/43,JPEG File Interchange Format,1.01,image/jpeg,Image (Raster),extension match jpg; byte match at [[0 14] [871114 2]],,3287,2654,8,846,"8 - Langbroek, 1908-1949/8_846/8_846_0002.jpg"
"8 - Langbroek, 1908-1949/8_846/8_846_0003.jpg",460961,2026-03-02T13:03:33Z,,2ccb1f5a243906c8fc06265d55d1be05,pronom,fmt/43,JPEG File Interchange Format,1.01,image/jpeg,Image (Raster),extension match jpg; byte match at [[0 14] [460959 2]],,1709,2639,8,846,"8 - Langbroek, 1908-1949/8_846/8_846_0003.jpg"
"8 - Langbroek, 1908-1949/8_846/8_846_0004.jpg",2803766,2026-03-02T13:03:34Z,,696661b5c2c51627220f5b659e5dd605,pronom,fmt/43,JPEG File Interchange Format,1.01,image/jpeg,Image (Raster),extension match jpg; byte match at [[0 14] [2803764 2]],,8346,3732,8,846,"8 - Langbroek, 1908-1949/8_846/8_846_0004.jpg"
"8 - Langbroek, 1908-1949/8_846/8_846_0005.jpg",2297861,2026-03-02T13:03:34Z,,2f493bdf812c5bf16869bc69ce323033,pronom,fmt/43,JPEG File Interchange Format,1.01,image/jpeg,Image (Raster),extension match jpg; byte match at [[0 14] [2297859 2]],,8339,3719,8,846,"8 - Langbroek, 1908-1949/8_846/8_846_0005.jpg"
"8 - Langbroek, 1908-1949/8_847/8_847_0001.jpg",941376,2026-03-02T13:03:34Z,,fc420a046bef3e84e30baf70c4d23b5e,pronom,fmt/43,JPEG File Interchange Format,1.01,image/jpeg,Image (Raster),extension match jpg; byte match at [[0 14] [941374 2]],,2566,3599,8,847,"8 - Langbroek, 1908-1949/8_847/8_847_0001.jpg"
"8 - Langbroek, 1908-1949/8_847/8_847_0002.jpg",845753,2026-03-02T13:03:34Z,,b6676d7ba1538d4d8b87669cd82c5218,pronom,fmt/43,JPEG File Interchange Format,1.01,image/jpeg,Image (Raster),extension match jpg; byte match at [[0 14] [845751 2]],,2560,3590,8,847,"8 - Langbroek, 1908-1949/8_847/8_847_0002.jpg"
"8 - Langbroek, 1908-1949/8_847/8_847_0003.jpg",2075276,2026-03-02T13:03:34Z,,b909771efc868b060ee91ad421782c83,pronom,fmt/43,JPEG File Interchange Format,1.01,image/jpeg,Image (Raster),extension match jpg; byte match at [[0 14] [2075274 2]],,5530,4380,8,847,"8 - Langbroek, 1908-1949/8_847/8_847_0003.jpg"
"8 - Langbroek, 1908-1949/8_848/8_848_0001.jpg",969329,2026-03-02T13:03:34Z,,83f64d876aa45d5d794f168ba4bd95f5,pronom,fmt/43,JPEG File Interchange Format,1.01,image/jpeg,Image (Raster),extension match jpg; byte match at [[0 14] [969327 2]],,2580,3600,8,848,"8 - Langbroek, 1908-1949/8_848/8_848_0001.jpg"
"8 - Langbroek, 1908-1949/8_848/8_848_0002.jpg",930222,2026-03-02T13:03:34Z,,4916a179724845d37c7c1007dd872fd4,pronom,fmt/43,JPEG File Interchange Format,1.01,image/jpeg,Image (Raster),extension match jpg; byte match at [[0 14] [930220 2]],,2500,3105,8,848,"8 - Langbroek, 1908-1949/8_848/8_848_0002.jpg"
"8 - Langbroek, 1908-1949/8_849/8_849_0001.jpg",1223392,2026-03-02T13:03:34Z,,80723448427d0aabe8465006ac67a72a,pronom,fmt/43,JPEG File Interchange Format,1.01,image/jpeg,Image (Raster),extension match jpg; byte match at [[0 14] [1223390 2]],,2552,3597,8,849,"8 - Langbroek, 1908-1949/8_849/8_849_0001.jpg"
"8 - Langbroek, 1908-1949/8_849/8_849_0002.jpg",2965604,2026-03-02T13:03:34Z,,0d377312ad31c30d94f1e417a51ba312,pronom,fmt/43,JPEG File Interchange Format,1.01,image/jpeg,Image (Raster),extension match jpg; byte match at [[0 14] [2965602 2]],,7842,3932,8,849,"8 - Langbroek, 1908-1949/8_849/8_849_0002.jpg"
"8 - Langbroek, 1908-1949/8_849/8_849_0003.jpg",2345491,2026-03-02T13:03:34Z,,2c18124e054e7b8dd9c7dffd9262bded,pronom,fmt/43,JPEG File Interchange Format,1.01,image/jpeg,Image (Raster),extension match jpg; byte match at [[0 14] [2345489 2]],,7840,3932,8,849,"8 - Langbroek, 1908-1949/8_849/8_849_0003.jpg"
"8 - Langbroek, 1908-1949/8_849/8_849_0004.jpg",457455,2026-03-02T13:03:34Z,,98e4166b2739808dd1bff3aefc341440,pronom,fmt/43,JPEG File Interchange Format,1.01,image/jpeg,Image (Raster),extension match jpg; byte match at [[0 14] [457453 2]],,2686,1742,8,849,"8 - Langbroek, 1908-1949/8_849/8_849_0004.jpg"
"8 - Langbroek, 1908-1949/8_849/8_849_0005.jpg",2478198,2026-03-02T13:03:34Z,,9fc3ae6fe1e562c3546014636cc079e5,pronom,fmt/43,JPEG File Interchange Format,1.01,image/jpeg,Image (Raster),extension match jpg; byte match at [[0 14] [2478196 2]],,5984,4033,8,849,"8 - Langbroek, 1908-1949/8_849/8_849_0005.jpg"
"8 - Langbroek, 1908-1949/8_849/8_849_0006.jpg",1932925,2026-03-02T13:03:34Z,,6946455e6eb382c23a2209137383a0d0,pronom,fmt/43,JPEG File Interchange Format,1.01,image/jpeg,Image (Raster),extension match jpg; byte match at [[0 14] [1932923 2]],,5985,4038,8,849,"8 - Langbroek, 1908-1949/8_849/8_849_0006.jpg"
"8 - Langbroek, 1908-1949/8_850/8_850_0001.jpg",960236,2026-03-02T13:03:34Z,,ade92adf01a021acb1eaa9a8a6287b3f,pronom,fmt/43,JPEG File Interchange Format,1.01,image/jpeg,Image (Raster),extension match jpg; byte match at [[0 14] [960234 2]],,2486,4022,8,850,"8 - Langbroek, 1908-1949/8_850/8_850_0001.jpg"
"8 - Langbroek, 1908-1949/8_850/8_850_0002.jpg",1232576,2026-03-02T13:03:34Z,,b29b638903280d0b3f3b8261d4e33730,pronom,fmt/43,JPEG File Interchange Format,1.01,image/jpeg,Image (Raster),extension match jpg; byte match at [[0 14] [1232574 2]],,2608,3964,8,850,"8 - Langbroek, 1908-1949/8_850/8_850_0002.jpg"
"8 - Langbroek, 1908-1949/8_850/8_850_0003.jpg",933005,2026-03-02T13:03:34Z,,200e15866bead41dec7a256e6a671a53,pronom,fmt/43,JPEG File Interchange Format,1.01,image/jpeg,Image (Raster),extension match jpg; byte match at [[0 14] [933003 2]],,2612,3971,8,850,"8 - Langbroek, 1908-1949/8_850/8_850_0003.jpg"
"8 - Langbroek, 1908-1949/8_850/8_850_0004.jpg",2034231,2026-03-02T13:03:34Z,,968dd9455642cc7a0e0028debf3c06dc,pronom,fmt/43,JPEG File Interchange Format,1.01,image/jpeg,Image (Raster),extension match jpg; byte match at [[0 14] [2034229 2]],,3414,5675,8,850,"8 - Langbroek, 1908-1949/8_850/8_850_0004.jpg"
"8 - Langbroek, 1908-1949/8_851/8_851_0001.jpg",1020732,2026-03-02T13:03:34Z,,0f1c9b7d676c11b75ea7ff978326a35f,pronom,fmt/43,JPEG File Interchange Format,1.01,image/jpeg,Image (Raster),extension match jpg; byte match at [[0 14] [1020730 2]],,2590,4059,8,851,"8 - Langbroek, 1908-1949/8_851/8_851_0001.jpg"
"8 - Langbroek, 1908-1949/8_851/8_851_0002.jpg",1094365,2026-03-02T13:03:34Z,,5a285a8a502cf5d3f7f09852bd6b65f3,pronom,fmt/43,JPEG File Interchange Format,1.01,image/jpeg,Image (Raster),extension match jpg; byte match at [[0 14] [1094363 2]],,2603,4134,8,851,"8 - Langbroek, 1908-1949/8_851/8_851_0002.jpg"
"8 - Langbroek, 1908-1949/8_851/8_851_0003.jpg",914287,2026-03-02T13:03:34Z,,c200816eaf463351612b9b7993aef1f7,pronom,fmt/43,JPEG File Interchange Format,1.01,image/jpeg,Image (Raster),extension match jpg; byte match at [[0 14] [914285 2]],,2670,4020,8,851,"8 - Langbroek, 1908-1949/8_851/8_851_0003.jpg"
"8 - Langbroek, 1908-1949/8_852/8_852_0001.jpg",866554,2026-03-02T13:03:34Z,,e646566770deddeb44db928a39435107,pronom,fmt/43,JPEG File Interchange Format,1.01,image/jpeg,Image (Raster),extension match jpg; byte match at [[0 14] [866552 2]],,2478,3890,8,852,"8 - Langbroek, 1908-1949/8_852/8_852_0001.jpg"
"8 - Langbroek, 1908-1949/8_852/8_852_0002.jpg",7996132,2026-03-02T13:03:34Z,,c7441ecd617c30a280e71e22d15b4625,pronom,fmt/43,JPEG File Interchange Format,1.01,image/jpeg,Image (Raster),extension match jpg; byte match at [[0 14] [7996130 2]],,8548,6348,8,852,"8 - Langbroek, 1908-1949/8_852/8_852_0002.jpg"
"8 - Langbroek, 1908-1949/8_852/8_852_0003.jpg",1085300,2026-03-02T13:03:34Z,,88dfc2fc14c9d6a6603f2219571fac3e,pronom,fmt/43,JPEG File Interchange Format,1.01,image/jpeg,Image (Raster),extension match jpg; byte match at [[0 14] [1085298 2]],,2615,3994,8,852,"8 - Langbroek, 1908-1949/8_852/8_852_0003.jpg"
"8 - Langbroek, 1908-1949/8_853/8_853_0001.jpg",800353,2026-03-02T13:03:34Z,,f157d5e298f2f843a5d528ca61e84e66,pronom,fmt/43,JPEG File Interchange Format,1.01,image/jpeg,Image (Raster),extension match jpg; byte match at [[0 14] [800351 2]],,2660,3363,8,853,"8 - Langbroek, 1908-1949/8_853/8_853_0001.jpg"
"8 - Langbroek, 1908-1949/8_853/8_853_0002.jpg",1936574,2026-03-02T13:03:34Z,,6207c2a238522020f88b14b846e60547,pronom,fmt/43,JPEG File Interchange Format,1.01,image/jpeg,Image (Raster),extension match jpg; byte match at [[0 14] [1936572 2]],,4179,5179,8,853,"8 - Langbroek, 1908-1949/8_853/8_853_0002.jpg"
"8 - Langbroek, 1908-1949/8_854/8_854_0001.jpg",907027,2026-03-02T13:03:34Z,,14da3d1aaf38986219523e67b4c3a286,pronom,fmt/43,JPEG File Interchange Format,1.01,image/jpeg,Image (Raster),extension match jpg; byte match at [[0 14] [907025 2]],,2565,3607,8,854,"8 - Langbroek, 1908-1949/8_854/8_854_0001.jpg"
"8 - Langbroek, 1908-1949/8_854/8_854_0002.jpg",3376023,2026-03-02T13:03:34Z,,15755ff1685110247a1fe216e19cc1cb,pronom,fmt/43,JPEG File Interchange Format,1.01,image/jpeg,Image (Raster),extension match jpg; byte match at [[0 14] [3376021 2]],,5128,3943,8,854,"8 - Langbroek, 1908-1949/8_854/8_854_0002.jpg"
"8 - Langbroek, 1908-1949/8_854/8_854_0003.jpg",921255,2026-03-02T13:03:34Z,,79f0947ba2916e8474e5ee13d90909c1,pronom,fmt/43,JPEG File Interchange Format,1.01,image/jpeg,Image (Raster),extension match jpg; byte match at [[0 14] [921253 2]],,2686,3479,8,854,"8 - Langbroek, 1908-1949/8_854/8_854_0003.jpg"
"8 - Langbroek, 1908-1949/8_854/8_854_0004.jpg",769279,2026-03-02T13:03:34Z,,46e2f0826e24b00e9e17bfb887a12339,pronom,fmt/43,JPEG File Interchange Format,1.01,image/jpeg,Image (Raster),extension match jpg; byte match at [[0 14] [769277 2]],,2681,3480,8,854,"8 - Langbroek, 1908-1949/8_854/8_854_0004.jpg"
"8 - Langbroek, 1908-1949/8_854/8_854_0005.jpg",785705,2026-03-02T13:03:34Z,,a4f14f67b71d5472a7d723b676e938c6,pronom,fmt/43,JPEG File Interchange Format,1.01,image/jpeg,Image (Raster),extension match jpg; byte match at [[0 14] [785703 2]],,2670,3470,8,854,"8 - Langbroek, 1908-1949/8_854/8_854_0005.jpg"
"8 - Langbroek, 1908-1949/8_855/8_855_0001.jpg",864034,2026-03-02T13:03:34Z,,3a1dcabd050227690df79cac311754c4,pronom,fmt/43,JPEG File Interchange Format,1.01,image/jpeg,Image (Raster),extension match jpg; byte match at [[0 14] [864032 2]],,2495,4010,8,855,"8 - Langbroek, 1908-1949/8_855/8_855_0001.jpg"
"8 - Langbroek, 1908-1949/8_855/8_855_0002.jpg",951645,2026-03-02T13:03:34Z,,b4e345c3546a65d8faab11f72f9f47f3,pronom,fmt/43,JPEG File Interchange Format,1.01,image/jpeg,Image (Raster),extension match jpg; byte match at [[0 14] [951643 2]],,2492,4010,8,855,"8 - Langbroek, 1908-1949/8_855/8_855_0002.jpg"
"8 - Langbroek, 1908-1949/8_855/8_855_0003.jpg",902239,2026-03-02T13:03:34Z,,da896dc4ff112e9f92f213af03c40fed,pronom,fmt/43,JPEG File Interchange Format,1.01,image/jpeg,Image (Raster),extension match jpg; byte match at [[0 14] [902237 2]],,2524,4035,8,855,"8 - Langbroek, 1908-1949/8_855/8_855_0003.jpg"
"8 - Langbroek, 1908-1949/8_855/8_855_0004.jpg",883742,2026-03-02T13:03:34Z,,74769e3364fa9114109075e083fcc2ce,pronom,fmt/43,JPEG File Interchange Format,1.01,image/jpeg,Image (Raster),extension match jpg; byte match at [[0 14] [883740 2]],,2486,4013,8,855,"8 - Langbroek, 1908-1949/8_855/8_855_0004.jpg"
"8 - Langbroek, 1908-1949/8_855/8_855_0005.jpg",754827,2026-03-02T13:03:34Z,,40184f8a84662175831e32825f4e4677,pronom,fmt/43,JPEG File Interchange Format,1.01,image/jpeg,Image (Raster),extension match jpg; byte match at [[0 14] [754825 2]],,2539,4048,8,855,"8 - Langbroek, 1908-1949/8_855/8_855_0005.jpg"
"8 - Langbroek, 1908-1949/8_855/8_855_0006.jpg",861241,2026-03-02T13:03:34Z,,751aea5b110fab8144d8887a3363d15b,pronom,fmt/43,JPEG File Interchange Format,1.01,image/jpeg,Image (Raster),extension match jpg; byte match at [[0 14] [861239 2]],,2691,3440,8,855,"8 - Langbroek, 1908-1949/8_855/8_855_0006.jpg"
"8 - Langbroek, 1908-1949/8_855/8_855_0007.jpg",971265,2026-03-02T13:03:34Z,,e9fe01408319e59c02ad2b470debde94,pronom,fmt/43,JPEG File Interchange Format,1.01,image/jpeg,Image (Raster),extension match jpg; byte match at [[0 14] [971263 2]],,2650,3279,8,855,"8 - Langbroek, 1908-1949/8_855/8_855_0007.jpg"
"8 - Langbroek, 1908-1949/8_855/8_855_0008.jpg",1167389,2026-03-02T13:03:34Z,,62ea70e99e7516fabb235c50c569bbc5,pronom,fmt/43,JPEG File Interchange Format,1.01,image/jpeg,Image (Raster),extension match jpg; byte match at [[0 14] [1167387 2]],,2567,3602,8,855,"8 - Langbroek, 1908-1949/8_855/8_855_0008.jpg"
"8 - Langbroek, 1908-1949/8_855/8_855_0009.jpg",897099,2026-03-02T13:03:34Z,,8d68f5b43c75a718839e751751064693,pronom,fmt/43,JPEG File Interchange Format,1.01,image/jpeg,Image (Raster),extension match jpg; byte match at [[0 14] [897097 2]],,2538,3279,8,855,"8 - Langbroek, 1908-1949/8_855/8_855_0009.jpg"
"8 - Langbroek, 1908-1949/8_855/8_855_0010.jpg",665544,2026-03-02T13:03:34Z,,b7b815a4adff6066bdfb4e4be129ef13,pronom,fmt/43,JPEG File Interchange Format,1.01,image/jpeg,Image (Raster),extension match jpg; byte match at [[0 14] [665542 2]],,2543,3281,8,855,"8 - Langbroek, 1908-1949/8_855/8_855_0010.jpg"
"8 - Langbroek, 1908-1949/8_855/8_855_0011.jpg",632843,2026-03-02T13:03:34Z,,a9de198c953b02a9e60396251dee7a22,pronom,fmt/43,JPEG File Interchange Format,1.01,image/jpeg,Image (Raster),extension match jpg; byte match at [[0 14] [632841 2]],,1989,2559,8,855,"8 - Langbroek, 1908-1949/8_855/8_855_0011.jpg"
"8 - Langbroek, 1908-1949/8_855/8_855_0012.jpg",776532,2026-03-02T13:03:34Z,,99a9a62967038ef93624f79dff63412a,pronom,fmt/43,JPEG File Interchange Format,1.01,image/jpeg,Image (Raster),extension match jpg; byte match at [[0 14] [776530 2]],,2529,3149,8,855,"8 - Langbroek, 1908-1949/8_855/8_855_0012.jpg"
"8 - Langbroek, 1908-1949/8_855/8_855_0013.jpg",6429208,2026-03-02T13:03:34Z,,dd62044275a977d17ec9cb15a03ae4fa,pronom,fmt/43,JPEG File Interchange Format,1.01,image/jpeg,Image (Raster),extension match jpg; byte match at [[0 14] [6429206 2]],,8189,5009,8,855,"8 - Langbroek, 1908-1949/8_855/8_855_0013.jpg"
"8 - Langbroek, 1908-1949/8_856/8_856_0001.jpg",1019671,2026-03-02T13:03:34Z,,cf48d5e83935465080d2023fedb3238e,pronom,fmt/43,JPEG File Interchange Format,1.01,image/jpeg,Image (Raster),extension match jpg; byte match at [[0 14] [1019669 2]],,2569,3591,8,856,"8 - Langbroek, 1908-1949/8_856/8_856_0001.jpg"
"8 - Langbroek, 1908-1949/8_856/8_856_0002.jpg",806589,2026-03-02T13:03:34Z,,e594bf10340eeb139807d1e80cf04c8f,pronom,fmt/43,JPEG File Interchange Format,1.01,image/jpeg,Image (Raster),extension match jpg; byte match at [[0 14] [806587 2]],,2552,3589,8,856,"8 - Langbroek, 1908-1949/8_856/8_856_0002.jpg"
"8 - Langbroek, 1908-1949/8_856/8_856_0003.jpg",711620,2026-03-02T13:03:35Z,,00b37d50b4a02e9a88c745af540b0ea7,pronom,fmt/43,JPEG File Interchange Format,1.01,image/jpeg,Image (Raster),extension match jpg; byte match at [[0 14] [711618 2]],,2652,3365,8,856,"8 - Langbroek, 1908-1949/8_856/8_856_0003.jpg"
"8 - Langbroek, 1908-1949/8_856/8_856_0004.jpg",3927752,2026-03-02T13:03:35Z,,0450c5382ead4ad91c720a3e0dc0c873,pronom,fmt/43,JPEG File Interchange Format,1.01,image/jpeg,Image (Raster),extension match jpg; byte match at [[0 14] [3927750 2]],,5894,4745,8,856,"8 - Langbroek, 1908-1949/8_856/8_856_0004.jpg"
"8 - Langbroek, 1908-1949/8_857/8_857_0001.jpg",1069652,2026-03-02T13:03:35Z,,f64aeabb076c0990ae9767648e3bdde2,pronom,fmt/43,JPEG File Interchange Format,1.01,image/jpeg,Image (Raster),extension match jpg; byte match at [[0 14] [1069650 2]],,2549,3589,8,857,"8 - Langbroek, 1908-1949/8_857/8_857_0001.jpg"
"8 - Langbroek, 1908-1949/8_857/8_857_0002.jpg",817584,2026-03-02T13:03:35Z,,7cd8c82f1fb6ff2722e7d23763d5c913,pronom,fmt/43,JPEG File Interchange Format,1.01,image/jpeg,Image (Raster),extension match jpg; byte match at [[0 14] [817582 2]],,2602,3070,8,857,"8 - Langbroek, 1908-1949/8_857/8_857_0002.jpg"
"8 - Langbroek, 1908-1949/8_857/8_857_0003.jpg",3400001,2026-03-02T13:03:35Z,,9c1cccddd18e037d7dc8e2e139717280,pronom,fmt/43,JPEG File Interchange Format,1.01,image/jpeg,Image (Raster),extension match jpg; byte match at [[0 14] [3399999 2]],,4764,4345,8,857,"8 - Langbroek, 1908-1949/8_857/8_857_0003.jpg"
"8 - Langbroek, 1908-1949/8_858/8_858_0001.jpg",6511081,2026-03-02T13:03:35Z,,148799e41d60784ec9c58e7d3fc114f1,pronom,fmt/43,JPEG File Interchange Format,1.01,image/jpeg,Image (Raster),extension match jpg; byte match at [[0 14] [6511079 2]],,11499,4218,8,858,"8 - Langbroek, 1908-1949/8_858/8_858_0001.jpg"
"8 - Langbroek, 1908-1949/8_858/8_858_0002.jpg",2411953,2026-03-02T13:03:35Z,,d5758c5470f9f9f95f88ba4c67464cff,pronom,fmt/43,JPEG File Interchange Format,1.01,image/jpeg,Image (Raster),extension match jpg; byte match at [[0 14] [2411951 2]],,11413,4207,8,858,"8 - Langbroek, 1908-1949/8_858/8_858_0002.jpg"
"8 - Langbroek, 1908-1949/8_858/8_858_0003.jpg",1029904,2026-03-02T13:03:35Z,,ebc49f600f176a8791d6226376e0d813,pronom,fmt/43,JPEG File Interchange Format,1.01,image/jpeg,Image (Raster),extension match jpg; byte match at [[0 14] [1029902 2]],,2571,3609,8,858,"8 - Langbroek, 1908-1949/8_858/8_858_0003.jpg"
"8 - Langbroek, 1908-1949/8_858/8_858_0004.jpg",714846,2026-03-02T13:03:35Z,,d64e4504c89523983e46357ccba1ace4,pronom,fmt/43,JPEG File Interchange Format,1.01,image/jpeg,Image (Raster),extension match jpg; byte match at [[0 14] [714844 2]],,2669,3371,8,858,"8 - Langbroek, 1908-1949/8_858/8_858_0004.jpg"
"8 - Langbroek, 1908-1949/8_858/8_858_0005.jpg",725583,2026-03-02T13:03:35Z,,f17892c4f5d91e2efb16e511aafb66b6,pronom,fmt/43,JPEG File Interchange Format,1.01,image/jpeg,Image (Raster),extension match jpg; byte match at [[0 14] [725581 2]],,2671,3374,8,858,"8 - Langbroek, 1908-1949/8_858/8_858_0005.jpg"
"8 - Langbroek, 1908-1949/8_858/8_858_0006.jpg",741502,2026-03-02T13:03:35Z,,272189cfd539ec2325e6a7f7b8ad9e7b,pronom,fmt/43,JPEG File Interchange Format,1.01,image/jpeg,Image (Raster),extension match jpg; byte match at [[0 14] [741500 2]],,2570,3103,8,858,"8 - Langbroek, 1908-1949/8_858/8_858_0006.jpg"
"8 - Langbroek, 1908-1949/8_859/8_859_0001.jpg",1162772,2026-03-02T13:03:35Z,,2f5031090a5a054ec68e6d07e22c1249,pronom,fmt/43,JPEG File Interchange Format,1.01,image/jpeg,Image (Raster),extension match jpg; byte match at [[0 14] [1162770 2]],,2567,3599,8,859,"8 - Langbroek, 1908-1949/8_859/8_859_0001.jpg"
"8 - Langbroek, 1908-1949/8_859/8_859_0002.jpg",798902,2026-03-02T13:03:35Z,,bb9afc0393441ad068d09b8e824434ba,pronom,fmt/43,JPEG File Interchange Format,1.01,image/jpeg,Image (Raster),extension match jpg; byte match at [[0 14] [798900 2]],,2630,3140,8,859,"8 - Langbroek, 1908-1949/8_859/8_859_0002.jpg"
"8 - Langbroek, 1908-1949/8_859/8_859_0003.jpg",1146479,2026-03-02T13:03:35Z,,f49d78e1c7a931e64b8704050916946b,pronom,fmt/43,JPEG File Interchange Format,1.01,image/jpeg,Image (Raster),extension match jpg; byte match at [[0 14] [1146477 2]],,3846,3066,8,859,"8 - Langbroek, 1908-1949/8_859/8_859_0003.jpg"
"8 - Langbroek, 1908-1949/8_859/8_859_0004.jpg",1126770,2026-03-02T13:03:35Z,,670ac3bd022ee329ab4f375e6245b590,pronom,fmt/43,JPEG File Interchange Format,1.01,image/jpeg,Image (Raster),extension match jpg; byte match at [[0 14] [1126768 2]],,2569,3612,8,859,"8 - Langbroek, 1908-1949/8_859/8_859_0004.jpg"
"8 - Langbroek, 1908-1949/8_859/8_859_0005.jpg",988657,2026-03-02T13:03:35Z,,5272e1918a6f602686548bec297e55bc,pronom,fmt/43,JPEG File Interchange Format,1.01,image/jpeg,Image (Raster),extension match jpg; byte match at [[0 14] [988655 2]],,2566,3611,8,859,"8 - Langbroek, 1908-1949/8_859/8_859_0005.jpg"
"8 - Langbroek, 1908-1949/8_859/8_859_0006.jpg",705580,2026-03-02T13:03:35Z,,5f7b8b35e1860981a55a1a131eeec915,pronom,fmt/43,JPEG File Interchange Format,1.01,image/jpeg,Image (Raster),extension match jpg; byte match at [[0 14] [705578 2]],,2639,3136,8,859,"8 - Langbroek, 1908-1949/8_859/8_859_0006.jpg"
"8 - Langbroek, 1908-1949/8_860/8_860_0001.jpg",4405400,2026-03-02T13:03:35Z,,eb48aa46a73719b8e3d147b15bdf954a,pronom,fmt/43,JPEG File Interchange Format,1.01,image/jpeg,Image (Raster),extension match jpg; byte match at [[0 14] [4405398 2]],,7358,4950,8,860,"8 - Langbroek, 1908-1949/8_860/8_860_0001.jpg"
"8 - Langbroek, 1908-1949/8_860/8_860_0002.jpg",992394,2026-03-02T13:03:35Z,,1451032f55f77c7c21e2e2175b90ecde,pronom,fmt/43,JPEG File Interchange Format,1.01,image/jpeg,Image (Raster),extension match jpg; byte match at [[0 14] [992392 2]],,2564,3597,8,860,"8 - Langbroek, 1908-1949/8_860/8_860_0002.jpg"
"8 - Langbroek, 1908-1949/8_860/8_860_0003.jpg",769953,2026-03-02T13:03:35Z,,953c89ac475bdf44e73377b0497473ba,pronom,fmt/43,JPEG File Interchange Format,1.01,image/jpeg,Image (Raster),extension match jpg; byte match at [[0 14] [769951 2]],,2639,3355,8,860,"8 - Langbroek, 1908-1949/8_860/8_860_0003.jpg"
"8 - Langbroek, 1908-1949/8_861/8_861_0001.jpg",422463,2026-03-02T13:03:35Z,,bcdab6edac3015e44b9f201cffd90abf,pronom,fmt/43,JPEG File Interchange Format,1.01,image/jpeg,Image (Raster),extension match jpg; byte match at [[0 14] [422461 2]],,1440,2190,8,861,"8 - Langbroek, 1908-1949/8_861/8_861_0001.jpg"
"8 - Langbroek, 1908-1949/8_861/8_861_0002.jpg",955769,2026-03-02T13:03:35Z,,4b3fa5d3e46dd089559e8d0310941f67,pronom,fmt/43,JPEG File Interchange Format,1.01,image/jpeg,Image (Raster),extension match jpg; byte match at [[0 14] [955767 2]],,2532,4054,8,861,"8 - Langbroek, 1908-1949/8_861/8_861_0002.jpg"
"8 - Langbroek, 1908-1949/8_861/8_861_0003.jpg",4597364,2026-03-02T13:03:35Z,,22f6e13766e412318c66a73d5339d6ca,pronom,fmt/43,JPEG File Interchange Format,1.01,image/jpeg,Image (Raster),extension match jpg; byte match at [[0 14] [4597362 2]],,6193,4903,8,861,"8 - Langbroek, 1908-1949/8_861/8_861_0003.jpg"
"8 - Langbroek, 1908-1949/8_861/8_861_0004.jpg",2259840,2026-03-02T13:03:35Z,,6770f0ab5d5b95ae87993a566f324c22,pronom,fmt/43,JPEG File Interchange Format,1.01,image/jpeg,Image (Raster),extension match jpg; byte match at [[0 14] [2259838 2]],,4889,6189,8,861,"8 - Langbroek, 1908-1949/8_861/8_861_0004.jpg"
"8 - Langbroek, 1908-1949/8_862/8_862_0001.jpg",1239538,2026-03-02T13:03:35Z,,961b0df939ea2e1eafc1e0fa3ed14b09,pronom,fmt/43,JPEG File Interchange Format,1.01,image/jpeg,Image (Raster),extension match jpg; byte match at [[0 14] [1239536 2]],,2481,4015,8,862,"8 - Langbroek, 1908-1949/8_862/8_862_0001.jpg"
"8 - Langbroek, 1908-1949/8_862/8_862_0002.jpg",6683681,2026-03-02T13:03:35Z,,7264b3ea5965d39cd81fe82fabd47ee1,pronom,fmt/43,JPEG File Interchange Format,1.01,image/jpeg,Image (Raster),extension match jpg; byte match at [[0 14] [6683679 2]],,7753,5659,8,862,"8 - Langbroek, 1908-1949/8_862/8_862_0002.jpg"
"8 - Langbroek, 1908-1949/8_862/8_862_0003.jpg",2929581,2026-03-02T13:03:35Z,,5ea98187ced93c9953ac047228465696,pronom,fmt/43,JPEG File Interchange Format,1.01,image/jpeg,Image (Raster),extension match jpg; byte match at [[0 14] [2929579 2]],,7750,5660,8,862,"8 - Langbroek, 1908-1949/8_862/8_862_0003.jpg"
"8 - Langbroek, 1908-1949/8_862/8_862_0004.jpg",1218320,2026-03-02T13:03:35Z,,3b4724a27e3ddd9cbdac6aee4c867c31,pronom,fmt/43,JPEG File Interchange Format,1.01,image/jpeg,Image (Raster),extension match jpg; byte match at [[0 14] [1218318 2]],,2470,4013,8,862,"8 - Langbroek, 1908-1949/8_862/8_862_0004.jpg"
"8 - Langbroek, 1908-1949/8_863/8_863_0001.jpg",643813,2026-03-02T13:03:35Z,,42f1dad24bd92056d9b442d1df93abdb,pronom,fmt/43,JPEG File Interchange Format,1.01,image/jpeg,Image (Raster),extension match jpg; byte match at [[0 14] [643811 2]],,2597,2069,8,863,"8 - Langbroek, 1908-1949/8_863/8_863_0001.jpg"
"8 - Langbroek, 1908-1949/8_863/8_863_0002.jpg",5762764,2026-03-02T13:03:35Z,,8825da5e3c68938b183cd4cc5bac5ddd,pronom,fmt/43,JPEG File Interchange Format,1.01,image/jpeg,Image (Raster),extension match jpg; byte match at [[0 14] [5762762 2]],,7723,4605,8,863,"8 - Langbroek, 1908-1949/8_863/8_863_0002.jpg"
"8 - Langbroek, 1908-1949/8_863/8_863_0003.jpg",900378,2026-03-02T13:03:35Z,,9b8038e05d4e5b829726b014ec02ff6c,pronom,fmt/43,JPEG File Interchange Format,1.01,image/jpeg,Image (Raster),extension match jpg; byte match at [[0 14] [900376 2]],,2687,3150,8,863,"8 - Langbroek, 1908-1949/8_863/8_863_0003.jpg"
"8 - Langbroek, 1908-1949/8_863/8_863_0004.jpg",1210488,2026-03-02T13:03:35Z,,2e76bf83efb85a4b7a1130e60ad403c2,pronom,fmt/43,JPEG File Interchange Format,1.01,image/jpeg,Image (Raster),extension match jpg; byte match at [[0 14] [1210486 2]],,2672,4198,8,863,"8 - Langbroek, 1908-1949/8_863/8_863_0004.jpg"
"8 - Langbroek, 1908-1949/8_864/8_864_0001.jpg",1032359,2026-03-02T13:03:35Z,,96259980d7f952b32c4030f0898abb15,pronom,fmt/43,JPEG File Interchange Format,1.01,image/jpeg,Image (Raster),extension match jpg; byte match at [[0 14] [1032357 2]],,2560,3590,8,864,"8 - Langbroek, 1908-1949/8_864/8_864_0001.jpg"
"8 - Langbroek, 1908-1949/8_864/8_864_0002.jpg",1324862,2026-03-02T13:03:35Z,,4c0846421592da4765c4295ab1b1cd24,pronom,fmt/43,JPEG File Interchange Format,1.01,image/jpeg,Image (Raster),extension match jpg; byte match at [[0 14] [1324860 2]],,2889,5269,8,864,"8 - Langbroek, 1908-1949/8_864/8_864_0002.jpg"
"8 - Langbroek, 1908-1949/8_864/8_864_0003.jpg",784301,2026-03-02T13:03:35Z,,a5923a79d69f13acea4c498dae4c6ac9,pronom,fmt/43,JPEG File Interchange Format,1.01,image/jpeg,Image (Raster),extension match jpg; byte match at [[0 14] [784299 2]],,2573,3593,8,864,"8 - Langbroek, 1908-1949/8_864/8_864_0003.jpg"
"8 - Langbroek, 1908-1949/8_865/8_865_0001.jpg",569596,2026-03-02T13:03:35Z,,ecca1071ee8a93e77adb23393a70b5bd,pronom,fmt/43,JPEG File Interchange Format,1.01,image/jpeg,Image (Raster),extension match jpg; byte match at [[0 14] [569594 2]],,2596,2066,8,865,"8 - Langbroek, 1908-1949/8_865/8_865_0001.jpg"
"8 - Langbroek, 1908-1949/8_865/8_865_0002.jpg",3918248,2026-03-02T13:03:35Z,,ddc836b971125c8767e98c7b884223f2,pronom,fmt/43,JPEG File Interchange Format,1.01,image/jpeg,Image (Raster),extension match jpg; byte match at [[0 14] [3918246 2]],,8248,5217,8,865,"8 - Langbroek, 1908-1949/8_865/8_865_0002.jpg"
"8 - Langbroek, 1908-1949/8_865/8_865_0003.jpg",993655,2026-03-02T13:03:36Z,,ad15ccb8787e8a341fb579d678bdcd42,pronom,fmt/43,JPEG File Interchange Format,1.01,image/jpeg,Image (Raster),extension match jpg; byte match at [[0 14] [993653 2]],,2475,3999,8,865,"8 - Langbroek, 1908-1949/8_865/8_865_0003.jpg"
"8 - Langbroek, 1908-1949/8_865/8_865_0004.jpg",1843443,2026-03-02T13:03:36Z,,e60ca5a922987031839fa0cd975b6c37,pronom,fmt/43,JPEG File Interchange Format,1.01,image/jpeg,Image (Raster),extension match jpg; byte match at [[0 14] [1843441 2]],,4831,4006,8,865,"8 - Langbroek, 1908-1949/8_865/8_865_0004.jpg"
"8 - Langbroek, 1908-1949/8_866/8_866_0001.jpg",938617,2026-03-02T13:03:36Z,,1899d3196c4ea8caf4624a82e8feec82,pronom,fmt/43,JPEG File Interchange Format,1.01,image/jpeg,Image (Raster),extension match jpg; byte match at [[0 14] [938615 2]],,2578,3600,8,866,"8 - Langbroek, 1908-1949/8_866/8_866_0001.jpg"
"8 - Langbroek, 1908-1949/8_866/8_866_0002.jpg",5822817,2026-03-02T13:03:36Z,,644683f84e5a67870f3556fdf6edea88,pronom,fmt/43,JPEG File Interchange Format,1.01,image/jpeg,Image (Raster),extension match jpg; byte match at [[0 14] [5822815 2]],,7661,4712,8,866,"8 - Langbroek, 1908-1949/8_866/8_866_0002.jpg"
"8 - Langbroek, 1908-1949/8_866/8_866_0003.jpg",863759,2026-03-02T13:03:36Z,,b03a87a76ac9976d62b721509a84fac6,pronom,fmt/43,JPEG File Interchange Format,1.01,image/jpeg,Image (Raster),extension match jpg; byte match at [[0 14] [863757 2]],,2720,3461,8,866,"8 - Langbroek, 1908-1949/8_866/8_866_0003.jpg"
"8 - Langbroek, 1908-1949/8_866/8_866_0004.jpg",964199,2026-03-02T13:03:36Z,,d909c2974a3059e91a64ed035d2f3c90,pronom,fmt/43,JPEG File Interchange Format,1.01,image/jpeg,Image (Raster),extension match jpg; byte match at [[0 14] [964197 2]],,2572,3597,8,866,"8 - Langbroek, 1908-1949/8_866/8_866_0004.jpg"
"8 - Langbroek, 1908-1949/8_866/8_866_0005.jpg",1622429,2026-03-02T13:03:36Z,,eacbb566f5d8db279b89af65da41426e,pronom,fmt/43,JPEG File Interchange Format,1.01,image/jpeg,Image (Raster),extension match jpg; byte match at [[0 14] [1622427 2]],,4994,3005,8,866,"8 - Langbroek, 1908-1949/8_866/8_866_0005.jpg"
"8 - Langbroek, 1908-1949/8_867/8_867_0001.jpg",596692,2026-03-02T13:03:36Z,,cb7c33c92182b4a8546cdcd688df6dde,pronom,fmt/43,JPEG File Interchange Format,1.01,image/jpeg,Image (Raster),extension match jpg; byte match at [[0 14] [596690 2]],,2603,2075,8,867,"8 - Langbroek, 1908-1949/8_867/8_867_0001.jpg"
"8 - Langbroek, 1908-1949/8_867/8_867_0002.jpg",995725,2026-03-02T13:03:36Z,,943be7be263e6cbe721ce7e9ce79d616,pronom,fmt/43,JPEG File Interchange Format,1.01,image/jpeg,Image (Raster),extension match jpg; byte match at [[0 14] [995723 2]],,2601,3188,8,867,"8 - Langbroek, 1908-1949/8_867/8_867_0002.jpg"
"8 - Langbroek, 1908-1949/8_867/8_867_0003.jpg",6892937,2026-03-02T13:03:36Z,,9fa3abc5b3584221278ee056772e738e,pronom,fmt/43,JPEG File Interchange Format,1.01,image/jpeg,Image (Raster),extension match jpg; byte match at [[0 14] [6892935 2]],,7602,5318,8,867,"8 - Langbroek, 1908-1949/8_867/8_867_0003.jpg"
"8 - Langbroek, 1908-1949/8_868/8_868_0001.jpg",911322,2026-03-02T13:03:36Z,,7b67c4dfa8343e0e66d2274e929a01a7,pronom,fmt/43,JPEG File Interchange Format,1.01,image/jpeg,Image (Raster),extension match jpg; byte match at [[0 14] [911320 2]],,2649,3441,8,868,"8 - Langbroek, 1908-1949/8_868/8_868_0001.jpg"
"8 - Langbroek, 1908-1949/8_868/8_868_0002.jpg",835003,2026-03-02T13:03:36Z,,2a071ac3e4d13295eb97cfea0e65488b,pronom,fmt/43,JPEG File Interchange Format,1.01,image/jpeg,Image (Raster),extension match jpg; byte match at [[0 14] [835001 2]],,2649,3438,8,868,"8 - Langbroek, 1908-1949/8_868/8_868_0002.jpg"
"8 - Langbroek, 1908-1949/8_868/8_868_0003.jpg",5107152,2026-03-02T13:03:36Z,,612fad56b3742b12d0e369e847f8019b,pronom,fmt/43,JPEG File Interchange Format,1.01,image/jpeg,Image (Raster),extension match jpg; byte match at [[0 14] [5107150 2]],,6880,4510,8,868,"8 - Langbroek, 1908-1949/8_868/8_868_0003.jpg"
"8 - Langbroek, 1908-1949/8_868/8_868_0004.jpg",8183534,2026-03-02T13:03:36Z,,52ff2dc50a925c3d4042284e79e0bf84,pronom,fmt/43,JPEG File Interchange Format,1.01,image/jpeg,Image (Raster),extension match jpg; byte match at [[0 14] [8183532 2]],,8890,6981,8,868,"8 - Langbroek, 1908-1949/8_868/8_868_0004.jpg"
"8 - Langbroek, 1908-1949/8_868/8_868_0005.jpg",902853,2026-03-02T13:03:36Z,,ac03012220291c876d420d64f50d141c,pronom,fmt/43,JPEG File Interchange Format,1.01,image/jpeg,Image (Raster),extension match jpg; byte match at [[0 14] [902851 2]],,2500,4014,8,868,"8 - Langbroek, 1908-1949/8_868/8_868_0005.jpg"
"8 - Langbroek, 1908-1949/8_868/8_868_0006.jpg",810257,2026-03-02T13:03:36Z,,bc735d8cfc2fd1cb1a91bb31bd44c51d,pronom,fmt/43,JPEG File Interchange Format,1.01,image/jpeg,Image (Raster),extension match jpg; byte match at [[0 14] [810255 2]],,2608,3369,8,868,"8 - Langbroek, 1908-1949/8_868/8_868_0006.jpg"
"8 - Langbroek, 1908-1949/8_869/8_869_0001.jpg",987431,2026-03-02T13:03:36Z,,31e5b57a6dc8032f0d4413697b564766,pronom,fmt/43,JPEG File Interchange Format,1.01,image/jpeg,Image (Raster),extension match jpg; byte match at [[0 14] [987429 2]],,2567,3597,8,869,"8 - Langbroek, 1908-1949/8_869/8_869_0001.jpg"
"8 - Langbroek, 1908-1949/8_869/8_869_0002.jpg",785866,2026-03-02T13:03:36Z,,542fd4a3acafe2b311a7f74ef91eddd6,pronom,fmt/43,JPEG File Interchange Format,1.01,image/jpeg,Image (Raster),extension match jpg; byte match at [[0 14] [785864 2]],,2690,3413,8,869,"8 - Langbroek, 1908-1949/8_869/8_869_0002.jpg"
"8 - Langbroek, 1908-1949/8_869/8_869_0003.jpg",928085,2026-03-02T13:03:36Z,,ea49bc11f0a229738ae1dc66ba4bac2b,pronom,fmt/43,JPEG File Interchange Format,1.01,image/jpeg,Image (Raster),extension match jpg; byte match at [[0 14] [928083 2]],,3554,2350,8,869,"8 - Langbroek, 1908-1949/8_869/8_869_0003.jpg"
"8 - Langbroek, 1908-1949/8_869/8_869_0004.jpg",743860,2026-03-02T13:03:36Z,,8bda2bfe2837ff28479bd58e351a8a45,pronom,fmt/43,JPEG File Interchange Format,1.01,image/jpeg,Image (Raster),extension match jpg; byte match at [[0 14] [743858 2]],,3559,2349,8,869,"8 - Langbroek, 1908-1949/8_869/8_869_0004.jpg"
"8 - Langbroek, 1908-1949/8_870/8_870_0001.jpg",629472,2026-03-02T13:03:36Z,,79cf5693d120c92c244788f42c48e0b2,pronom,fmt/43,JPEG File Interchange Format,1.01,image/jpeg,Image (Raster),extension match jpg; byte match at [[0 14] [629470 2]],,2595,2077,8,870,"8 - Langbroek, 1908-1949/8_870/8_870_0001.jpg"
"8 - Langbroek, 1908-1949/8_870/8_870_0002.jpg",425771,2026-03-02T13:03:36Z,,8ba787776fc97ee14591260dd11e2509,pronom,fmt/43,JPEG File Interchange Format,1.01,image/jpeg,Image (Raster),extension match jpg; byte match at [[0 14] [425769 2]],,2722,1447,8,870,"8 - Langbroek, 1908-1949/8_870/8_870_0002.jpg"
"8 - Langbroek, 1908-1949/8_870/8_870_0003.jpg",7459349,2026-03-02T13:03:36Z,,c683ca4cb5a091d3298a1685af406fa3,pronom,fmt/43,JPEG File Interchange Format,1.01,image/jpeg,Image (Raster),extension match jpg; byte match at [[0 14] [7459347 2]],,11231,5340,8,870,"8 - Langbroek, 1908-1949/8_870/8_870_0003.jpg"
"8 - Langbroek, 1908-1949/8_871/8_871_0001.jpg",1012151,2026-03-02T13:03:36Z,,2d387fff807be016a62c3ebc44c9595d,pronom,fmt/43,JPEG File Interchange Format,1.01,image/jpeg,Image (Raster),extension match jpg; byte match at [[0 14] [1012149 2]],,2660,3366,8,871,"8 - Langbroek, 1908-1949/8_871/8_871_0001.jpg"
"8 - Langbroek, 1908-1949/8_871/8_871_0002.jpg",985969,2026-03-02T13:03:36Z,,ec6a782889ac4790cbb5b900403a8751,pronom,fmt/43,JPEG File Interchange Format,1.01,image/jpeg,Image (Raster),extension match jpg; byte match at [[0 14] [985967 2]],,2580,3140,8,871,"8 - Langbroek, 1908-1949/8_871/8_871_0002.jpg"
"8 - Langbroek, 1908-1949/8_871/8_871_0003.jpg",2829537,2026-03-02T13:03:36Z,,260add9ae94887e82ad06f64ec863bc7,pronom,fmt/43,JPEG File Interchange Format,1.01,image/jpeg,Image (Raster),extension match jpg; byte match at [[0 14] [2829535 2]],,6054,7709,8,871,"8 - Langbroek, 1908-1949/8_871/8_871_0003.jpg"
"8 - Langbroek, 1908-1949/8_872/8_872_0001.jpg",472790,2026-03-02T13:03:36Z,,770ae4ddc87d73e66603b4dc7d1687fd,pronom,fmt/43,JPEG File Interchange Format,1.01,image/jpeg,Image (Raster),extension match jpg; byte match at [[0 14] [472788 2]],,2596,1657,8,872,"8 - Langbroek, 1908-1949/8_872/8_872_0001.jpg"
"8 - Langbroek, 1908-1949/8_872/8_872_0002.jpg",399882,2026-03-02T13:03:36Z,,536c0ddd5e06e8cc823286414bf9ae98,pronom,fmt/43,JPEG File Interchange Format,1.01,image/jpeg,Image (Raster),extension match jpg; byte match at [[0 14] [399880 2]],,2593,1663,8,872,"8 - Langbroek, 1908-1949/8_872/8_872_0002.jpg"
"8 - Langbroek, 1908-1949/8_872/8_872_0003.jpg",960286,2026-03-02T13:03:36Z,,56d4e52b8ad91c2559ebadccedbb8001,pronom,fmt/43,JPEG File Interchange Format,1.01,image/jpeg,Image (Raster),extension match jpg; byte match at [[0 14] [960284 2]],,2568,3610,8,872,"8 - Langbroek, 1908-1949/8_872/8_872_0003.jpg"
"8 - Langbroek, 1908-1949/8_872/8_872_0004.jpg",3526992,2026-03-02T13:03:36Z,,08799daaa34b585d6c8ceb4660135e67,pronom,fmt/43,JPEG File Interchange Format,1.01,image/jpeg,Image (Raster),extension match jpg; byte match at [[0 14] [3526990 2]],,6952,5505,8,872,"8 - Langbroek, 1908-1949/8_872/8_872_0004.jpg"
"8 - Langbroek, 1908-1949/8_872/8_872_0005.jpg",4010628,2026-03-02T13:03:36Z,,ad16259c67263ed711b88ae489b6d211,pronom,fmt/43,JPEG File Interchange Format,1.01,image/jpeg,Image (Raster),extension match jpg; byte match at [[0 14] [4010626 2]],,6950,5501,8,872,"8 - Langbroek, 1908-1949/8_872/8_872_0005.jpg"
"8 - Langbroek, 1908-1949/8_873/8_873_0001.jpg",821538,2026-03-02T13:03:37Z,,80aebb751b7597dc949cadf280c9171c,pronom,fmt/43,JPEG File Interchange Format,1.01,image/jpeg,Image (Raster),extension match jpg; byte match at [[0 14] [821536 2]],,2539,4052,8,873,"8 - Langbroek, 1908-1949/8_873/8_873_0001.jpg"
"8 - Langbroek, 1908-1949/8_873/8_873_0002.jpg",481465,2026-03-02T13:03:37Z,,27feaf7828329591e70e13ddee97db2b,pronom,fmt/43,JPEG File Interchange Format,1.01,image/jpeg,Image (Raster),extension match jpg; byte match at [[0 14] [481463 2]],,1697,2591,8,873,"8 - Langbroek, 1908-1949/8_873/8_873_0002.jpg"
"8 - Langbroek, 1908-1949/8_873/8_873_0003.jpg",3064999,2026-03-02T13:03:37Z,,97e2abb6dafd79b8383d420f59558808,pronom,fmt/43,JPEG File Interchange Format,1.01,image/jpeg,Image (Raster),extension match jpg; byte match at [[0 14] [3064997 2]],,5723,3643,8,873,"8 - Langbroek, 1908-1949/8_873/8_873_0003.jpg"
"8 - Langbroek, 1908-1949/8_873/8_873_0004.jpg",3150214,2026-03-02T13:03:37Z,,82dfb6cd467ce2a54a89339101e3f987,pronom,fmt/43,JPEG File Interchange Format,1.01,image/jpeg,Image (Raster),extension match jpg; byte match at [[0 14] [3150212 2]],,5710,3640,8,873,"8 - Langbroek, 1908-1949/8_873/8_873_0004.jpg"
"8 - Langbroek, 1908-1949/8_874/8_874_0001.jpg",860425,2026-03-02T13:03:37Z,,692eae7665c5e55a459f9525a2d13f38,pronom,fmt/43,JPEG File Interchange Format,1.01,image/jpeg,Image (Raster),extension match jpg; byte match at [[0 14] [860423 2]],,2574,3612,8,874,"8 - Langbroek, 1908-1949/8_874/8_874_0001.jpg"
"8 - Langbroek, 1908-1949/8_874/8_874_0002.jpg",9087303,2026-03-02T13:03:37Z,,a971af66c838dae88929b0c5a718242d,pronom,fmt/43,JPEG File Interchange Format,1.01,image/jpeg,Image (Raster),extension match jpg; byte match at [[0 14] [9087301 2]],,7795,8432,8,874,"8 - Langbroek, 1908-1949/8_874/8_874_0002.jpg"
"8 - Langbroek, 1908-1949/8_874/8_874_0003.jpg",5191398,2026-03-02T13:03:37Z,,e736f83c6fc90bc08a307fb79d8559fb,pronom,fmt/43,JPEG File Interchange Format,1.01,image/jpeg,Image (Raster),extension match jpg; byte match at [[0 14] [5191396 2]],,7799,8422,8,874,"8 - Langbroek, 1908-1949/8_874/8_874_0003.jpg"
"8 - Langbroek, 1908-1949/8_875/8_875_0001.jpg",1169455,2026-03-02T13:03:37Z,,2eeb81418216c5e8f1a940afdf3eaa96,pronom,fmt/43,JPEG File Interchange Format,1.01,image/jpeg,Image (Raster),extension match jpg; byte match at [[0 14] [1169453 2]],,2566,3600,8,875,"8 - Langbroek, 1908-1949/8_875/8_875_0001.jpg"
"8 - Langbroek, 1908-1949/8_875/8_875_0002.jpg",2136229,2026-03-02T13:03:37Z,,a765e9ad3194d18b63c2ff43c24d811e,pronom,fmt/43,JPEG File Interchange Format,1.01,image/jpeg,Image (Raster),extension match jpg; byte match at [[0 14] [2136227 2]],,4562,4666,8,875,"8 - Langbroek, 1908-1949/8_875/8_875_0002.jpg"
"8 - Langbroek, 1908-1949/8_875/8_875_0003.jpg",848630,2026-03-02T13:03:37Z,,f30939b3b3d25c1e7ae95109cd2a2c2f,pronom,fmt/43,JPEG File Interchange Format,1.01,image/jpeg,Image (Raster),extension match jpg; byte match at [[0 14] [848628 2]],,2574,2970,8,875,"8 - Langbroek, 1908-1949/8_875/8_875_0003.jpg"
"8 - Langbroek, 1908-1949/8_875/8_875_0004.jpg",916323,2026-03-02T13:03:37Z,,7a2de9548c764f4114d13e6875a843c7,pronom,fmt/43,JPEG File Interchange Format,1.01,image/jpeg,Image (Raster),extension match jpg; byte match at [[0 14] [916321 2]],,2579,3132,8,875,"8 - Langbroek, 1908-1949/8_875/8_875_0004.jpg"
"8 - Langbroek, 1908-1949/8_876/8_876_0001.jpg",1068662,2026-03-02T13:03:37Z,,3f387a3217e3d329bac30319f11d29be,pronom,fmt/43,JPEG File Interchange Format,1.01,image/jpeg,Image (Raster),extension match jpg; byte match at [[0 14] [1068660 2]],,2565,3599,8,876,"8 - Langbroek, 1908-1949/8_876/8_876_0001.jpg"
"8 - Langbroek, 1908-1949/8_876/8_876_0002.jpg",882870,2026-03-02T13:03:37Z,,cfbe7428e782b3a45f3db37555080e51,pronom,fmt/43,JPEG File Interchange Format,1.01,image/jpeg,Image (Raster),extension match jpg; byte match at [[0 14] [882868 2]],,2659,3371,8,876,"8 - Langbroek, 1908-1949/8_876/8_876_0002.jpg"
"8 - Langbroek, 1908-1949/8_876/8_876_0003.jpg",5027306,2026-03-02T13:03:37Z,,7837ec0a5908f755e4733b160253cb9e,pronom,fmt/43,JPEG File Interchange Format,1.01,image/jpeg,Image (Raster),extension match jpg; byte match at [[0 14] [5027304 2]],,6530,4410,8,876,"8 - Langbroek, 1908-1949/8_876/8_876_0003.jpg"
"8 - Langbroek, 1908-1949/8_877/8_877_0001.jpg",904738,2026-03-02T13:03:37Z,,d38c85874328f3d95cc8ffb75457368c,pronom,fmt/43,JPEG File Interchange Format,1.01,image/jpeg,Image (Raster),extension match jpg; byte match at [[0 14] [904736 2]],,2574,3608,8,877,"8 - Langbroek, 1908-1949/8_877/8_877_0001.jpg"
"8 - Langbroek, 1908-1949/8_877/8_877_0002.jpg",899581,2026-03-02T13:03:37Z,,c3aff5a5f1148c401cbdc2b0f85053c8,pronom,fmt/43,JPEG File Interchange Format,1.01,image/jpeg,Image (Raster),extension match jpg; byte match at [[0 14] [899579 2]],,2577,3608,8,877,"8 - Langbroek, 1908-1949/8_877/8_877_0002.jpg"
"8 - Langbroek, 1908-1949/8_878/8_878_0001.jpg",531648,2026-03-02T13:03:37Z,,95e06ab7f9ec10b8564dd82404cb820e,pronom,fmt/43,JPEG File Interchange Format,1.01,image/jpeg,Image (Raster),extension match jpg; byte match at [[0 14] [531646 2]],,1720,2602,8,878,"8 - Langbroek, 1908-1949/8_878/8_878_0001.jpg"
"8 - Langbroek, 1908-1949/8_878/8_878_0002.jpg",1019160,2026-03-02T13:03:37Z,,86a27c42d0ccabdbfd51bd24f3d6fb84,pronom,fmt/43,JPEG File Interchange Format,1.01,image/jpeg,Image (Raster),extension match jpg; byte match at [[0 14] [1019158 2]],,2486,4018,8,878,"8 - Langbroek, 1908-1949/8_878/8_878_0002.jpg"
"8 - Langbroek, 1908-1949/8_878/8_878_0003.jpg",1028077,2026-03-02T13:03:37Z,,57bd67f8c48b18756ce38f7406a008e4,pronom,fmt/43,JPEG File Interchange Format,1.01,image/jpeg,Image (Raster),extension match jpg; byte match at [[0 14] [1028075 2]],,2529,4049,8,878,"8 - Langbroek, 1908-1949/8_878/8_878_0003.jpg"
"8 - Langbroek, 1908-1949/8_878/8_878_0004.jpg",420635,2026-03-02T13:03:37Z,,552af3c359bfb8279b3c2a80f8aa590e,pronom,fmt/43,JPEG File Interchange Format,1.01,image/jpeg,Image (Raster),extension match jpg; byte match at [[0 14] [420633 2]],,2617,1697,8,878,"8 - Langbroek, 1908-1949/8_878/8_878_0004.jpg"
"8 - Langbroek, 1908-1949/8_879/8_879_0001.jpg",794504,2026-03-02T13:03:37Z,,df5896511d64e72e2fb8665e3a157888,pronom,fmt/43,JPEG File Interchange Format,1.01,image/jpeg,Image (Raster),extension match jpg; byte match at [[0 14] [794502 2]],,2662,3361,8,879,"8 - Langbroek, 1908-1949/8_879/8_879_0001.jpg"
"8 - Langbroek, 1908-1949/8_879/8_879_0002.jpg",753310,2026-03-02T13:03:37Z,,75053bb5f287f72ef53deb9466662e2b,pronom,fmt/43,JPEG File Interchange Format,1.01,image/jpeg,Image (Raster),extension match jpg; byte match at [[0 14] [753308 2]],,2483,3254,8,879,"8 - Langbroek, 1908-1949/8_879/8_879_0002.jpg"
"8 - Langbroek, 1908-1949/8_879/8_879_0003.jpg",3722192,2026-03-02T13:03:37Z,,30e48ea7315fe1dba4345f83798d10be,pronom,fmt/43,JPEG File Interchange Format,1.01,image/jpeg,Image (Raster),extension match jpg; byte match at [[0 14] [3722190 2]],,4761,6930,8,879,"8 - Langbroek, 1908-1949/8_879/8_879_0003.jpg"
"8 - Langbroek, 1908-1949/8_879/8_879_0004.jpg",3669126,2026-03-02T13:03:37Z,,630b5f0d026e8411a00adfb94b5511ef,pronom,fmt/43,JPEG File Interchange Format,1.01,image/jpeg,Image (Raster),extension match jpg; byte match at [[0 14] [3669124 2]],,4759,6939,8,879,"8 - Langbroek, 1908-1949/8_879/8_879_0004.jpg"
"8 - Langbroek, 1908-1949/8_880/8_880_0001.jpg",567279,2026-03-02T13:03:37Z,,3a798280c552c7355acda3577f7c17d8,pronom,fmt/43,JPEG File Interchange Format,1.01,image/jpeg,Image (Raster),extension match jpg; byte match at [[0 14] [567277 2]],,2594,2072,8,880,"8 - Langbroek, 1908-1949/8_880/8_880_0001.jpg"
"8 - Langbroek, 1908-1949/8_880/8_880_0002.jpg",1066027,2026-03-02T13:03:37Z,,1061bd35d13373cfd8c312feb6e81b93,pronom,fmt/43,JPEG File Interchange Format,1.01,image/jpeg,Image (Raster),extension match jpg; byte match at [[0 14] [1066025 2]],,2666,4123,8,880,"8 - Langbroek, 1908-1949/8_880/8_880_0002.jpg"
"8 - Langbroek, 1908-1949/8_880/8_880_0003.jpg",1379638,2026-03-02T13:03:37Z,,9e5a904c5a5ac5866f88febb60d3b06a,pronom,fmt/43,JPEG File Interchange Format,1.01,image/jpeg,Image (Raster),extension match jpg; byte match at [[0 14] [1379636 2]],,3007,2937,8,880,"8 - Langbroek, 1908-1949/8_880/8_880_0003.jpg"
"8 - Langbroek, 1908-1949/8_880/8_880_0004.jpg",11728298,2026-03-02T13:03:37Z,,a327fba8c7e78171839e5a8e3519f4cb,pronom,fmt/43,JPEG File Interchange Format,1.01,image/jpeg,Image (Raster),extension match jpg; byte match at [[0 14] [11728296 2]],,10327,7506,8,880,"8 - Langbroek, 1908-1949/8_880/8_880_0004.jpg"
"8 - Langbroek, 1908-1949/8_880/8_880_0005.jpg",3911371,2026-03-02T13:03:37Z,,111ec286c99c93c76081f0ee50c40a5a,pronom,fmt/43,JPEG File Interchange Format,1.01,image/jpeg,Image (Raster),extension match jpg; byte match at [[0 14] [3911369 2]],,10330,7506,8,880,"8 - Langbroek, 1908-1949/8_880/8_880_0005.jpg"
"8 - Langbroek, 1908-1949/8_881/8_881_0001.jpg",2610003,2026-03-02T13:03:37Z,,f944ac142d98af773b9c49da8ecd329f,pronom,fmt/43,JPEG File Interchange Format,1.01,image/jpeg,Image (Raster),extension match jpg; byte match at [[0 14] [2610001 2]],,4035,3423,8,881,"8 - Langbroek, 1908-1949/8_881/8_881_0001.jpg"
"8 - Langbroek, 1908-1949/8_881/8_881_0002.jpg",649826,2026-03-02T13:03:37Z,,61478035084e7015bbcfbc41ec329d3b,pronom,fmt/43,JPEG File Interchange Format,1.01,image/jpeg,Image (Raster),extension match jpg; byte match at [[0 14] [649824 2]],,2594,2075,8,881,"8 - Langbroek, 1908-1949/8_881/8_881_0002.jpg"
"8 - Langbroek, 1908-1949/8_881/8_881_0003.jpg",777253,2026-03-02T13:03:37Z,,b4062df94e889682ad447e8f269385e8,pronom,fmt/43,JPEG File Interchange Format,1.01,image/jpeg,Image (Raster),extension match jpg; byte match at [[0 14] [777251 2]],,2629,3182,8,881,"8 - Langbroek, 1908-1949/8_881/8_881_0003.jpg"
"8 - Langbroek, 1908-1949/8_882/8_882_0001.jpg",979145,2026-03-02T13:03:37Z,,28e3ca82a86e37aec8328af147d359ce,pronom,fmt/43,JPEG File Interchange Format,1.01,image/jpeg,Image (Raster),extension match jpg; byte match at [[0 14] [979143 2]],,2566,3598,8,882,"8 - Langbroek, 1908-1949/8_882/8_882_0001.jpg"
"8 - Langbroek, 1908-1949/8_882/8_882_0002.jpg",948148,2026-03-02T13:03:37Z,,10b15a985853608acc0c0ac52ff61ae6,pronom,fmt/43,JPEG File Interchange Format,1.01,image/jpeg,Image (Raster),extension match jpg; byte match at [[0 14] [948146 2]],,2545,3280,8,882,"8 - Langbroek, 1908-1949/8_882/8_882_0002.jpg"
"8 - Langbroek, 1908-1949/8_883/8_883_0001.jpg",934913,2026-03-02T13:03:37Z,,d16dca5083a6a449c7e549222d1538d3,pronom,fmt/43,JPEG File Interchange Format,1.01,image/jpeg,Image (Raster),extension match jpg; byte match at [[0 14] [934911 2]],,2580,3610,8,883,"8 - Langbroek, 1908-1949/8_883/8_883_0001.jpg"
"8 - Langbroek, 1908-1949/8_883/8_883_0002.jpg",872067,2026-03-02T13:03:37Z,,d1b3a2114acb157a98fb47e4c5186f54,pronom,fmt/43,JPEG File Interchange Format,1.01,image/jpeg,Image (Raster),extension match jpg; byte match at [[0 14] [872065 2]],,2574,3607,8,883,"8 - Langbroek, 1908-1949/8_883/8_883_0002.jpg"
"8 - Langbroek, 1908-1949/8_884/8_884_0001.jpg",1019560,2026-03-02T13:03:37Z,,55f31d0456c062200ff69cfd5abb8b5c,pronom,fmt/43,JPEG File Interchange Format,1.01,image/jpeg,Image (Raster),extension match jpg; byte match at [[0 14] [1019558 2]],,2562,3592,8,884,"8 - Langbroek, 1908-1949/8_884/8_884_0001.jpg"
"8 - Langbroek, 1908-1949/8_884/8_884_0002.jpg",1093255,2026-03-02T13:03:37Z,,b09b52bab740ad332b889d43e0ae283a,pronom,fmt/43,JPEG File Interchange Format,1.01,image/jpeg,Image (Raster),extension match jpg; byte match at [[0 14] [1093253 2]],,2605,4067,8,884,"8 - Langbroek, 1908-1949/8_884/8_884_0002.jpg"
"8 - Langbroek, 1908-1949/8_884/8_884_0003.jpg",1985897,2026-03-02T13:03:37Z,,a99a3aa5267750658cdb6336350087b7,pronom,fmt/43,JPEG File Interchange Format,1.01,image/jpeg,Image (Raster),extension match jpg; byte match at [[0 14] [1985895 2]],,5188,4089,8,884,"8 - Langbroek, 1908-1949/8_884/8_884_0003.jpg"
"8 - Langbroek, 1908-1949/8_884/8_884_0004.jpg",1435201,2026-03-02T13:03:37Z,,27a44619a054d0a2f592bf86c0e0398b,pronom,fmt/43,JPEG File Interchange Format,1.01,image/jpeg,Image (Raster),extension match jpg; byte match at [[0 14] [1435199 2]],,5099,4069,8,884,"8 - Langbroek, 1908-1949/8_884/8_884_0004.jpg"
"8 - Langbroek, 1908-1949/8_885/8_885_0001.jpg",977679,2026-03-02T13:03:37Z,,91692c008875f31d0afc6ef521decb85,pronom,fmt/43,JPEG File Interchange Format,1.01,image/jpeg,Image (Raster),extension match jpg; byte match at [[0 14] [977677 2]],,2530,4055,8,885,"8 - Langbroek, 1908-1949/8_885/8_885_0001.jpg"
"8 - Langbroek, 1908-1949/8_885/8_885_0002.jpg",2941657,2026-03-02T13:03:37Z,,b1333cadfd435e9fde25c65450808ea6,pronom,fmt/43,JPEG File Interchange Format,1.01,image/jpeg,Image (Raster),extension match jpg; byte match at [[0 14] [2941655 2]],,5660,5480,8,885,"8 - Langbroek, 1908-1949/8_885/8_885_0002.jpg"
"8 - Langbroek, 1908-1949/8_887/8_887_0001.jpg",3042342,2026-03-02T13:03:37Z,,8cdc015f49420fff1bb5ce5918c5bf3b,pronom,fmt/43,JPEG File Interchange Format,1.01,image/jpeg,Image (Raster),extension match jpg; byte match at [[0 14] [3042340 2]],,6418,5624,8,887,"8 - Langbroek, 1908-1949/8_887/8_887_0001.jpg"
"8 - Langbroek, 1908-1949/8_887/8_887_0002.jpg",1063202,2026-03-02T13:03:37Z,,a4eddb0f4d2af0ecbf8026d5dfbccaa5,pronom,fmt/43,JPEG File Interchange Format,1.01,image/jpeg,Image (Raster),extension match jpg; byte match at [[0 14] [1063200 2]],,2596,4011,8,887,"8 - Langbroek, 1908-1949/8_887/8_887_0002.jpg"
"8 - Langbroek, 1908-1949/8_887/8_887_0003.jpg",724025,2026-03-02T13:03:37Z,,ce5b20b659122fbb40e0a2946993664e,pronom,fmt/43,JPEG File Interchange Format,1.01,image/jpeg,Image (Raster),extension match jpg; byte match at [[0 14] [724023 2]],,2030,2550,8,887,"8 - Langbroek, 1908-1949/8_887/8_887_0003.jpg"
"8 - Langbroek, 1908-1949/8_887/8_887_0004.jpg",657951,2026-03-02T13:03:37Z,,224744f6ae31b5798c8ea03a8b1e2b73,pronom,fmt/43,JPEG File Interchange Format,1.01,image/jpeg,Image (Raster),extension match jpg; byte match at [[0 14] [657949 2]],,2043,2556,8,887,"8 - Langbroek, 1908-1949/8_887/8_887_0004.jpg"
"8 - Langbroek, 1908-1949/8_889/8_889_0001.jpg",913878,2026-03-02T13:03:37Z,,96739287e5bd2e9ff4d470a16370a891,pronom,fmt/43,JPEG File Interchange Format,1.01,image/jpeg,Image (Raster),extension match jpg; byte match at [[0 14] [913876 2]],,2560,3597,8,889,"8 - Langbroek, 1908-1949/8_889/8_889_0001.jpg"
"8 - Langbroek, 1908-1949/8_889/8_889_0002.jpg",942292,2026-03-02T13:03:37Z,,bf8e711538e72d308fadb593e203c8e8,pronom,fmt/43,JPEG File Interchange Format,1.01,image/jpeg,Image (Raster),extension match jpg; byte match at [[0 14] [942290 2]],,2580,3143,8,889,"8 - Langbroek, 1908-1949/8_889/8_889_0002.jpg"
"8 - Langbroek, 1908-1949/8_890/8_890_0001.jpg",908911,2026-03-02T13:03:37Z,,f466935fa0f0d1ed5247602163f14319,pronom,fmt/43,JPEG File Interchange Format,1.01,image/jpeg,Image (Raster),extension match jpg; byte match at [[0 14] [908909 2]],,2561,3599,8,890,"8 - Langbroek, 1908-1949/8_890/8_890_0001.jpg"
"8 - Langbroek, 1908-1949/8_890/8_890_0002.jpg",3070437,2026-03-02T13:03:37Z,,fee99452aa19ca2e2c01fe9a043cbc76,pronom,fmt/43,JPEG File Interchange Format,1.01,image/jpeg,Image (Raster),extension match jpg; byte match at [[0 14] [3070435 2]],,4642,3936,8,890,"8 - Langbroek, 1908-1949/8_890/8_890_0002.jpg"
"8 - Langbroek, 1908-1949/8_891/8_891_0001.jpg",1057313,2026-03-02T13:03:38Z,,e80357db9289d98fa9f273d316be7d3e,pronom,fmt/43,JPEG File Interchange Format,1.01,image/jpeg,Image (Raster),extension match jpg; byte match at [[0 14] [1057311 2]],,2566,3610,8,891,"8 - Langbroek, 1908-1949/8_891/8_891_0001.jpg"
"8 - Langbroek, 1908-1949/8_891/8_891_0002.jpg",862075,2026-03-02T13:03:38Z,,81d28882c5e074d07566e323e9d5356f,pronom,fmt/43,JPEG File Interchange Format,1.01,image/jpeg,Image (Raster),extension match jpg; byte match at [[0 14] [862073 2]],,2607,3461,8,891,"8 - Langbroek, 1908-1949/8_891/8_891_0002.jpg"
"8 - Langbroek, 1908-1949/8_891/8_891_0003.jpg",1102490,2026-03-02T13:03:38Z,,88e93dedc6d6da385ba5bf4138f5715e,pronom,fmt/43,JPEG File Interchange Format,1.01,image/jpeg,Image (Raster),extension match jpg; byte match at [[0 14] [1102488 2]],,2598,4062,8,891,"8 - Langbroek, 1908-1949/8_891/8_891_0003.jpg"
"8 - Langbroek, 1908-1949/8_891/8_891_0004.jpg",958532,2026-03-02T13:03:38Z,,08b150fcfdeb5414edb7918bd0060e39,pronom,fmt/43,JPEG File Interchange Format,1.01,image/jpeg,Image (Raster),extension match jpg; byte match at [[0 14] [958530 2]],,2599,4064,8,891,"8 - Langbroek, 1908-1949/8_891/8_891_0004.jpg"
"8 - Langbroek, 1908-1949/8_891/8_891_0005.jpg",1084403,2026-03-02T13:03:38Z,,ea66a7176ab80c21bd0372d3e09e0452,pronom,fmt/43,JPEG File Interchange Format,1.01,image/jpeg,Image (Raster),extension match jpg; byte match at [[0 14] [1084401 2]],,2560,3592,8,891,"8 - Langbroek, 1908-1949/8_891/8_891_0005.jpg"
"8 - Langbroek, 1908-1949/8_891/8_891_0006.jpg",1668800,2026-03-02T13:03:38Z,,31fb8aeb58419ec5086501ce6c6ed8b6,pronom,fmt/43,JPEG File Interchange Format,1.01,image/jpeg,Image (Raster),extension match jpg; byte match at [[0 14] [1668798 2]],,4000,5100,8,891,"8 - Langbroek, 1908-1949/8_891/8_891_0006.jpg"
"8 - Langbroek, 1908-1949/8_891/8_891_0007.jpg",1340228,2026-03-02T13:03:38Z,,8d831f10ca7900d1d128c5df8b6517c6,pronom,fmt/43,JPEG File Interchange Format,1.01,image/jpeg,Image (Raster),extension match jpg; byte match at [[0 14] [1340226 2]],,5103,4000,8,891,"8 - Langbroek, 1908-1949/8_891/8_891_0007.jpg"
"8 - Langbroek, 1908-1949/8_891/8_891_0008.jpg",994620,2026-03-02T13:03:38Z,,82c835fe39d50d35360dc354f6382427,pronom,fmt/43,JPEG File Interchange Format,1.01,image/jpeg,Image (Raster),extension match jpg; byte match at [[0 14] [994618 2]],,2570,3600,8,891,"8 - Langbroek, 1908-1949/8_891/8_891_0008.jpg"
"8 - Langbroek, 1908-1949/8_891/8_891_0009.jpg",760116,2026-03-02T13:03:38Z,,abf759da5dd74cca7e21458319629a76,pronom,fmt/43,JPEG File Interchange Format,1.01,image/jpeg,Image (Raster),extension match jpg; byte match at [[0 14] [760114 2]],,2590,3157,8,891,"8 - Langbroek, 1908-1949/8_891/8_891_0009.jpg"
"8 - Langbroek, 1908-1949/8_892/8_892_0001.jpg",521066,2026-03-02T13:03:38Z,,789c84ce43e9e738ec5e7343c78dfbca,pronom,fmt/43,JPEG File Interchange Format,1.01,image/jpeg,Image (Raster),extension match jpg; byte match at [[0 14] [521064 2]],,2126,1719,8,892,"8 - Langbroek, 1908-1949/8_892/8_892_0001.jpg"
"8 - Langbroek, 1908-1949/8_892/8_892_0002.jpg",1048523,2026-03-02T13:03:38Z,,2a1e318b74be2850a5dd2e6b072b2755,pronom,fmt/43,JPEG File Interchange Format,1.01,image/jpeg,Image (Raster),extension match jpg; byte match at [[0 14] [1048521 2]],,2559,3599,8,892,"8 - Langbroek, 1908-1949/8_892/8_892_0002.jpg"
"8 - Langbroek, 1908-1949/8_892/8_892_0003.jpg",1943556,2026-03-02T13:03:38Z,,5f4f171544a60ea13d4c2298b12e4c9e,pronom,fmt/43,JPEG File Interchange Format,1.01,image/jpeg,Image (Raster),extension match jpg; byte match at [[0 14] [1943554 2]],,5980,3550,8,892,"8 - Langbroek, 1908-1949/8_892/8_892_0003.jpg"
"8 - Langbroek, 1908-1949/8_892/8_892_0004.jpg",1870109,2026-03-02T13:03:38Z,,0961bfeba62e3b562d740e2ac51cf716,pronom,fmt/43,JPEG File Interchange Format,1.01,image/jpeg,Image (Raster),extension match jpg; byte match at [[0 14] [1870107 2]],,5974,3554,8,892,"8 - Langbroek, 1908-1949/8_892/8_892_0004.jpg"
"8 - Langbroek, 1908-1949/8_893/8_893_0001.jpg",1183821,2026-03-02T13:03:38Z,,ddd1fba8e1a2436539e4b2a2300ecebb,pronom,fmt/43,JPEG File Interchange Format,1.01,image/jpeg,Image (Raster),extension match jpg; byte match at [[0 14] [1183819 2]],,2567,3593,8,893,"8 - Langbroek, 1908-1949/8_893/8_893_0001.jpg"
"8 - Langbroek, 1908-1949/8_893/8_893_0002.jpg",4074706,2026-03-02T13:03:38Z,,950cda8938798f408a14fe6f544e8bfd,pronom,fmt/43,JPEG File Interchange Format,1.01,image/jpeg,Image (Raster),extension match jpg; byte match at [[0 14] [4074704 2]],,6747,4704,8,893,"8 - Langbroek, 1908-1949/8_893/8_893_0002.jpg"
"8 - Langbroek, 1908-1949/8_893/8_893_0003.jpg",2278139,2026-03-02T13:03:38Z,,7f8d33eacb9244219f619ac3bdbbcdcd,pronom,fmt/43,JPEG File Interchange Format,1.01,image/jpeg,Image (Raster),extension match jpg; byte match at [[0 14] [2278137 2]],,6794,4701,8,893,"8 - Langbroek, 1908-1949/8_893/8_893_0003.jpg"
"8 - Langbroek, 1908-1949/8_893/8_893_0004.jpg",996650,2026-03-02T13:03:38Z,,a45fbf520ff2f6d66a55fb8ed0c5d4ba,pronom,fmt/43,JPEG File Interchange Format,1.01,image/jpeg,Image (Raster),extension match jpg; byte match at [[0 14] [996648 2]],,2649,3221,8,893,"8 - Langbroek, 1908-1949/8_893/8_893_0004.jpg"
"8 - Langbroek, 1908-1949/8_894/8_894_0001.jpg",1003161,2026-03-02T13:03:38Z,,0fc5bcec44d9088decc537f537663d04,pronom,fmt/43,JPEG File Interchange Format,1.01,image/jpeg,Image (Raster),extension match jpg; byte match at [[0 14] [1003159 2]],,2553,3604,8,894,"8 - Langbroek, 1908-1949/8_894/8_894_0001.jpg"
"8 - Langbroek, 1908-1949/8_894/8_894_0002.jpg",3123865,2026-03-02T13:03:38Z,,ed4f21a5332f7176ca2e17d22344c336,pronom,fmt/43,JPEG File Interchange Format,1.01,image/jpeg,Image (Raster),extension match jpg; byte match at [[0 14] [3123863 2]],,4499,5769,8,894,"8 - Langbroek, 1908-1949/8_894/8_894_0002.jpg"
"8 - Langbroek, 1908-1949/8_894/8_894_0003.jpg",1722859,2026-03-02T13:03:38Z,,b5a7b2a6e59dba3513f1d03c0b3f562a,pronom,fmt/43,JPEG File Interchange Format,1.01,image/jpeg,Image (Raster),extension match jpg; byte match at [[0 14] [1722857 2]],,4498,5782,8,894,"8 - Langbroek, 1908-1949/8_894/8_894_0003.jpg"
"8 - Langbroek, 1908-1949/8_894/8_894_0004.jpg",458786,2026-03-02T13:03:38Z,,8b2be7d0bb731e404fcec63d542f3d37,pronom,fmt/43,JPEG File Interchange Format,1.01,image/jpeg,Image (Raster),extension match jpg; byte match at [[0 14] [458784 2]],,2660,1750,8,894,"8 - Langbroek, 1908-1949/8_894/8_894_0004.jpg"
"8 - Langbroek, 1908-1949/8_894/8_894_0005.jpg",2404873,2026-03-02T13:03:38Z,,a6c8338c141d13ac82acb4f59201a1e5,pronom,fmt/43,JPEG File Interchange Format,1.01,image/jpeg,Image (Raster),extension match jpg; byte match at [[0 14] [2404871 2]],,4500,5900,8,894,"8 - Langbroek, 1908-1949/8_894/8_894_0005.jpg"
"8 - Langbroek, 1908-1949/8_894/8_894_0006.jpg",1779515,2026-03-02T13:03:38Z,,f7214d7a147aef9f5afddd02682b830e,pronom,fmt/43,JPEG File Interchange Format,1.01,image/jpeg,Image (Raster),extension match jpg; byte match at [[0 14] [1779513 2]],,4493,5906,8,894,"8 - Langbroek, 1908-1949/8_894/8_894_0006.jpg"
"8 - Langbroek, 1908-1949/8_895/8_895_0001.jpg",1033101,2026-03-02T13:03:38Z,,6ab19c459422b3d601e21b828a1eb24c,pronom,fmt/43,JPEG File Interchange Format,1.01,image/jpeg,Image (Raster),extension match jpg; byte match at [[0 14] [1033099 2]],,4110,2584,8,895,"8 - Langbroek, 1908-1949/8_895/8_895_0001.jpg"
"8 - Langbroek, 1908-1949/8_895/8_895_0002.jpg",1032670,2026-03-02T13:03:38Z,,045f172d7b38bbc90a15fca9ea268ef7,pronom,fmt/43,JPEG File Interchange Format,1.01,image/jpeg,Image (Raster),extension match jpg; byte match at [[0 14] [1032668 2]],,2551,3590,8,895,"8 - Langbroek, 1908-1949/8_895/8_895_0002.jpg"
"8 - Langbroek, 1908-1949/8_896/8_896_0001.jpg",882301,2026-03-02T13:03:38Z,,6b1cc1566c442df42dd9f9a8af873667,pronom,fmt/43,JPEG File Interchange Format,1.01,image/jpeg,Image (Raster),extension match jpg; byte match at [[0 14] [882299 2]],,2572,3611,8,896,"8 - Langbroek, 1908-1949/8_896/8_896_0001.jpg"
"8 - Langbroek, 1908-1949/8_896/8_896_0002.jpg",2486448,2026-03-02T13:03:38Z,,c030fdc63e3e6c72e01844285fec2816,pronom,fmt/43,JPEG File Interchange Format,1.01,image/jpeg,Image (Raster),extension match jpg; byte match at [[0 14] [2486446 2]],,6643,4739,8,896,"8 - Langbroek, 1908-1949/8_896/8_896_0002.jpg"
"8 - Langbroek, 1908-1949/8_896/8_896_0003.jpg",771795,2026-03-02T13:03:38Z,,80474ea75caa69dc3f39d9873a71f6e4,pronom,fmt/43,JPEG File Interchange Format,1.01,image/jpeg,Image (Raster),extension match jpg; byte match at [[0 14] [771793 2]],,2604,3612,8,896,"8 - Langbroek, 1908-1949/8_896/8_896_0003.jpg"
"8 - Langbroek, 1908-1949/8_897/8_897_0001.jpg",1123813,2026-03-02T13:03:38Z,,cf0f66efc28486e5a5c26061bc4f37a3,pronom,fmt/43,JPEG File Interchange Format,1.01,image/jpeg,Image (Raster),extension match jpg; byte match at [[0 14] [1123811 2]],,2559,3576,8,897,"8 - Langbroek, 1908-1949/8_897/8_897_0001.jpg"
"8 - Langbroek, 1908-1949/8_897/8_897_0002.jpg",616311,2026-03-02T13:03:38Z,,cde92e9f0198f4c746c4acef8de3c82b,pronom,fmt/43,JPEG File Interchange Format,1.01,image/jpeg,Image (Raster),extension match jpg; byte match at [[0 14] [616309 2]],,2550,1861,8,897,"8 - Langbroek, 1908-1949/8_897/8_897_0002.jpg"
"8 - Langbroek, 1908-1949/8_897/8_897_0003.jpg",1082278,2026-03-02T13:03:38Z,,f7675581eaae8d43d73c536286f31104,pronom,fmt/43,JPEG File Interchange Format,1.01,image/jpeg,Image (Raster),extension match jpg; byte match at [[0 14] [1082276 2]],,2642,3210,8,897,"8 - Langbroek, 1908-1949/8_897/8_897_0003.jpg"
"8 - Langbroek, 1908-1949/8_897/8_897_0004.jpg",443467,2026-03-02T13:03:38Z,,2d8869baa5189ef00b5e42187881a7f3,pronom,fmt/43,JPEG File Interchange Format,1.01,image/jpeg,Image (Raster),extension match jpg; byte match at [[0 14] [443465 2]],,2579,1635,8,897,"8 - Langbroek, 1908-1949/8_897/8_897_0004.jpg"
"8 - Langbroek, 1908-1949/8_897/8_897_0005.jpg",850067,2026-03-02T13:03:38Z,,6718d500efdd3bfa9a3cb6078c97b5b9,pronom,fmt/43,JPEG File Interchange Format,1.01,image/jpeg,Image (Raster),extension match jpg; byte match at [[0 14] [850065 2]],,2649,3192,8,897,"8 - Langbroek, 1908-1949/8_897/8_897_0005.jpg"
"8 - Langbroek, 1908-1949/8_897/8_897_0006.jpg",914517,2026-03-02T13:03:38Z,,0924de2320f4f673ce6f711f6a79cd7f,pronom,fmt/43,JPEG File Interchange Format,1.01,image/jpeg,Image (Raster),extension match jpg; byte match at [[0 14] [914515 2]],,2580,3200,8,897,"8 - Langbroek, 1908-1949/8_897/8_897_0006.jpg"
"8 - Langbroek, 1908-1949/8_897/8_897_0007.jpg",819714,2026-03-02T13:03:38Z,,0b79801f7f67fd159ac6bc19255550b6,pronom,fmt/43,JPEG File Interchange Format,1.01,image/jpeg,Image (Raster),extension match jpg; byte match at [[0 14] [819712 2]],,2617,2912,8,897,"8 - Langbroek, 1908-1949/8_897/8_897_0007.jpg"
"8 - Langbroek, 1908-1949/8_897/8_897_0008.jpg",960884,2026-03-02T13:03:38Z,,ccbf29f4c243427ef661bb96e6a01d2c,pronom,fmt/43,JPEG File Interchange Format,1.01,image/jpeg,Image (Raster),extension match jpg; byte match at [[0 14] [960882 2]],,2645,3289,8,897,"8 - Langbroek, 1908-1949/8_897/8_897_0008.jpg"
"8 - Langbroek, 1908-1949/8_897/8_897_0009.jpg",978777,2026-03-02T13:03:38Z,,5726e08c7a0d16da21ed9b739bf79876,pronom,fmt/43,JPEG File Interchange Format,1.01,image/jpeg,Image (Raster),extension match jpg; byte match at [[0 14] [978775 2]],,2649,3275,8,897,"8 - Langbroek, 1908-1949/8_897/8_897_0009.jpg"
"8 - Langbroek, 1908-1949/8_897/8_897_0010.jpg",957714,2026-03-02T13:03:38Z,,7423315f7b6384a0e955eadb7afa9982,pronom,fmt/43,JPEG File Interchange Format,1.01,image/jpeg,Image (Raster),extension match jpg; byte match at [[0 14] [957712 2]],,2650,3271,8,897,"8 - Langbroek, 1908-1949/8_897/8_897_0010.jpg"
"8 - Langbroek, 1908-1949/8_897/8_897_0011.jpg",866910,2026-03-02T13:03:38Z,,b99f4a55b13f3e5dc212d22fff62012c,pronom,fmt/43,JPEG File Interchange Format,1.01,image/jpeg,Image (Raster),extension match jpg; byte match at [[0 14] [866908 2]],,2693,3440,8,897,"8 - Langbroek, 1908-1949/8_897/8_897_0011.jpg"
"8 - Langbroek, 1908-1949/8_897/8_897_0012.jpg",881303,2026-03-02T13:03:38Z,,a502c7f5a36a98b25c78af302dc4ebc2,pronom,fmt/43,JPEG File Interchange Format,1.01,image/jpeg,Image (Raster),extension match jpg; byte match at [[0 14] [881301 2]],,2680,3430,8,897,"8 - Langbroek, 1908-1949/8_897/8_897_0012.jpg"
"8 - Langbroek, 1908-1949/8_897/8_897_0013.jpg",735527,2026-03-02T13:03:38Z,,7103d720c3f3e4e2b3cf47ef0bf2a8ac,pronom,fmt/43,JPEG File Interchange Format,1.01,image/jpeg,Image (Raster),extension match jpg; byte match at [[0 14] [735525 2]],,2561,2869,8,897,"8 - Langbroek, 1908-1949/8_897/8_897_0013.jpg"
"8 - Langbroek, 1908-1949/8_897/8_897_0014.jpg",1283513,2026-03-02T13:03:38Z,,f04139fdd830f7f4fe58bbf777a70a6b,pronom,fmt/43,JPEG File Interchange Format,1.01,image/jpeg,Image (Raster),extension match jpg; byte match at [[0 14] [1283511 2]],,6019,2443,8,897,"8 - Langbroek, 1908-1949/8_897/8_897_0014.jpg"
"8 - Langbroek, 1908-1949/8_897/8_897_0015.jpg",795019,2026-03-02T13:03:38Z,,444b7ffa997272cce768ec142c048916,pronom,fmt/43,JPEG File Interchange Format,1.01,image/jpeg,Image (Raster),extension match jpg; byte match at [[0 14] [795017 2]],,2457,3369,8,897,"8 - Langbroek, 1908-1949/8_897/8_897_0015.jpg"
"8 - Langbroek, 1908-1949/8_897/8_897_0016.jpg",507549,2026-03-02T13:03:38Z,,50ab3e2f3944c5080c62d2f5c0ec5bc2,pronom,fmt/43,JPEG File Interchange Format,1.01,image/jpeg,Image (Raster),extension match jpg; byte match at [[0 14] [507547 2]],,2610,3631,8,897,"8 - Langbroek, 1908-1949/8_897/8_897_0016.jpg"
"8 - Langbroek, 1908-1949/8_897/8_897_0017.jpg",912676,2026-03-02T13:03:38Z,,b9fde1f63313188be8a6c497446da769,pronom,fmt/43,JPEG File Interchange Format,1.01,image/jpeg,Image (Raster),extension match jpg; byte match at [[0 14] [912674 2]],,2535,3186,8,897,"8 - Langbroek, 1908-1949/8_897/8_897_0017.jpg"
"8 - Langbroek, 1908-1949/8_897/8_897_0018.jpg",854431,2026-03-02T13:03:38Z,,fb8ed5cb860474afd30e24d5c6608b41,pronom,fmt/43,JPEG File Interchange Format,1.01,image/jpeg,Image (Raster),extension match jpg; byte match at [[0 14] [854429 2]],,2651,3189,8,897,"8 - Langbroek, 1908-1949/8_897/8_897_0018.jpg"
"8 - Langbroek, 1908-1949/8_897/8_897_0019.jpg",752521,2026-03-02T13:03:38Z,,44b695be97e7304b211bb320c01fec01,pronom,fmt/43,JPEG File Interchange Format,1.01,image/jpeg,Image (Raster),extension match jpg; byte match at [[0 14] [752519 2]],,2590,3139,8,897,"8 - Langbroek, 1908-1949/8_897/8_897_0019.jpg"
"8 - Langbroek, 1908-1949/8_897/8_897_0020.jpg",1085223,2026-03-02T13:03:38Z,,029ff7a2219044f02376e3c53eb4bf76,pronom,fmt/43,JPEG File Interchange Format,1.01,image/jpeg,Image (Raster),extension match jpg; byte match at [[0 14] [1085221 2]],,2566,3600,8,897,"8 - Langbroek, 1908-1949/8_897/8_897_0020.jpg"
"8 - Langbroek, 1908-1949/8_897/8_897_0021.jpg",888243,2026-03-02T13:03:38Z,,6be276025f13cf10b4e46226051119b0,pronom,fmt/43,JPEG File Interchange Format,1.01,image/jpeg,Image (Raster),extension match jpg; byte match at [[0 14] [888241 2]],,2563,3597,8,897,"8 - Langbroek, 1908-1949/8_897/8_897_0021.jpg"
"8 - Langbroek, 1908-1949/8_897/8_897_0022.jpg",1031201,2026-03-02T13:03:38Z,,1cdd7c6f1a6c788cdd1c6e575a3d627e,pronom,fmt/43,JPEG File Interchange Format,1.01,image/jpeg,Image (Raster),extension match jpg; byte match at [[0 14] [1031199 2]],,2566,3601,8,897,"8 - Langbroek, 1908-1949/8_897/8_897_0022.jpg"
"8 - Langbroek, 1908-1949/8_897/8_897_0023.jpg",941153,2026-03-02T13:03:38Z,,56cfdf8ac3c800ec915e88419def3138,pronom,fmt/43,JPEG File Interchange Format,1.01,image/jpeg,Image (Raster),extension match jpg; byte match at [[0 14] [941151 2]],,2560,3590,8,897,"8 - Langbroek, 1908-1949/8_897/8_897_0023.jpg"
"8 - Langbroek, 1908-1949/8_897/8_897_0024.jpg",998273,2026-03-02T13:03:38Z,,50c0f5a4e518e3f8d4a353a44aa87cc8,pronom,fmt/43,JPEG File Interchange Format,1.01,image/jpeg,Image (Raster),extension match jpg; byte match at [[0 14] [998271 2]],,2549,3603,8,897,"8 - Langbroek, 1908-1949/8_897/8_897_0024.jpg"
"8 - Langbroek, 1908-1949/8_897/8_897_0025.jpg",382545,2026-03-02T13:03:38Z,,ec29017897860cb2115e43732ae66750,pronom,fmt/43,JPEG File Interchange Format,1.01,image/jpeg,Image (Raster),extension match jpg; byte match at [[0 14] [382543 2]],,2534,1472,8,897,"8 - Langbroek, 1908-1949/8_897/8_897_0025.jpg"
"8 - Langbroek, 1908-1949/8_898/8_898_0001.jpg",4700608,2026-03-02T13:03:39Z,,a51507e46e878b45cb0676781a636c6f,pronom,fmt/43,JPEG File Interchange Format,1.01,image/jpeg,Image (Raster),extension match jpg; byte match at [[0 14] [4700606 2]],,6667,4663,8,898,"8 - Langbroek, 1908-1949/8_898/8_898_0001.jpg"
"8 - Langbroek, 1908-1949/8_898/8_898_0002.jpg",1100855,2026-03-02T13:03:39Z,,9851b019061f3ef8dae9038ff841b467,pronom,fmt/43,JPEG File Interchange Format,1.01,image/jpeg,Image (Raster),extension match jpg; byte match at [[0 14] [1100853 2]],,2568,3597,8,898,"8 - Langbroek, 1908-1949/8_898/8_898_0002.jpg"
"8 - Langbroek, 1908-1949/8_898/8_898_0003.jpg",819912,2026-03-02T13:03:39Z,,c177434d659a0beeef118f96a3782a33,pronom,fmt/43,JPEG File Interchange Format,1.01,image/jpeg,Image (Raster),extension match jpg; byte match at [[0 14] [819910 2]],,2494,3193,8,898,"8 - Langbroek, 1908-1949/8_898/8_898_0003.jpg"
"8 - Langbroek, 1908-1949/8_898/8_898_0004.jpg",409071,2026-03-02T13:03:39Z,,c9ef351cae6d045aeeb8dd891bb97b00,pronom,fmt/43,JPEG File Interchange Format,1.01,image/jpeg,Image (Raster),extension match jpg; byte match at [[0 14] [409069 2]],,2529,1519,8,898,"8 - Langbroek, 1908-1949/8_898/8_898_0004.jpg"
"8 - Langbroek, 1908-1949/8_898/8_898_0005.jpg",431010,2026-03-02T13:03:39Z,,83f0f922b3749ee42580098109807b65,pronom,fmt/43,JPEG File Interchange Format,1.01,image/jpeg,Image (Raster),extension match jpg; byte match at [[0 14] [431008 2]],,2547,1522,8,898,"8 - Langbroek, 1908-1949/8_898/8_898_0005.jpg"
"8 - Langbroek, 1908-1949/8_898/8_898_0006.jpg",932611,2026-03-02T13:03:39Z,,29ff66383b0389d7c50b80d295f4d52a,pronom,fmt/43,JPEG File Interchange Format,1.01,image/jpeg,Image (Raster),extension match jpg; byte match at [[0 14] [932609 2]],,2557,3591,8,898,"8 - Langbroek, 1908-1949/8_898/8_898_0006.jpg"
"8 - Langbroek, 1908-1949/8_899/8_899_0001.jpg",995046,2026-03-02T13:03:39Z,,c4dd984f7edec1c5196221b8079eea46,pronom,fmt/43,JPEG File Interchange Format,1.01,image/jpeg,Image (Raster),extension match jpg; byte match at [[0 14] [995044 2]],,2529,4050,8,899,"8 - Langbroek, 1908-1949/8_899/8_899_0001.jpg"
"8 - Langbroek, 1908-1949/8_899/8_899_0002.jpg",4609780,2026-03-02T13:03:39Z,,052585fa0db5ef00d36c19a259ee2e80,pronom,fmt/43,JPEG File Interchange Format,1.01,image/jpeg,Image (Raster),extension match jpg; byte match at [[0 14] [4609778 2]],,7464,4376,8,899,"8 - Langbroek, 1908-1949/8_899/8_899_0002.jpg"
"8 - Langbroek, 1908-1949/8_899/8_899_0003.jpg",1165075,2026-03-02T13:03:39Z,,cd53f0a3aab28349a94f0c4eba060cda,pronom,fmt/43,JPEG File Interchange Format,1.01,image/jpeg,Image (Raster),extension match jpg; byte match at [[0 14] [1165073 2]],,2599,4129,8,899,"8 - Langbroek, 1908-1949/8_899/8_899_0003.jpg"
"8 - Langbroek, 1908-1949/8_900/8_900_0001.jpg",907548,2026-03-02T13:03:39Z,,41252f7add8446822b536062a79c0fb3,pronom,fmt/43,JPEG File Interchange Format,1.01,image/jpeg,Image (Raster),extension match jpg; byte match at [[0 14] [907546 2]],,2520,4030,8,900,"8 - Langbroek, 1908-1949/8_900/8_900_0001.jpg"
"8 - Langbroek, 1908-1949/8_900/8_900_0002.jpg",1061896,2026-03-02T13:03:39Z,,f5e1ec3d6d2d9666aad059f2004845f8,pronom,fmt/43,JPEG File Interchange Format,1.01,image/jpeg,Image (Raster),extension match jpg; byte match at [[0 14] [1061894 2]],,2708,3329,8,900,"8 - Langbroek, 1908-1949/8_900/8_900_0002.jpg"
"8 - Langbroek, 1908-1949/8_901/8_901_0001.jpg",856640,2026-03-02T13:03:39Z,,5f10a316847c2fc9d25129f6c321695b,pronom,fmt/43,JPEG File Interchange Format,1.01,image/jpeg,Image (Raster),extension match jpg; byte match at [[0 14] [856638 2]],,2537,4044,8,901,"8 - Langbroek, 1908-1949/8_901/8_901_0001.jpg"
"8 - Langbroek, 1908-1949/8_901/8_901_0002.jpg",1108422,2026-03-02T13:03:39Z,,ed2e091c409c18f1f9557389bc3f0acd,pronom,fmt/43,JPEG File Interchange Format,1.01,image/jpeg,Image (Raster),extension match jpg; byte match at [[0 14] [1108420 2]],,2660,4170,8,901,"8 - Langbroek, 1908-1949/8_901/8_901_0002.jpg"
"8 - Langbroek, 1908-1949/8_901/8_901_0003.jpg",4140053,2026-03-02T13:03:39Z,,357d93ff2a387191c34b6d9a608e3f05,pronom,fmt/43,JPEG File Interchange Format,1.01,image/jpeg,Image (Raster),extension match jpg; byte match at [[0 14] [4140051 2]],,7531,3911,8,901,"8 - Langbroek, 1908-1949/8_901/8_901_0003.jpg"
"8 - Langbroek, 1908-1949/8_902/8_902_0001.jpg",666771,2026-03-02T13:03:39Z,,626976ec68a845c830f35f7db97aa87d,pronom,fmt/43,JPEG File Interchange Format,1.01,image/jpeg,Image (Raster),extension match jpg; byte match at [[0 14] [666769 2]],,2590,2070,8,902,"8 - Langbroek, 1908-1949/8_902/8_902_0001.jpg"
"8 - Langbroek, 1908-1949/8_902/8_902_0002.jpg",5490516,2026-03-02T13:03:39Z,,675f42e780b9cba6b47f6a91aa9da93f,pronom,fmt/43,JPEG File Interchange Format,1.01,image/jpeg,Image (Raster),extension match jpg; byte match at [[0 14] [5490514 2]],,7335,5625,8,902,"8 - Langbroek, 1908-1949/8_902/8_902_0002.jpg"
"8 - Langbroek, 1908-1949/8_902/8_902_0003.jpg",898581,2026-03-02T13:03:39Z,,b6e436579f8db0a6c85540a8f541d336,pronom,fmt/43,JPEG File Interchange Format,1.01,image/jpeg,Image (Raster),extension match jpg; byte match at [[0 14] [898579 2]],,2640,3195,8,902,"8 - Langbroek, 1908-1949/8_902/8_902_0003.jpg"
"8 - Langbroek, 1908-1949/8_903/8_903_0001.jpg",347035,2026-03-02T13:03:39Z,,d15c3b15e3c000ad86c82db1a9ec2520,pronom,fmt/43,JPEG File Interchange Format,1.01,image/jpeg,Image (Raster),extension match jpg; byte match at [[0 14] [347033 2]],,1721,2421,8,903,"8 - Langbroek, 1908-1949/8_903/8_903_0001.jpg"
"8 - Langbroek, 1908-1949/8_903/8_903_0002.jpg",1340101,2026-03-02T13:03:39Z,,6454e15c880121f6bc3ec54149e6f5ca,pronom,fmt/43,JPEG File Interchange Format,1.01,image/jpeg,Image (Raster),extension match jpg; byte match at [[0 14] [1340099 2]],,2649,4019,8,903,"8 - Langbroek, 1908-1949/8_903/8_903_0002.jpg"
"8 - Langbroek, 1908-1949/8_903/8_903_0003.jpg",2475816,2026-03-02T13:03:39Z,,068e7b45f98c29980ac455bb15cf41a9,pronom,fmt/43,JPEG File Interchange Format,1.01,image/jpeg,Image (Raster),extension match jpg; byte match at [[0 14] [2475814 2]],,5196,4018,8,903,"8 - Langbroek, 1908-1949/8_903/8_903_0003.jpg"
"8 - Langbroek, 1908-1949/8_903/8_903_0004.jpg",1064489,2026-03-02T13:03:39Z,,1f8c58c56e97c15ba36e023696fcd2d6,pronom,fmt/43,JPEG File Interchange Format,1.01,image/jpeg,Image (Raster),extension match jpg; byte match at [[0 14] [1064487 2]],,2658,4020,8,903,"8 - Langbroek, 1908-1949/8_903/8_903_0004.jpg"
"8 - Langbroek, 1908-1949/8_904/8_904_0001.jpg",1105487,2026-03-02T13:03:39Z,,b5238fb0d5e376ad18dd449aee566af8,pronom,fmt/43,JPEG File Interchange Format,1.01,image/jpeg,Image (Raster),extension match jpg; byte match at [[0 14] [1105485 2]],,2561,3598,8,904,"8 - Langbroek, 1908-1949/8_904/8_904_0001.jpg"
"8 - Langbroek, 1908-1949/8_904/8_904_0002.jpg",1124169,2026-03-02T13:03:39Z,,1e28aebc07d8a8e8bc2c7e15b237cc3b,pronom,fmt/43,JPEG File Interchange Format,1.01,image/jpeg,Image (Raster),extension match jpg; byte match at [[0 14] [1124167 2]],,2597,4059,8,904,"8 - Langbroek, 1908-1949/8_904/8_904_0002.jpg"
"8 - Langbroek, 1908-1949/8_904/8_904_0003.jpg",943812,2026-03-02T13:03:39Z,,f14fae0cdec7a954d15a8eaec37548f9,pronom,fmt/43,JPEG File Interchange Format,1.01,image/jpeg,Image (Raster),extension match jpg; byte match at [[0 14] [943810 2]],,2590,4061,8,904,"8 - Langbroek, 1908-1949/8_904/8_904_0003.jpg"
"8 - Langbroek, 1908-1949/8_904/8_904_0004.jpg",2386465,2026-03-02T13:03:39Z,,66475b7218aceea6df2c954c14229dc5,pronom,fmt/43,JPEG File Interchange Format,1.01,image/jpeg,Image (Raster),extension match jpg; byte match at [[0 14] [2386463 2]],,6369,4586,8,904,"8 - Langbroek, 1908-1949/8_904/8_904_0004.jpg"
"8 - Langbroek, 1908-1949/8_905/8_905_0001.jpg",970718,2026-03-02T13:03:39Z,,388af5cf441848010d4476d9cb64664a,pronom,fmt/43,JPEG File Interchange Format,1.01,image/jpeg,Image (Raster),extension match jpg; byte match at [[0 14] [970716 2]],,2599,3579,8,905,"8 - Langbroek, 1908-1949/8_905/8_905_0001.jpg"
"8 - Langbroek, 1908-1949/8_905/8_905_0002.jpg",734097,2026-03-02T13:03:39Z,,774b83cf1bce4acebeb048eafbb51f23,pronom,fmt/43,JPEG File Interchange Format,1.01,image/jpeg,Image (Raster),extension match jpg; byte match at [[0 14] [734095 2]],,2670,3380,8,905,"8 - Langbroek, 1908-1949/8_905/8_905_0002.jpg"
"8 - Langbroek, 1908-1949/8_905/8_905_0003.jpg",3218236,2026-03-02T13:03:39Z,,fa65a4ec58c2b1895d27cd961c533a31,pronom,fmt/43,JPEG File Interchange Format,1.01,image/jpeg,Image (Raster),extension match jpg; byte match at [[0 14] [3218234 2]],,8019,3479,8,905,"8 - Langbroek, 1908-1949/8_905/8_905_0003.jpg"
"8 - Langbroek, 1908-1949/8_905/8_905_0004.jpg",2413480,2026-03-02T13:03:39Z,,9e29473c3d647212b8f3743607a7b1b6,pronom,fmt/43,JPEG File Interchange Format,1.01,image/jpeg,Image (Raster),extension match jpg; byte match at [[0 14] [2413478 2]],,8020,3470,8,905,"8 - Langbroek, 1908-1949/8_905/8_905_0004.jpg"
"8 - Langbroek, 1908-1949/8_906/8_906_0001.jpg",945286,2026-03-02T13:03:39Z,,2aff5b99b089ec9e5a1ab705f069264c,pronom,fmt/43,JPEG File Interchange Format,1.01,image/jpeg,Image (Raster),extension match jpg; byte match at [[0 14] [945284 2]],,2598,3579,8,906,"8 - Langbroek, 1908-1949/8_906/8_906_0001.jpg"
"8 - Langbroek, 1908-1949/8_906/8_906_0002.jpg",723953,2026-03-02T13:03:39Z,,a956a589b27ebea2a9ff469003bee93a,pronom,fmt/43,JPEG File Interchange Format,1.01,image/jpeg,Image (Raster),extension match jpg; byte match at [[0 14] [723951 2]],,2674,3388,8,906,"8 - Langbroek, 1908-1949/8_906/8_906_0002.jpg"
"8 - Langbroek, 1908-1949/8_906/8_906_0003.jpg",3206196,2026-03-02T13:03:39Z,,b85d374590bf76585c0c2c0e6514a864,pronom,fmt/43,JPEG File Interchange Format,1.01,image/jpeg,Image (Raster),extension match jpg; byte match at [[0 14] [3206194 2]],,8020,3476,8,906,"8 - Langbroek, 1908-1949/8_906/8_906_0003.jpg"
"8 - Langbroek, 1908-1949/8_906/8_906_0004.jpg",2395553,2026-03-02T13:03:39Z,,97d5d2a4a615a2354c5c46f58355dca7,pronom,fmt/43,JPEG File Interchange Format,1.01,image/jpeg,Image (Raster),extension match jpg; byte match at [[0 14] [2395551 2]],,8010,3470,8,906,"8 - Langbroek, 1908-1949/8_906/8_906_0004.jpg"
"8 - Langbroek, 1908-1949/8_907/8_907_0001.jpg",1010864,2026-03-02T13:03:39Z,,c0aefdda45c4d092ad1830d1f82ce38f,pronom,fmt/43,JPEG File Interchange Format,1.01,image/jpeg,Image (Raster),extension match jpg; byte match at [[0 14] [1010862 2]],,2607,2458,8,907,"8 - Langbroek, 1908-1949/8_907/8_907_0001.jpg"
"8 - Langbroek, 1908-1949/8_907/8_907_0002.jpg",682499,2026-03-02T13:03:39Z,,5a9fa09722d86c3e3754b806b311e31d,pronom,fmt/43,JPEG File Interchange Format,1.01,image/jpeg,Image (Raster),extension match jpg; byte match at [[0 14] [682497 2]],,2799,2459,8,907,"8 - Langbroek, 1908-1949/8_907/8_907_0002.jpg"
"8 - Langbroek, 1908-1949/8_907/8_907_0003.jpg",577838,2026-03-02T13:03:39Z,,3d1fac7dcb17765b4a143d40bdc0c6a0,pronom,fmt/43,JPEG File Interchange Format,1.01,image/jpeg,Image (Raster),extension match jpg; byte match at [[0 14] [577836 2]],,2564,1937,8,907,"8 - Langbroek, 1908-1949/8_907/8_907_0003.jpg"
"8 - Langbroek, 1908-1949/8_907/8_907_0004.jpg",757229,2026-03-02T13:03:39Z,,ea2b291a1afae426ee66e051a9b6c59b,pronom,fmt/43,JPEG File Interchange Format,1.01,image/jpeg,Image (Raster),extension match jpg; byte match at [[0 14] [757227 2]],,2449,3148,8,907,"8 - Langbroek, 1908-1949/8_907/8_907_0004.jpg"
"8 - Langbroek, 1908-1949/8_907/8_907_0005.jpg",938386,2026-03-02T13:03:39Z,,b1862cc8c47ad53b981839a8271a0b27,pronom,fmt/43,JPEG File Interchange Format,1.01,image/jpeg,Image (Raster),extension match jpg; byte match at [[0 14] [938384 2]],,2561,3596,8,907,"8 - Langbroek, 1908-1949/8_907/8_907_0005.jpg"
"8 - Langbroek, 1908-1949/8_907/8_907_0006.jpg",935061,2026-03-02T13:03:39Z,,91cff0d1b11f6c6aa54b289bc8ea21b9,pronom,fmt/43,JPEG File Interchange Format,1.01,image/jpeg,Image (Raster),extension match jpg; byte match at [[0 14] [935059 2]],,2561,3594,8,907,"8 - Langbroek, 1908-1949/8_907/8_907_0006.jpg"
"8 - Langbroek, 1908-1949/8_907/8_907_0007.jpg",1068861,2026-03-02T13:03:40Z,,3bf63522ca23760358e9a1c19353a7f9,pronom,fmt/43,JPEG File Interchange Format,1.01,image/jpeg,Image (Raster),extension match jpg; byte match at [[0 14] [1068859 2]],,2570,3609,8,907,"8 - Langbroek, 1908-1949/8_907/8_907_0007.jpg"
"8 - Langbroek, 1908-1949/8_907/8_907_0008.jpg",1068203,2026-03-02T13:03:40Z,,8463dc798321a7e501dcade07d4ec07d,pronom,fmt/43,JPEG File Interchange Format,1.01,image/jpeg,Image (Raster),extension match jpg; byte match at [[0 14] [1068201 2]],,2566,3586,8,907,"8 - Langbroek, 1908-1949/8_907/8_907_0008.jpg"
"8 - Langbroek, 1908-1949/8_908/8_908_0001.jpg",7604449,2026-03-02T13:03:40Z,,270e89ebf872ccebaffae1812cb85970,pronom,fmt/43,JPEG File Interchange Format,1.01,image/jpeg,Image (Raster),extension match jpg; byte match at [[0 14] [7604447 2]],,9073,7123,8,908,"8 - Langbroek, 1908-1949/8_908/8_908_0001.jpg"
"8 - Langbroek, 1908-1949/8_908/8_908_0002.jpg",2795179,2026-03-02T13:03:40Z,,8101bc111364f81ecc07e4ca2328c32b,pronom,fmt/43,JPEG File Interchange Format,1.01,image/jpeg,Image (Raster),extension match jpg; byte match at [[0 14] [2795177 2]],,9079,7117,8,908,"8 - Langbroek, 1908-1949/8_908/8_908_0002.jpg"
"8 - Langbroek, 1908-1949/8_908/8_908_0003.jpg",526059,2026-03-02T13:03:40Z,,8afa200e031b7ef2f1de2622480b7972,pronom,fmt/43,JPEG File Interchange Format,1.01,image/jpeg,Image (Raster),extension match jpg; byte match at [[0 14] [526057 2]],,2490,2194,8,908,"8 - Langbroek, 1908-1949/8_908/8_908_0003.jpg"
"8 - Langbroek, 1908-1949/8_908/8_908_0004.jpg",834964,2026-03-02T13:03:40Z,,0b9cf3c5ff5bdfb4e57106f4be3a7311,pronom,fmt/43,JPEG File Interchange Format,1.01,image/jpeg,Image (Raster),extension match jpg; byte match at [[0 14] [834962 2]],,2496,4015,8,908,"8 - Langbroek, 1908-1949/8_908/8_908_0004.jpg"
"8 - Langbroek, 1908-1949/8_908/8_908_0005.jpg",889867,2026-03-02T13:03:40Z,,5d1245fd682bedb5e1ae08e7ec8f66c7,pronom,fmt/43,JPEG File Interchange Format,1.01,image/jpeg,Image (Raster),extension match jpg; byte match at [[0 14] [889865 2]],,2481,3993,8,908,"8 - Langbroek, 1908-1949/8_908/8_908_0005.jpg"
"8 - Langbroek, 1908-1949/8_909/8_909_0001.jpg",4269512,2026-03-02T13:03:40Z,,1401de25f452f5391ae3cfcff436a0de,pronom,fmt/43,JPEG File Interchange Format,1.01,image/jpeg,Image (Raster),extension match jpg; byte match at [[0 14] [4269510 2]],,8885,5619,8,909,"8 - Langbroek, 1908-1949/8_909/8_909_0001.jpg"
"8 - Langbroek, 1908-1949/8_909/8_909_0002.jpg",3264782,2026-03-02T13:03:40Z,,db8a71f450ec0831b2d5a6623ffcb3f3,pronom,fmt/43,JPEG File Interchange Format,1.01,image/jpeg,Image (Raster),extension match jpg; byte match at [[0 14] [3264780 2]],,8873,5625,8,909,"8 - Langbroek, 1908-1949/8_909/8_909_0002.jpg"
"8 - Langbroek, 1908-1949/8_909/8_909_0003.jpg",480716,2026-03-02T13:03:40Z,,2bf17acbf7c5b599ae16392a9d52b513,pronom,fmt/43,JPEG File Interchange Format,1.01,image/jpeg,Image (Raster),extension match jpg; byte match at [[0 14] [480714 2]],,2687,1742,8,909,"8 - Langbroek, 1908-1949/8_909/8_909_0003.jpg"
"8 - Langbroek, 1908-1949/8_909/8_909_0004.jpg",986979,2026-03-02T13:03:40Z,,a46a4264c318f1da377ccd619214a074,pronom,fmt/43,JPEG File Interchange Format,1.01,image/jpeg,Image (Raster),extension match jpg; byte match at [[0 14] [986977 2]],,2587,3636,8,909,"8 - Langbroek, 1908-1949/8_909/8_909_0004.jpg"
"8 - Langbroek, 1908-1949/8_910/8_910_0001.jpg",4171469,2026-03-02T13:03:40Z,,4dbabd45e9ff6acc91356340c2d2b73d,pronom,fmt/43,JPEG File Interchange Format,1.01,image/jpeg,Image (Raster),extension match jpg; byte match at [[0 14] [4171467 2]],,5690,5562,8,910,"8 - Langbroek, 1908-1949/8_910/8_910_0001.jpg"
"8 - Langbroek, 1908-1949/8_910/8_910_0002.jpg",3924510,2026-03-02T13:03:40Z,,ae6f2d34f7038940af61d9666548cd8e,pronom,fmt/43,JPEG File Interchange Format,1.01,image/jpeg,Image (Raster),extension match jpg; byte match at [[0 14] [3924508 2]],,5682,5566,8,910,"8 - Langbroek, 1908-1949/8_910/8_910_0002.jpg"
"8 - Langbroek, 1908-1949/8_910/8_910_0003.jpg",635313,2026-03-02T13:03:40Z,,b71a58acca7e82ab45a92ccbd267e062,pronom,fmt/43,JPEG File Interchange Format,1.01,image/jpeg,Image (Raster),extension match jpg; byte match at [[0 14] [635311 2]],,1981,2589,8,910,"8 - Langbroek, 1908-1949/8_910/8_910_0003.jpg"
"8 - Langbroek, 1908-1949/8_910/8_910_0004.jpg",857214,2026-03-02T13:03:40Z,,cf3e47dd4b65290680f215c17e0491c8,pronom,fmt/43,JPEG File Interchange Format,1.01,image/jpeg,Image (Raster),extension match jpg; byte match at [[0 14] [857212 2]],,2522,4036,8,910,"8 - Langbroek, 1908-1949/8_910/8_910_0004.jpg"
"8 - Langbroek, 1908-1949/8_911/8_911_0001.jpg",9009080,2026-03-02T13:03:40Z,,193d2db003928c3f53c7a4732bd5ae20,pronom,fmt/43,JPEG File Interchange Format,1.01,image/jpeg,Image (Raster),extension match jpg; byte match at [[0 14] [9009078 2]],,7982,7569,8,911,"8 - Langbroek, 1908-1949/8_911/8_911_0001.jpg"
"8 - Langbroek, 1908-1949/8_911/8_911_0002.jpg",827316,2026-03-02T13:03:40Z,,0b59bb64bc383509b70a163c6865a871,pronom,fmt/43,JPEG File Interchange Format,1.01,image/jpeg,Image (Raster),extension match jpg; byte match at [[0 14] [827314 2]],,2650,3360,8,911,"8 - Langbroek, 1908-1949/8_911/8_911_0002.jpg"
"8 - Langbroek, 1908-1949/8_911/8_911_0003.jpg",998948,2026-03-02T13:03:40Z,,d2133de63514367954d56ca0e04e8e11,pronom,fmt/43,JPEG File Interchange Format,1.01,image/jpeg,Image (Raster),extension match jpg; byte match at [[0 14] [998946 2]],,2638,3183,8,911,"8 - Langbroek, 1908-1949/8_911/8_911_0003.jpg"
"8 - Langbroek, 1908-1949/8_911/8_911_0004.jpg",967706,2026-03-02T13:03:40Z,,21810738dfdfed39f1d9c0d2b486c4c8,pronom,fmt/43,JPEG File Interchange Format,1.01,image/jpeg,Image (Raster),extension match jpg; byte match at [[0 14] [967704 2]],,2647,3179,8,911,"8 - Langbroek, 1908-1949/8_911/8_911_0004.jpg"
"8 - Langbroek, 1908-1949/8_912/8_912_0001.jpg",817369,2026-03-02T13:03:40Z,,d8b60fd7e3960ac2f705746265384165,pronom,fmt/43,JPEG File Interchange Format,1.01,image/jpeg,Image (Raster),extension match jpg; byte match at [[0 14] [817367 2]],,2659,3362,8,912,"8 - Langbroek, 1908-1949/8_912/8_912_0001.jpg"
"8 - Langbroek, 1908-1949/8_912/8_912_0002.jpg",1496573,2026-03-02T13:03:40Z,,856370030dd6ba72d4a2db533f2dab87,pronom,fmt/43,JPEG File Interchange Format,1.01,image/jpeg,Image (Raster),extension match jpg; byte match at [[0 14] [1496571 2]],,4411,4059,8,912,"8 - Langbroek, 1908-1949/8_912/8_912_0002.jpg"
"8 - Langbroek, 1908-1949/8_912/8_912_0003.jpg",1182257,2026-03-02T13:03:40Z,,1d1d8fabaaa82b5c31f42ec8e0d167e8,pronom,fmt/43,JPEG File Interchange Format,1.01,image/jpeg,Image (Raster),extension match jpg; byte match at [[0 14] [1182255 2]],,4417,4059,8,912,"8 - Langbroek, 1908-1949/8_912/8_912_0003.jpg"
"8 - Langbroek, 1908-1949/8_913/8_913_0001.jpg",1042904,2026-03-02T13:03:40Z,,67dfee87610d4623cfb63664c5e4b8fe,pronom,fmt/43,JPEG File Interchange Format,1.01,image/jpeg,Image (Raster),extension match jpg; byte match at [[0 14] [1042902 2]],,2555,3606,8,913,"8 - Langbroek, 1908-1949/8_913/8_913_0001.jpg"
"8 - Langbroek, 1908-1949/8_913/8_913_0002.jpg",704280,2026-03-02T13:03:40Z,,3bb1f0fe5bb3cab2a753c9b326a0250c,pronom,fmt/43,JPEG File Interchange Format,1.01,image/jpeg,Image (Raster),extension match jpg; byte match at [[0 14] [704278 2]],,2570,3080,8,913,"8 - Langbroek, 1908-1949/8_913/8_913_0002.jpg"
"8 - Langbroek, 1908-1949/8_913/8_913_0003.jpg",5639095,2026-03-02T13:03:40Z,,f131c082e0ffa9095e3b47b1d920bbb0,pronom,fmt/43,JPEG File Interchange Format,1.01,image/jpeg,Image (Raster),extension match jpg; byte match at [[0 14] [5639093 2]],,6352,4676,8,913,"8 - Langbroek, 1908-1949/8_913/8_913_0003.jpg"
"8 - Langbroek, 1908-1949/8_914/8_914_0001.jpg",1000225,2026-03-02T13:03:40Z,,86ca644eb0f946ee4e879655d69f6a16,pronom,fmt/43,JPEG File Interchange Format,1.01,image/jpeg,Image (Raster),extension match jpg; byte match at [[0 14] [1000223 2]],,2576,3610,8,914,"8 - Langbroek, 1908-1949/8_914/8_914_0001.jpg"
"8 - Langbroek, 1908-1949/8_914/8_914_0002.jpg",898388,2026-03-02T13:03:40Z,,5e0e46aa523d2215e48daeba478bc6e3,pronom,fmt/43,JPEG File Interchange Format,1.01,image/jpeg,Image (Raster),extension match jpg; byte match at [[0 14] [898386 2]],,2621,3131,8,914,"8 - Langbroek, 1908-1949/8_914/8_914_0002.jpg"
"8 - Langbroek, 1908-1949/8_914/8_914_0003.jpg",2863716,2026-03-02T13:03:40Z,,caab874bf49c8ed36b2041cc7c3eb9fc,pronom,fmt/43,JPEG File Interchange Format,1.01,image/jpeg,Image (Raster),extension match jpg; byte match at [[0 14] [2863714 2]],,5030,3630,8,914,"8 - Langbroek, 1908-1949/8_914/8_914_0003.jpg"
"8 - Langbroek, 1908-1949/8_914/8_914_0004.jpg",1457953,2026-03-02T13:03:40Z,,1e24537f84c0ad490ab78bbc1d1727ed,pronom,fmt/43,JPEG File Interchange Format,1.01,image/jpeg,Image (Raster),extension match jpg; byte match at [[0 14] [1457951 2]],,5038,3634,8,914,"8 - Langbroek, 1908-1949/8_914/8_914_0004.jpg"
"8 - Langbroek, 1908-1949/8_914/8_914_0005.jpg",2717098,2026-03-02T13:03:40Z,,0c45d5e6925fe7e48d89dfd5b8d95dd9,pronom,fmt/43,JPEG File Interchange Format,1.01,image/jpeg,Image (Raster),extension match jpg; byte match at [[0 14] [2717096 2]],,4961,3824,8,914,"8 - Langbroek, 1908-1949/8_914/8_914_0005.jpg"
"8 - Langbroek, 1908-1949/8_914/8_914_0006.jpg",1734233,2026-03-02T13:03:40Z,,d51a2eed91927c5e5411e5a93a3446f3,pronom,fmt/43,JPEG File Interchange Format,1.01,image/jpeg,Image (Raster),extension match jpg; byte match at [[0 14] [1734231 2]],,4952,3828,8,914,"8 - Langbroek, 1908-1949/8_914/8_914_0006.jpg"
"8 - Langbroek, 1908-1949/8_915/8_915_0001.jpg",979452,2026-03-02T13:03:40Z,,d1f57eed585bcbede7203e430ed8dfcf,pronom,fmt/43,JPEG File Interchange Format,1.01,image/jpeg,Image (Raster),extension match jpg; byte match at [[0 14] [979450 2]],,2507,4045,8,915,"8 - Langbroek, 1908-1949/8_915/8_915_0001.jpg"
"8 - Langbroek, 1908-1949/8_915/8_915_0002.jpg",856070,2026-03-02T13:03:40Z,,da17a2464376d60dcb60edaa6401b2e6,pronom,fmt/43,JPEG File Interchange Format,1.01,image/jpeg,Image (Raster),extension match jpg; byte match at [[0 14] [856068 2]],,2682,3378,8,915,"8 - Langbroek, 1908-1949/8_915/8_915_0002.jpg"
"8 - Langbroek, 1908-1949/8_915/8_915_0003.jpg",966416,2026-03-02T13:03:40Z,,8b60477fe8efaeba2aedb0751e4ca4e5,pronom,fmt/43,JPEG File Interchange Format,1.01,image/jpeg,Image (Raster),extension match jpg; byte match at [[0 14] [966414 2]],,2487,4024,8,915,"8 - Langbroek, 1908-1949/8_915/8_915_0003.jpg"
"8 - Langbroek, 1908-1949/8_915/8_915_0004.jpg",997832,2026-03-02T13:03:40Z,,e49d5fd0ff7a7bc312a3e4cd2d49a2f2,pronom,fmt/43,JPEG File Interchange Format,1.01,image/jpeg,Image (Raster),extension match jpg; byte match at [[0 14] [997830 2]],,2504,4047,8,915,"8 - Langbroek, 1908-1949/8_915/8_915_0004.jpg"
"8 - Langbroek, 1908-1949/8_915/8_915_0005.jpg",927515,2026-03-02T13:03:40Z,,95473fd420241f00b0b037156ca448a3,pronom,fmt/43,JPEG File Interchange Format,1.01,image/jpeg,Image (Raster),extension match jpg; byte match at [[0 14] [927513 2]],,2616,4099,8,915,"8 - Langbroek, 1908-1949/8_915/8_915_0005.jpg"
"8 - Langbroek, 1908-1949/8_915/8_915_0006.jpg",3311931,2026-03-02T13:03:40Z,,0bea7312f859e8141a54df4edd8f724a,pronom,fmt/43,JPEG File Interchange Format,1.01,image/jpeg,Image (Raster),extension match jpg; byte match at [[0 14] [3311929 2]],,5112,4297,8,915,"8 - Langbroek, 1908-1949/8_915/8_915_0006.jpg"
"8 - Langbroek, 1908-1949/8_915/8_915_0007.jpg",1556156,2026-03-02T13:03:40Z,,96fc07febf835ae22c39b603982c5294,pronom,fmt/43,JPEG File Interchange Format,1.01,image/jpeg,Image (Raster),extension match jpg; byte match at [[0 14] [1556154 2]],,4293,5118,8,915,"8 - Langbroek, 1908-1949/8_915/8_915_0007.jpg"
"8 - Langbroek, 1908-1949/8_915/8_915_0008.jpg",924173,2026-03-02T13:03:40Z,,8cd8190a39be35641277f7355eeb62cc,pronom,fmt/43,JPEG File Interchange Format,1.01,image/jpeg,Image (Raster),extension match jpg; byte match at [[0 14] [924171 2]],,2572,3286,8,915,"8 - Langbroek, 1908-1949/8_915/8_915_0008.jpg"
"8 - Langbroek, 1908-1949/8_915/8_915_0009.jpg",484476,2026-03-02T13:03:40Z,,b93b397c6368793d89e889bf70f0cf57,pronom,fmt/43,JPEG File Interchange Format,1.01,image/jpeg,Image (Raster),extension match jpg; byte match at [[0 14] [484474 2]],,1717,2660,8,915,"8 - Langbroek, 1908-1949/8_915/8_915_0009.jpg"
"8 - Langbroek, 1908-1949/8_915/8_915_0010.jpg",1044768,2026-03-02T13:03:40Z,,d85bc8b2b6a54ccfaf30bb61fe733c62,pronom,fmt/43,JPEG File Interchange Format,1.01,image/jpeg,Image (Raster),extension match jpg; byte match at [[0 14] [1044766 2]],,2487,4020,8,915,"8 - Langbroek, 1908-1949/8_915/8_915_0010.jpg"
"8 - Langbroek, 1908-1949/8_915/8_915_0011.jpg",879653,2026-03-02T13:03:40Z,,520f6c7ad08eeb3360eaedd77df7bd30,pronom,fmt/43,JPEG File Interchange Format,1.01,image/jpeg,Image (Raster),extension match jpg; byte match at [[0 14] [879651 2]],,2480,4000,8,915,"8 - Langbroek, 1908-1949/8_915/8_915_0011.jpg"
"8 - Langbroek, 1908-1949/8_916/8_916_0001.jpg",418638,2026-03-02T13:03:40Z,,f97dff26f84fa625b5ecce54c469d157,pronom,fmt/43,JPEG File Interchange Format,1.01,image/jpeg,Image (Raster),extension match jpg; byte match at [[0 14] [418636 2]],,2598,3627,8,916,"8 - Langbroek, 1908-1949/8_916/8_916_0001.jpg"
"8 - Langbroek, 1908-1949/8_916/8_916_0002.jpg",4508965,2026-03-02T13:03:40Z,,a0adec9a8fb1f091dec9d8b922defdf5,pronom,fmt/43,JPEG File Interchange Format,1.01,image/jpeg,Image (Raster),extension match jpg; byte match at [[0 14] [4508963 2]],,5621,4506,8,916,"8 - Langbroek, 1908-1949/8_916/8_916_0002.jpg"
"8 - Langbroek, 1908-1949/8_916/8_916_0003.jpg",998534,2026-03-02T13:03:40Z,,1eba3decc283b43135207fd6b04c6811,pronom,fmt/43,JPEG File Interchange Format,1.01,image/jpeg,Image (Raster),extension match jpg; byte match at [[0 14] [998532 2]],,2574,3587,8,916,"8 - Langbroek, 1908-1949/8_916/8_916_0003.jpg"
"8 - Langbroek, 1908-1949/8_916/8_916_0004.jpg",739668,2026-03-02T13:03:40Z,,3f8b35917e95da61b9c28681c4c9af0a,pronom,fmt/43,JPEG File Interchange Format,1.01,image/jpeg,Image (Raster),extension match jpg; byte match at [[0 14] [739666 2]],,2584,3144,8,916,"8 - Langbroek, 1908-1949/8_916/8_916_0004.jpg"
"8 - Langbroek, 1908-1949/8_917/8_917_0001.jpg",427474,2026-03-02T13:03:40Z,,a2880c1732f9c6f61037caa87baafc50,pronom,fmt/43,JPEG File Interchange Format,1.01,image/jpeg,Image (Raster),extension match jpg; byte match at [[0 14] [427472 2]],,2598,3625,8,917,"8 - Langbroek, 1908-1949/8_917/8_917_0001.jpg"
"8 - Langbroek, 1908-1949/8_917/8_917_0002.jpg",909596,2026-03-02T13:03:41Z,,934c3b51776792ff1624d91e7067bcb7,pronom,fmt/43,JPEG File Interchange Format,1.01,image/jpeg,Image (Raster),extension match jpg; byte match at [[0 14] [909594 2]],,2579,3610,8,917,"8 - Langbroek, 1908-1949/8_917/8_917_0002.jpg"
"8 - Langbroek, 1908-1949/8_917/8_917_0003.jpg",871104,2026-03-02T13:03:41Z,,ccf5067b6f6a028228d8eee4afda5e1a,pronom,fmt/43,JPEG File Interchange Format,1.01,image/jpeg,Image (Raster),extension match jpg; byte match at [[0 14] [871102 2]],,2572,3609,8,917,"8 - Langbroek, 1908-1949/8_917/8_917_0003.jpg"
"8 - Langbroek, 1908-1949/8_918/8_918_0001.jpg",414724,2026-03-02T13:03:41Z,,14c787f2d1333ef20b23bfc7068eca0b,pronom,fmt/43,JPEG File Interchange Format,1.01,image/jpeg,Image (Raster),extension match jpg; byte match at [[0 14] [414722 2]],,2598,3625,8,918,"8 - Langbroek, 1908-1949/8_918/8_918_0001.jpg"
"8 - Langbroek, 1908-1949/8_918/8_918_0002.jpg",648669,2026-03-02T13:03:41Z,,7fa38139a16e05a79f037d5647d1a8c7,pronom,fmt/43,JPEG File Interchange Format,1.01,image/jpeg,Image (Raster),extension match jpg; byte match at [[0 14] [648667 2]],,1717,2627,8,918,"8 - Langbroek, 1908-1949/8_918/8_918_0002.jpg"
"8 - Langbroek, 1908-1949/8_918/8_918_0003.jpg",1114545,2026-03-02T13:03:41Z,,644711bf218e20046f9691b122cff2ed,pronom,fmt/43,JPEG File Interchange Format,1.01,image/jpeg,Image (Raster),extension match jpg; byte match at [[0 14] [1114543 2]],,3284,2596,8,918,"8 - Langbroek, 1908-1949/8_918/8_918_0003.jpg"
"8 - Langbroek, 1908-1949/8_918/8_918_0004.jpg",899304,2026-03-02T13:03:41Z,,2201d60b507a76a19c0360f0d4958a8a,pronom,fmt/43,JPEG File Interchange Format,1.01,image/jpeg,Image (Raster),extension match jpg; byte match at [[0 14] [899302 2]],,2496,4008,8,918,"8 - Langbroek, 1908-1949/8_918/8_918_0004.jpg"
"8 - Langbroek, 1908-1949/8_918/8_918_0005.jpg",429355,2026-03-02T13:03:41Z,,6d8b27397ac627aa98dab033d0ee06a8,pronom,fmt/43,JPEG File Interchange Format,1.01,image/jpeg,Image (Raster),extension match jpg; byte match at [[0 14] [429353 2]],,1702,2598,8,918,"8 - Langbroek, 1908-1949/8_918/8_918_0005.jpg"
"8 - Langbroek, 1908-1949/8_918/8_918_0006.jpg",307083,2026-03-02T13:03:41Z,,8ad4904e7134b5815ea99477e66d1da0,pronom,fmt/43,JPEG File Interchange Format,1.01,image/jpeg,Image (Raster),extension match jpg; byte match at [[0 14] [307081 2]],,2169,1384,8,918,"8 - Langbroek, 1908-1949/8_918/8_918_0006.jpg"
"8 - Langbroek, 1908-1949/8_918/8_918_0007.jpg",239904,2026-03-02T13:03:41Z,,2a33c9d3e767554dc239113d550fd67d,pronom,fmt/43,JPEG File Interchange Format,1.01,image/jpeg,Image (Raster),extension match jpg; byte match at [[0 14] [239902 2]],,2169,1381,8,918,"8 - Langbroek, 1908-1949/8_918/8_918_0007.jpg"
"8 - Langbroek, 1908-1949/8_918/8_918_0008.jpg",742239,2026-03-02T13:03:41Z,,d4904e1106b27e279cd7d9b1f9918f7b,pronom,fmt/43,JPEG File Interchange Format,1.01,image/jpeg,Image (Raster),extension match jpg; byte match at [[0 14] [742237 2]],,2648,3182,8,918,"8 - Langbroek, 1908-1949/8_918/8_918_0008.jpg"
"8 - Langbroek, 1908-1949/8_918/8_918_0009.jpg",881618,2026-03-02T13:03:41Z,,9c5a0abd9a2ff9e419b7cd314e34f78f,pronom,fmt/43,JPEG File Interchange Format,1.01,image/jpeg,Image (Raster),extension match jpg; byte match at [[0 14] [881616 2]],,2662,3362,8,918,"8 - Langbroek, 1908-1949/8_918/8_918_0009.jpg"
"8 - Langbroek, 1908-1949/8_918/8_918_0010.jpg",374424,2026-03-02T13:03:41Z,,5b97750ba113553543794c58e2989cca,pronom,fmt/43,JPEG File Interchange Format,1.01,image/jpeg,Image (Raster),extension match jpg; byte match at [[0 14] [374422 2]],,1433,2215,8,918,"8 - Langbroek, 1908-1949/8_918/8_918_0010.jpg"
"8 - Langbroek, 1908-1949/8_918/8_918_0011.jpg",346806,2026-03-02T13:03:41Z,,23b9b30b571ccdd179fa017e0c39b4af,pronom,fmt/43,JPEG File Interchange Format,1.01,image/jpeg,Image (Raster),extension match jpg; byte match at [[0 14] [346804 2]],,1441,2240,8,918,"8 - Langbroek, 1908-1949/8_918/8_918_0011.jpg"
"8 - Langbroek, 1908-1949/8_918/8_918_0012.jpg",568077,2026-03-02T13:03:41Z,,6d545ed365af98c0242f142c07aec354,pronom,fmt/43,JPEG File Interchange Format,1.01,image/jpeg,Image (Raster),extension match jpg; byte match at [[0 14] [568075 2]],,2060,2473,8,918,"8 - Langbroek, 1908-1949/8_918/8_918_0012.jpg"
"8 - Langbroek, 1908-1949/8_918/8_918_0013.jpg",347056,2026-03-02T13:03:41Z,,6973d3ded8382f102f4a0e3f9024a210,pronom,fmt/43,JPEG File Interchange Format,1.01,image/jpeg,Image (Raster),extension match jpg; byte match at [[0 14] [347054 2]],,1417,2203,8,918,"8 - Langbroek, 1908-1949/8_918/8_918_0013.jpg"
"8 - Langbroek, 1908-1949/8_918/8_918_0014.jpg",1018491,2026-03-02T13:03:41Z,,15f3382b854cb614c30510ad8f330fc2,pronom,fmt/43,JPEG File Interchange Format,1.01,image/jpeg,Image (Raster),extension match jpg; byte match at [[0 14] [1018489 2]],,2639,3269,8,918,"8 - Langbroek, 1908-1949/8_918/8_918_0014.jpg"
"8 - Langbroek, 1908-1949/8_918/8_918_0015.jpg",344149,2026-03-02T13:03:41Z,,b88f56449de590e1505e9bbdb2ad0988,pronom,fmt/43,JPEG File Interchange Format,1.01,image/jpeg,Image (Raster),extension match jpg; byte match at [[0 14] [344147 2]],,1777,1441,8,918,"8 - Langbroek, 1908-1949/8_918/8_918_0015.jpg"
"8 - Langbroek, 1908-1949/8_918/8_918_0016.jpg",227330,2026-03-02T13:03:41Z,,19527600f2a0105360f6bcd977f1d12b,pronom,fmt/43,JPEG File Interchange Format,1.01,image/jpeg,Image (Raster),extension match jpg; byte match at [[0 14] [227328 2]],,1781,1439,8,918,"8 - Langbroek, 1908-1949/8_918/8_918_0016.jpg"
"8 - Langbroek, 1908-1949/8_918/8_918_0017.jpg",1042524,2026-03-02T13:03:41Z,,6e753c33129c6da466436d73c7139a43,pronom,fmt/43,JPEG File Interchange Format,1.01,image/jpeg,Image (Raster),extension match jpg; byte match at [[0 14] [1042522 2]],,2653,3277,8,918,"8 - Langbroek, 1908-1949/8_918/8_918_0017.jpg"
"8 - Langbroek, 1908-1949/8_918/8_918_0018.jpg",943281,2026-03-02T13:03:41Z,,617a26a50fd94e25f9cba9d8b783f3ce,pronom,fmt/43,JPEG File Interchange Format,1.01,image/jpeg,Image (Raster),extension match jpg; byte match at [[0 14] [943279 2]],,2671,3058,8,918,"8 - Langbroek, 1908-1949/8_918/8_918_0018.jpg"
"8 - Langbroek, 1908-1949/8_918/8_918_0019.jpg",1014065,2026-03-02T13:03:41Z,,e19c01c70af56d7e78c2fb649b48462e,pronom,fmt/43,JPEG File Interchange Format,1.01,image/jpeg,Image (Raster),extension match jpg; byte match at [[0 14] [1014063 2]],,2672,3226,8,918,"8 - Langbroek, 1908-1949/8_918/8_918_0019.jpg"
"8 - Langbroek, 1908-1949/8_918/8_918_0020.jpg",995482,2026-03-02T13:03:41Z,,b06883fb2352a6a07ea9b2951e5e80e9,pronom,fmt/43,JPEG File Interchange Format,1.01,image/jpeg,Image (Raster),extension match jpg; byte match at [[0 14] [995480 2]],,2672,3226,8,918,"8 - Langbroek, 1908-1949/8_918/8_918_0020.jpg"
"8 - Langbroek, 1908-1949/8_918/8_918_0021.jpg",437449,2026-03-02T13:03:41Z,,ddd39b199a1d3c7a66c75c2d50f00bb2,pronom,fmt/43,JPEG File Interchange Format,1.01,image/jpeg,Image (Raster),extension match jpg; byte match at [[0 14] [437447 2]],,1718,2658,8,918,"8 - Langbroek, 1908-1949/8_918/8_918_0021.jpg"
"8 - Langbroek, 1908-1949/8_918/8_918_0022.jpg",857997,2026-03-02T13:03:41Z,,e1887d3451f6c0c4deca7d242f91ef5c,pronom,fmt/43,JPEG File Interchange Format,1.01,image/jpeg,Image (Raster),extension match jpg; byte match at [[0 14] [857995 2]],,2610,3200,8,918,"8 - Langbroek, 1908-1949/8_918/8_918_0022.jpg"
"8 - Langbroek, 1908-1949/8_918/8_918_0023.jpg",879277,2026-03-02T13:03:41Z,,fcf25a16323e84c76055304bdebbea20,pronom,fmt/43,JPEG File Interchange Format,1.01,image/jpeg,Image (Raster),extension match jpg; byte match at [[0 14] [879275 2]],,2639,3179,8,918,"8 - Langbroek, 1908-1949/8_918/8_918_0023.jpg"
"8 - Langbroek, 1908-1949/8_918/8_918_0024.jpg",928584,2026-03-02T13:03:41Z,,fda3e28afbb2ad513f6fd43cb9515945,pronom,fmt/43,JPEG File Interchange Format,1.01,image/jpeg,Image (Raster),extension match jpg; byte match at [[0 14] [928582 2]],,2670,2950,8,918,"8 - Langbroek, 1908-1949/8_918/8_918_0024.jpg"
"8 - Langbroek, 1908-1949/8_918/8_918_0025.jpg",521316,2026-03-02T13:03:41Z,,5b8f570be4edd2678e48c24d9607e10c,pronom,fmt/43,JPEG File Interchange Format,1.01,image/jpeg,Image (Raster),extension match jpg; byte match at [[0 14] [521314 2]],,2602,1966,8,918,"8 - Langbroek, 1908-1949/8_918/8_918_0025.jpg"
"8 - Langbroek, 1908-1949/8_918/8_918_0026.jpg",817058,2026-03-02T13:03:41Z,,002102e76ba32af6ba0bed639c8eb114,pronom,fmt/43,JPEG File Interchange Format,1.01,image/jpeg,Image (Raster),extension match jpg; byte match at [[0 14] [817056 2]],,3490,2756,8,918,"8 - Langbroek, 1908-1949/8_918/8_918_0026.jpg"
"8 - Langbroek, 1908-1949/8_918/8_918_0027.jpg",383524,2026-03-02T13:03:41Z,,5c62c44433cc05e8a1adabda3274b3c0,pronom,fmt/43,JPEG File Interchange Format,1.01,image/jpeg,Image (Raster),extension match jpg; byte match at [[0 14] [383522 2]],,1696,2618,8,918,"8 - Langbroek, 1908-1949/8_918/8_918_0027.jpg"
"8 - Langbroek, 1908-1949/8_918/8_918_0028.jpg",534398,2026-03-02T13:03:41Z,,4b91e344a11bd2b4a1e1771919b12e82,pronom,fmt/43,JPEG File Interchange Format,1.01,image/jpeg,Image (Raster),extension match jpg; byte match at [[0 14] [534396 2]],,1699,2599,8,918,"8 - Langbroek, 1908-1949/8_918/8_918_0028.jpg"
"8 - Langbroek, 1908-1949/8_918/8_918_0029.jpg",846579,2026-03-02T13:03:41Z,,891f0d7a8b63892487a358797b9f3236,pronom,fmt/43,JPEG File Interchange Format,1.01,image/jpeg,Image (Raster),extension match jpg; byte match at [[0 14] [846577 2]],,2659,3359,8,918,"8 - Langbroek, 1908-1949/8_918/8_918_0029.jpg"
"8 - Langbroek, 1908-1949/8_918/8_918_0030.jpg",897814,2026-03-02T13:03:41Z,,26f61fe07fed56ebb1a3e9a9a43c8afc,pronom,fmt/43,JPEG File Interchange Format,1.01,image/jpeg,Image (Raster),extension match jpg; byte match at [[0 14] [897812 2]],,2689,3438,8,918,"8 - Langbroek, 1908-1949/8_918/8_918_0030.jpg"
"8 - Langbroek, 1908-1949/8_918/8_918_0031.jpg",884146,2026-03-02T13:03:41Z,,365a24ce694562215ca610719500ec2f,pronom,fmt/43,JPEG File Interchange Format,1.01,image/jpeg,Image (Raster),extension match jpg; byte match at [[0 14] [884144 2]],,2688,3440,8,918,"8 - Langbroek, 1908-1949/8_918/8_918_0031.jpg"
"8 - Langbroek, 1908-1949/8_918/8_918_0032.jpg",824560,2026-03-02T13:03:41Z,,39a258efaf8d622e9145eac576ca01e7,pronom,fmt/43,JPEG File Interchange Format,1.01,image/jpeg,Image (Raster),extension match jpg; byte match at [[0 14] [824558 2]],,2637,3192,8,918,"8 - Langbroek, 1908-1949/8_918/8_918_0032.jpg"
"8 - Langbroek, 1908-1949/8_918/8_918_0033.jpg",986719,2026-03-02T13:03:41Z,,a339ef7344ddf9618cfe987d6be82431,pronom,fmt/43,JPEG File Interchange Format,1.01,image/jpeg,Image (Raster),extension match jpg; byte match at [[0 14] [986717 2]],,2649,3281,8,918,"8 - Langbroek, 1908-1949/8_918/8_918_0033.jpg"
"8 - Langbroek, 1908-1949/8_918/8_918_0034.jpg",849887,2026-03-02T13:03:41Z,,49e2e81629303b18a0033a13d2766a9f,pronom,fmt/43,JPEG File Interchange Format,1.01,image/jpeg,Image (Raster),extension match jpg; byte match at [[0 14] [849885 2]],,2617,3083,8,918,"8 - Langbroek, 1908-1949/8_918/8_918_0034.jpg"
"8 - Langbroek, 1908-1949/8_918/8_918_0035.jpg",966598,2026-03-02T13:03:41Z,,32a97dedc7fefe06b3df093982244f15,pronom,fmt/43,JPEG File Interchange Format,1.01,image/jpeg,Image (Raster),extension match jpg; byte match at [[0 14] [966596 2]],,2669,3079,8,918,"8 - Langbroek, 1908-1949/8_918/8_918_0035.jpg"
"8 - Langbroek, 1908-1949/8_918/8_918_0036.jpg",1027921,2026-03-02T13:03:41Z,,5fa304bbf0b38c65afd11c24c183dc9a,pronom,fmt/43,JPEG File Interchange Format,1.01,image/jpeg,Image (Raster),extension match jpg; byte match at [[0 14] [1027919 2]],,2643,3238,8,918,"8 - Langbroek, 1908-1949/8_918/8_918_0036.jpg"
"8 - Langbroek, 1908-1949/8_918/8_918_0037.jpg",735709,2026-03-02T13:03:41Z,,2c85141cff4a54b83c1e6d29a241df82,pronom,fmt/43,JPEG File Interchange Format,1.01,image/jpeg,Image (Raster),extension match jpg; byte match at [[0 14] [735707 2]],,2118,3257,8,918,"8 - Langbroek, 1908-1949/8_918/8_918_0037.jpg"
"8 - Langbroek, 1908-1949/8_918/8_918_0038.jpg",623186,2026-03-02T13:03:41Z,,2bb5a842ca5fdea34e4af72b9d47782e,pronom,fmt/43,JPEG File Interchange Format,1.01,image/jpeg,Image (Raster),extension match jpg; byte match at [[0 14] [623184 2]],,2591,2069,8,918,"8 - Langbroek, 1908-1949/8_918/8_918_0038.jpg"
"8 - Langbroek, 1908-1949/8_918/8_918_0039.jpg",777987,2026-03-02T13:03:41Z,,6d3316d4aef9680c2e3fc63af72bded5,pronom,fmt/43,JPEG File Interchange Format,1.01,image/jpeg,Image (Raster),extension match jpg; byte match at [[0 14] [777985 2]],,2616,3168,8,918,"8 - Langbroek, 1908-1949/8_918/8_918_0039.jpg"
"8 - Langbroek, 1908-1949/8_918/8_918_0040.jpg",925851,2026-03-02T13:03:41Z,,10852cd31404deb7e41982948bf2a8a8,pronom,fmt/43,JPEG File Interchange Format,1.01,image/jpeg,Image (Raster),extension match jpg; byte match at [[0 14] [925849 2]],,2555,3598,8,918,"8 - Langbroek, 1908-1949/8_918/8_918_0040.jpg"
"8 - Langbroek, 1908-1949/8_918/8_918_0041.jpg",264554,2026-03-02T13:03:41Z,,82778184d69555b239aacf6c49c32504,pronom,fmt/43,JPEG File Interchange Format,1.01,image/jpeg,Image (Raster),extension match jpg; byte match at [[0 14] [264552 2]],,1316,1980,8,918,"8 - Langbroek, 1908-1949/8_918/8_918_0041.jpg"
"8 - Langbroek, 1908-1949/8_918/8_918_0042.jpg",1003397,2026-03-02T13:03:41Z,,d4348ea375dfaab53af49a1aadcb388a,pronom,fmt/43,JPEG File Interchange Format,1.01,image/jpeg,Image (Raster),extension match jpg; byte match at [[0 14] [1003395 2]],,2680,4040,8,918,"8 - Langbroek, 1908-1949/8_918/8_918_0042.jpg"
"8 - Langbroek, 1908-1949/8_918/8_918_0043.jpg",1612472,2026-03-02T13:03:41Z,,f540c03d2e22f92a7c09a148766a0a1c,pronom,fmt/43,JPEG File Interchange Format,1.01,image/jpeg,Image (Raster),extension match jpg; byte match at [[0 14] [1612470 2]],,5251,4041,8,918,"8 - Langbroek, 1908-1949/8_918/8_918_0043.jpg"
"8 - Langbroek, 1908-1949/8_918/8_918_0044.jpg",1039534,2026-03-02T13:03:41Z,,3d90cf2a0a99680d6e089e698bac1aa5,pronom,fmt/43,JPEG File Interchange Format,1.01,image/jpeg,Image (Raster),extension match jpg; byte match at [[0 14] [1039532 2]],,2691,4030,8,918,"8 - Langbroek, 1908-1949/8_918/8_918_0044.jpg"
"8 - Langbroek, 1908-1949/8_918/8_918_0045.jpg",985187,2026-03-02T13:03:41Z,,b6b4cc12b2b071b7cccafa69d493b1fe,pronom,fmt/43,JPEG File Interchange Format,1.01,image/jpeg,Image (Raster),extension match jpg; byte match at [[0 14] [985185 2]],,2570,3614,8,918,"8 - Langbroek, 1908-1949/8_918/8_918_0045.jpg"
"8 - Langbroek, 1908-1949/8_918/8_918_0046.jpg",418581,2026-03-02T13:03:41Z,,a2d5a4e00d83b578734a7c4344712ab0,pronom,fmt/43,JPEG File Interchange Format,1.01,image/jpeg,Image (Raster),extension match jpg; byte match at [[0 14] [418579 2]],,1660,2561,8,918,"8 - Langbroek, 1908-1949/8_918/8_918_0046.jpg"
"8 - Langbroek, 1908-1949/8_918/8_918_0047.jpg",885583,2026-03-02T13:03:41Z,,c95bf8f61b6250d8d2d317cd82e2f36e,pronom,fmt/43,JPEG File Interchange Format,1.01,image/jpeg,Image (Raster),extension match jpg; byte match at [[0 14] [885581 2]],,2573,3613,8,918,"8 - Langbroek, 1908-1949/8_918/8_918_0047.jpg"
"8 - Langbroek, 1908-1949/8_918/8_918_0048.jpg",524391,2026-03-02T13:03:41Z,,b708f6ddd0dca9ad48ab860a5549fcc5,pronom,fmt/43,JPEG File Interchange Format,1.01,image/jpeg,Image (Raster),extension match jpg; byte match at [[0 14] [524389 2]],,2010,2595,8,918,"8 - Langbroek, 1908-1949/8_918/8_918_0048.jpg"
"8 - Langbroek, 1908-1949/8_918/8_918_0049.jpg",5269462,2026-03-02T13:03:41Z,,567b00b01f6f3d4adf87289782a40ea3,pronom,fmt/43,JPEG File Interchange Format,1.01,image/jpeg,Image (Raster),extension match jpg; byte match at [[0 14] [5269460 2]],,5559,4679,8,918,"8 - Langbroek, 1908-1949/8_918/8_918_0049.jpg"
"8 - Langbroek, 1908-1949/8_918/8_918_0050.jpg",985477,2026-03-02T13:03:41Z,,df67fe55ea94d476549057111b9517a6,pronom,fmt/43,JPEG File Interchange Format,1.01,image/jpeg,Image (Raster),extension match jpg; byte match at [[0 14] [985475 2]],,2572,3606,8,918,"8 - Langbroek, 1908-1949/8_918/8_918_0050.jpg"
"8 - Langbroek, 1908-1949/8_918/8_918_0051.jpg",814501,2026-03-02T13:03:41Z,,d1c0430eea44bbd2392b7a9d12c253e0,pronom,fmt/43,JPEG File Interchange Format,1.01,image/jpeg,Image (Raster),extension match jpg; byte match at [[0 14] [814499 2]],,2568,3599,8,918,"8 - Langbroek, 1908-1949/8_918/8_918_0051.jpg"
